,min_days_value,max_days_value,min_value,max_value,rate_value,bank_name,deposit_name,tool_type,regn,deposit_link,Пополнение счета,Частичное снятие,Пролонгация,date_parse
0,1,60,1.0,4999.0,0.01,Газпромбанк,Накопительный счет Онлайн,Накопительный счет,354,https://bankiros.ru/bank/gazprombank/deposits/nakopitelnyj-scet-upravlaj-procentom-online,Есть,Есть,Нет,2025-07-01
1,1,60,5000.0,1500000.0,0.01,Газпромбанк,Накопительный счет Онлайн,Накопительный счет,354,https://bankiros.ru/bank/gazprombank/deposits/nakopitelnyj-scet-upravlaj-procentom-online,Есть,Есть,Нет,2025-07-01
2,1,60,1500010.0,999999999.0,20.5,Газпромбанк,Накопительный счет Онлайн,Накопительный счет,354,https://bankiros.ru/bank/gazprombank/deposits/nakopitelnyj-scet-upravlaj-procentom-online,Есть,Есть,Нет,2025-07-01
3,61,9999,1.0,4999.0,10.0,Газпромбанк,Накопительный счет Онлайн,Накопительный счет,354,https://bankiros.ru/bank/gazprombank/deposits/nakopitelnyj-scet-upravlaj-procentom-online,Есть,Есть,Нет,2025-07-01
4,61,9999,5000.0,1500000.0,10.0,Газпромбанк,Накопительный счет Онлайн,Накопительный счет,354,https://bankiros.ru/bank/gazprombank/deposits/nakopitelnyj-scet-upravlaj-procentom-online,Есть,Есть,Нет,2025-07-01
5,61,9999,1500010.0,999999999.0,10.0,Газпромбанк,Накопительный счет Онлайн,Накопительный счет,354,https://bankiros.ru/bank/gazprombank/deposits/nakopitelnyj-scet-upravlaj-procentom-online,Есть,Есть,Нет,2025-07-01
6,31,90,15000.0,1500000.0,18.0,Газпромбанк,В Балансе,Вклад,354,https://bankiros.ru/bank/gazprombank/deposits/v-balanse,Нет,Нет,Есть,2025-07-01
7,91,119,15000.0,1500000.0,19.0,Газпромбанк,В Балансе,Вклад,354,https://bankiros.ru/bank/gazprombank/deposits/v-balanse,Нет,Нет,Есть,2025-07-01
8,120,180,15000.0,1500000.0,18.2,Газпромбанк,В Балансе,Вклад,354,https://bankiros.ru/bank/gazprombank/deposits/v-balanse,Нет,Нет,Есть,2025-07-01
9,181,212,15000.0,1500000.0,18.2,Газпромбанк,В Балансе,Вклад,354,https://bankiros.ru/bank/gazprombank/deposits/v-balanse,Нет,Нет,Есть,2025-07-01
10,213,366,15000.0,1500000.0,18.0,Газпромбанк,В Балансе,Вклад,354,https://bankiros.ru/bank/gazprombank/deposits/v-balanse,Нет,Нет,Есть,2025-07-01
11,367,547,15000.0,1500000.0,16.5,Газпромбанк,В Балансе,Вклад,354,https://bankiros.ru/bank/gazprombank/deposits/v-balanse,Нет,Нет,Есть,2025-07-01
12,548,730,15000.0,1500000.0,15.0,Газпромбанк,В Балансе,Вклад,354,https://bankiros.ru/bank/gazprombank/deposits/v-balanse,Нет,Нет,Есть,2025-07-01
13,731,1094,15000.0,1500000.0,15.0,Газпромбанк,В Балансе,Вклад,354,https://bankiros.ru/bank/gazprombank/deposits/v-balanse,Нет,Нет,Есть,2025-07-01
14,1095,9999,15000.0,1500000.0,14.5,Газпромбанк,В Балансе,Вклад,354,https://bankiros.ru/bank/gazprombank/deposits/v-balanse,Нет,Нет,Есть,2025-07-01
15,181,366,50000.0,999999999.0,23.3,Газпромбанк,Газпромбанк – На вершине,Вклад,354,https://bankiros.ru/bank/gazprombank/deposits/gazprombank-na-versine,Нет,Нет,Нет,2025-07-01
16,367,9999,50000.0,999999999.0,23.0,Газпромбанк,Газпромбанк – На вершине,Вклад,354,https://bankiros.ru/bank/gazprombank/deposits/gazprombank-na-versine,Нет,Нет,Нет,2025-07-01
17,1,60,1.0,4999.0,0.01,Газпромбанк,Накопительный счет,Накопительный счет,354,https://bankiros.ru/bank/gazprombank/deposits/nakopitelnyj-scet-upravlaj-procentom,Есть,Есть,Есть,2025-07-01
18,1,60,5000.0,1500000.0,0.01,Газпромбанк,Накопительный счет,Накопительный счет,354,https://bankiros.ru/bank/gazprombank/deposits/nakopitelnyj-scet-upravlaj-procentom,Есть,Есть,Есть,2025-07-01
19,1,60,1500010.0,999999999.0,20.5,Газпромбанк,Накопительный счет,Накопительный счет,354,https://bankiros.ru/bank/gazprombank/deposits/nakopitelnyj-scet-upravlaj-procentom,Есть,Есть,Есть,2025-07-01
20,61,9999,1.0,4999.0,10.0,Газпромбанк,Накопительный счет,Накопительный счет,354,https://bankiros.ru/bank/gazprombank/deposits/nakopitelnyj-scet-upravlaj-procentom,Есть,Есть,Есть,2025-07-01
21,61,9999,5000.0,1500000.0,10.0,Газпромбанк,Накопительный счет,Накопительный счет,354,https://bankiros.ru/bank/gazprombank/deposits/nakopitelnyj-scet-upravlaj-procentom,Есть,Есть,Есть,2025-07-01
22,61,9999,1500010.0,999999999.0,10.0,Газпромбанк,Накопительный счет,Накопительный счет,354,https://bankiros.ru/bank/gazprombank/deposits/nakopitelnyj-scet-upravlaj-procentom,Есть,Есть,Есть,2025-07-01
23,1,91,0.0,999999999.0,,Газпромбанк,Накопительный счет «Премиум»,Накопительный счет,354,https://bankiros.ru/bank/gazprombank/deposits/nakopitelnyj-scet-224,Есть,Есть,Нет,2025-07-01
24,1,91,1.0,10000000.0,6.0,Газпромбанк,Накопительный счет «Премиум»,Накопительный счет,354,https://bankiros.ru/bank/gazprombank/deposits/nakopitelnyj-scet-224,Есть,Есть,Нет,2025-07-01
25,92,9999,0.0,999999999.0,20.5,Газпромбанк,Накопительный счет «Премиум»,Накопительный счет,354,https://bankiros.ru/bank/gazprombank/deposits/nakopitelnyj-scet-224,Есть,Есть,Нет,2025-07-01
26,92,9999,1.0,10000000.0,,Газпромбанк,Накопительный счет «Премиум»,Накопительный счет,354,https://bankiros.ru/bank/gazprombank/deposits/nakopitelnyj-scet-224,Есть,Есть,Нет,2025-07-01
27,1,60,0.0,999999999.0,19.5,Газпромбанк, «Ежедневный процент»,Накопительный счет,354,https://bankiros.ru/bank/gazprombank/deposits/nakopitelnyj-scet-11,Есть,Есть,Нет,2025-07-01
28,61,9999,0.0,999999999.0,10.0,Газпромбанк, «Ежедневный процент»,Накопительный счет,354,https://bankiros.ru/bank/gazprombank/deposits/nakopitelnyj-scet-11,Есть,Есть,Нет,2025-07-01
29,31,90,1500000.0,5000000.0,18.0,Газпромбанк,В Балансе 2.0,Вклад,354,https://bankiros.ru/bank/gazprombank/deposits/v-balanse-3,Нет,Нет,Есть,2025-07-01
30,91,119,1500000.0,5000000.0,19.0,Газпромбанк,В Балансе 2.0,Вклад,354,https://bankiros.ru/bank/gazprombank/deposits/v-balanse-3,Нет,Нет,Есть,2025-07-01
31,120,180,1500000.0,5000000.0,18.2,Газпромбанк,В Балансе 2.0,Вклад,354,https://bankiros.ru/bank/gazprombank/deposits/v-balanse-3,Нет,Нет,Есть,2025-07-01
32,181,212,1500000.0,5000000.0,18.2,Газпромбанк,В Балансе 2.0,Вклад,354,https://bankiros.ru/bank/gazprombank/deposits/v-balanse-3,Нет,Нет,Есть,2025-07-01
33,213,366,1500000.0,5000000.0,18.0,Газпромбанк,В Балансе 2.0,Вклад,354,https://bankiros.ru/bank/gazprombank/deposits/v-balanse-3,Нет,Нет,Есть,2025-07-01
34,367,547,1500000.0,5000000.0,16.5,Газпромбанк,В Балансе 2.0,Вклад,354,https://bankiros.ru/bank/gazprombank/deposits/v-balanse-3,Нет,Нет,Есть,2025-07-01
35,548,730,1500000.0,5000000.0,15.0,Газпромбанк,В Балансе 2.0,Вклад,354,https://bankiros.ru/bank/gazprombank/deposits/v-balanse-3,Нет,Нет,Есть,2025-07-01
36,731,1094,1500000.0,5000000.0,15.0,Газпромбанк,В Балансе 2.0,Вклад,354,https://bankiros.ru/bank/gazprombank/deposits/v-balanse-3,Нет,Нет,Есть,2025-07-01
37,1095,9999,1500000.0,5000000.0,14.5,Газпромбанк,В Балансе 2.0,Вклад,354,https://bankiros.ru/bank/gazprombank/deposits/v-balanse-3,Нет,Нет,Есть,2025-07-01
38,91,119,15000.0,999999999.0,18.5,Газпромбанк,Особый,Вклад,354,https://bankiros.ru/bank/gazprombank/deposits/osobyj-14,Нет,Нет,Есть,2025-07-01
39,120,180,15000.0,999999999.0,18.2,Газпромбанк,Особый,Вклад,354,https://bankiros.ru/bank/gazprombank/deposits/osobyj-14,Нет,Нет,Есть,2025-07-01
40,181,212,15000.0,999999999.0,18.2,Газпромбанк,Особый,Вклад,354,https://bankiros.ru/bank/gazprombank/deposits/osobyj-14,Нет,Нет,Есть,2025-07-01
41,213,366,15000.0,999999999.0,18.0,Газпромбанк,Особый,Вклад,354,https://bankiros.ru/bank/gazprombank/deposits/osobyj-14,Нет,Нет,Есть,2025-07-01
42,367,9999,15000.0,999999999.0,16.5,Газпромбанк,Особый,Вклад,354,https://bankiros.ru/bank/gazprombank/deposits/osobyj-14,Нет,Нет,Есть,2025-07-01
43,91,119,15000.0,10000000.0,18.5,Газпромбанк,Новые деньги,Вклад,354,https://bankiros.ru/bank/gazprombank/deposits/novye-dengi,Нет,Нет,Есть,2025-07-01
44,120,180,15000.0,10000000.0,18.2,Газпромбанк,Новые деньги,Вклад,354,https://bankiros.ru/bank/gazprombank/deposits/novye-dengi,Нет,Нет,Есть,2025-07-01
45,181,212,15000.0,10000000.0,18.2,Газпромбанк,Новые деньги,Вклад,354,https://bankiros.ru/bank/gazprombank/deposits/novye-dengi,Нет,Нет,Есть,2025-07-01
46,213,366,15000.0,10000000.0,18.0,Газпромбанк,Новые деньги,Вклад,354,https://bankiros.ru/bank/gazprombank/deposits/novye-dengi,Нет,Нет,Есть,2025-07-01
47,367,547,15000.0,10000000.0,16.6,Газпромбанк,Новые деньги,Вклад,354,https://bankiros.ru/bank/gazprombank/deposits/novye-dengi,Нет,Нет,Есть,2025-07-01
48,548,730,15000.0,10000000.0,15.0,Газпромбанк,Новые деньги,Вклад,354,https://bankiros.ru/bank/gazprombank/deposits/novye-dengi,Нет,Нет,Есть,2025-07-01
49,731,1094,15000.0,10000000.0,15.0,Газпромбанк,Новые деньги,Вклад,354,https://bankiros.ru/bank/gazprombank/deposits/novye-dengi,Нет,Нет,Есть,2025-07-01
50,1095,9999,15000.0,10000000.0,14.5,Газпромбанк,Новые деньги,Вклад,354,https://bankiros.ru/bank/gazprombank/deposits/novye-dengi,Нет,Нет,Есть,2025-07-01
51,31,90,15000.0,999999999.0,17.0,Газпромбанк,В Плюсе (% в конце срока),Вклад,354,https://bankiros.ru/bank/gazprombank/deposits/v-pluse-16,Нет,Нет,Есть,2025-07-01
52,91,119,15000.0,999999999.0,18.5,Газпромбанк,В Плюсе (% в конце срока),Вклад,354,https://bankiros.ru/bank/gazprombank/deposits/v-pluse-16,Нет,Нет,Есть,2025-07-01
53,120,180,15000.0,999999999.0,18.2,Газпромбанк,В Плюсе (% в конце срока),Вклад,354,https://bankiros.ru/bank/gazprombank/deposits/v-pluse-16,Нет,Нет,Есть,2025-07-01
54,181,212,15000.0,999999999.0,18.2,Газпромбанк,В Плюсе (% в конце срока),Вклад,354,https://bankiros.ru/bank/gazprombank/deposits/v-pluse-16,Нет,Нет,Есть,2025-07-01
55,213,366,15000.0,999999999.0,18.0,Газпромбанк,В Плюсе (% в конце срока),Вклад,354,https://bankiros.ru/bank/gazprombank/deposits/v-pluse-16,Нет,Нет,Есть,2025-07-01
56,367,547,15000.0,999999999.0,16.5,Газпромбанк,В Плюсе (% в конце срока),Вклад,354,https://bankiros.ru/bank/gazprombank/deposits/v-pluse-16,Нет,Нет,Есть,2025-07-01
57,548,730,15000.0,999999999.0,15.0,Газпромбанк,В Плюсе (% в конце срока),Вклад,354,https://bankiros.ru/bank/gazprombank/deposits/v-pluse-16,Нет,Нет,Есть,2025-07-01
58,731,1094,15000.0,999999999.0,15.0,Газпромбанк,В Плюсе (% в конце срока),Вклад,354,https://bankiros.ru/bank/gazprombank/deposits/v-pluse-16,Нет,Нет,Есть,2025-07-01
59,1095,9999,15000.0,999999999.0,14.5,Газпромбанк,В Плюсе (% в конце срока),Вклад,354,https://bankiros.ru/bank/gazprombank/deposits/v-pluse-16,Нет,Нет,Есть,2025-07-01
60,1,9999,0.0,999999999.0,18.0,Газпромбанк, Накопительный счет «Простой процент»,Вклад,354,https://bankiros.ru/bank/gazprombank/deposits/prostoj-procent,Есть,Есть,Нет,2025-07-01
61,31,90,15000.0,999999999.0,17.0,Газпромбанк,Копить (% в конце срока),Вклад,354,https://bankiros.ru/bank/gazprombank/deposits/kopit,Нет,Нет,Есть,2025-07-01
62,91,119,15000.0,999999999.0,17.7,Газпромбанк,Копить (% в конце срока),Вклад,354,https://bankiros.ru/bank/gazprombank/deposits/kopit,Нет,Нет,Есть,2025-07-01
63,120,180,15000.0,999999999.0,17.7,Газпромбанк,Копить (% в конце срока),Вклад,354,https://bankiros.ru/bank/gazprombank/deposits/kopit,Нет,Нет,Есть,2025-07-01
64,181,366,15000.0,999999999.0,17.7,Газпромбанк,Копить (% в конце срока),Вклад,354,https://bankiros.ru/bank/gazprombank/deposits/kopit,Нет,Нет,Есть,2025-07-01
65,367,730,15000.0,999999999.0,16.5,Газпромбанк,Копить (% в конце срока),Вклад,354,https://bankiros.ru/bank/gazprombank/deposits/kopit,Нет,Нет,Есть,2025-07-01
66,731,1094,15000.0,999999999.0,8.8,Газпромбанк,Копить (% в конце срока),Вклад,354,https://bankiros.ru/bank/gazprombank/deposits/kopit,Нет,Нет,Есть,2025-07-01
67,1095,9999,15000.0,999999999.0,12.0,Газпромбанк,Копить (% в конце срока),Вклад,354,https://bankiros.ru/bank/gazprombank/deposits/kopit,Нет,Нет,Есть,2025-07-01
68,31,90,15000.0,999999999.0,16.5,Газпромбанк,В Плюсе (% ежемесячно),Вклад,354,https://bankiros.ru/bank/gazprombank/deposits/v-pluse-8,Нет,Нет,Есть,2025-07-01
69,91,119,15000.0,999999999.0,17.5,Газпромбанк,В Плюсе (% ежемесячно),Вклад,354,https://bankiros.ru/bank/gazprombank/deposits/v-pluse-8,Нет,Нет,Есть,2025-07-01
70,120,180,15000.0,999999999.0,17.25,Газпромбанк,В Плюсе (% ежемесячно),Вклад,354,https://bankiros.ru/bank/gazprombank/deposits/v-pluse-8,Нет,Нет,Есть,2025-07-01
71,181,212,15000.0,999999999.0,17.4,Газпромбанк,В Плюсе (% ежемесячно),Вклад,354,https://bankiros.ru/bank/gazprombank/deposits/v-pluse-8,Нет,Нет,Есть,2025-07-01
72,213,366,15000.0,999999999.0,17.4,Газпромбанк,В Плюсе (% ежемесячно),Вклад,354,https://bankiros.ru/bank/gazprombank/deposits/v-pluse-8,Нет,Нет,Есть,2025-07-01
73,367,547,15000.0,999999999.0,15.7,Газпромбанк,В Плюсе (% ежемесячно),Вклад,354,https://bankiros.ru/bank/gazprombank/deposits/v-pluse-8,Нет,Нет,Есть,2025-07-01
74,548,730,15000.0,999999999.0,14.5,Газпромбанк,В Плюсе (% ежемесячно),Вклад,354,https://bankiros.ru/bank/gazprombank/deposits/v-pluse-8,Нет,Нет,Есть,2025-07-01
75,731,1094,15000.0,999999999.0,9.1,Газпромбанк,В Плюсе (% ежемесячно),Вклад,354,https://bankiros.ru/bank/gazprombank/deposits/v-pluse-8,Нет,Нет,Есть,2025-07-01
76,1095,9999,15000.0,999999999.0,12.0,Газпромбанк,В Плюсе (% ежемесячно),Вклад,354,https://bankiros.ru/bank/gazprombank/deposits/v-pluse-8,Нет,Нет,Есть,2025-07-01
77,31,90,15000.0,999999999.0,16.5,Газпромбанк,Копить (% ежемесячно),Вклад,354,https://bankiros.ru/bank/gazprombank/deposits/gazprombank---sberezheniya,Нет,Нет,Есть,2025-07-01
78,91,119,15000.0,999999999.0,17.25,Газпромбанк,Копить (% ежемесячно),Вклад,354,https://bankiros.ru/bank/gazprombank/deposits/gazprombank---sberezheniya,Нет,Нет,Есть,2025-07-01
79,120,180,15000.0,999999999.0,16.9,Газпромбанк,Копить (% ежемесячно),Вклад,354,https://bankiros.ru/bank/gazprombank/deposits/gazprombank---sberezheniya,Нет,Нет,Есть,2025-07-01
80,181,366,15000.0,999999999.0,16.81,Газпромбанк,Копить (% ежемесячно),Вклад,354,https://bankiros.ru/bank/gazprombank/deposits/gazprombank---sberezheniya,Нет,Нет,Есть,2025-07-01
81,367,730,15000.0,999999999.0,14.67,Газпромбанк,Копить (% ежемесячно),Вклад,354,https://bankiros.ru/bank/gazprombank/deposits/gazprombank---sberezheniya,Нет,Нет,Есть,2025-07-01
82,731,1094,15000.0,999999999.0,7.83,Газпромбанк,Копить (% ежемесячно),Вклад,354,https://bankiros.ru/bank/gazprombank/deposits/gazprombank---sberezheniya,Нет,Нет,Есть,2025-07-01
83,1095,9999,15000.0,999999999.0,9.66,Газпромбанк,Копить (% ежемесячно),Вклад,354,https://bankiros.ru/bank/gazprombank/deposits/gazprombank---sberezheniya,Нет,Нет,Есть,2025-07-01
84,181,366,300000.0,999999999.0,15.5,Газпромбанк,Корпоративный,Вклад,354,https://bankiros.ru/bank/gazprombank/deposits/korporativnyj,Нет,Нет,Нет,2025-07-01
85,367,730,300000.0,999999999.0,10.5,Газпромбанк,Корпоративный,Вклад,354,https://bankiros.ru/bank/gazprombank/deposits/korporativnyj,Нет,Нет,Нет,2025-07-01
86,731,9999,300000.0,999999999.0,8.8,Газпромбанк,Корпоративный,Вклад,354,https://bankiros.ru/bank/gazprombank/deposits/korporativnyj,Нет,Нет,Нет,2025-07-01
87,91,180,100000.0,10000000.0,12.5,Газпромбанк,Газпромбанк онлайн,Вклад,354,https://bankiros.ru/bank/gazprombank/deposits/gazprombank-onlajn,Нет,Нет,Нет,2025-07-01
88,181,366,100000.0,10000000.0,13.5,Газпромбанк,Газпромбанк онлайн,Вклад,354,https://bankiros.ru/bank/gazprombank/deposits/gazprombank-onlajn,Нет,Нет,Нет,2025-07-01
89,367,730,100000.0,10000000.0,12.01,Газпромбанк,Газпромбанк онлайн,Вклад,354,https://bankiros.ru/bank/gazprombank/deposits/gazprombank-onlajn,Нет,Нет,Нет,2025-07-01
90,731,1094,100000.0,10000000.0,8.8,Газпромбанк,Газпромбанк онлайн,Вклад,354,https://bankiros.ru/bank/gazprombank/deposits/gazprombank-onlajn,Нет,Нет,Нет,2025-07-01
91,1095,9999,100000.0,10000000.0,11.75,Газпромбанк,Газпромбанк онлайн,Вклад,354,https://bankiros.ru/bank/gazprombank/deposits/gazprombank-onlajn,Нет,Нет,Нет,2025-07-01
92,181,366,50000.0,999999999.0,23.3,Газпромбанк,Инвестировать,Вклад,354,https://bankiros.ru/bank/gazprombank/deposits/gazprombank-perspektiva,Нет,Нет,Нет,2025-07-01
93,367,9999,50000.0,999999999.0,23.0,Газпромбанк,Инвестировать,Вклад,354,https://bankiros.ru/bank/gazprombank/deposits/gazprombank-perspektiva,Нет,Нет,Нет,2025-07-01
94,367,9999,500.0,999999999.0,2.6,Газпромбанк,Пенсионный доход,Вклад,354,https://bankiros.ru/bank/gazprombank/deposits/gazprombank---pensionnyy,Есть,Есть,Есть,2025-07-01
95,30,60,100000.0,999999999.0,16.0,СберБанк,Лучший %,Вклад,1481,https://bankiros.ru/bank/sberbank/deposits/lucsij-38,Нет,Нет,Есть,2025-07-01
96,61,90,100000.0,999999999.0,16.0,СберБанк,Лучший %,Вклад,1481,https://bankiros.ru/bank/sberbank/deposits/lucsij-38,Нет,Нет,Есть,2025-07-01
97,91,121,100000.0,999999999.0,17.0,СберБанк,Лучший %,Вклад,1481,https://bankiros.ru/bank/sberbank/deposits/lucsij-38,Нет,Нет,Есть,2025-07-01
98,122,151,100000.0,999999999.0,18.0,СберБанк,Лучший %,Вклад,1481,https://bankiros.ru/bank/sberbank/deposits/lucsij-38,Нет,Нет,Есть,2025-07-01
99,152,181,100000.0,999999999.0,18.0,СберБанк,Лучший %,Вклад,1481,https://bankiros.ru/bank/sberbank/deposits/lucsij-38,Нет,Нет,Есть,2025-07-01
100,182,212,100000.0,999999999.0,17.0,СберБанк,Лучший %,Вклад,1481,https://bankiros.ru/bank/sberbank/deposits/lucsij-38,Нет,Нет,Есть,2025-07-01
101,213,242,100000.0,999999999.0,17.0,СберБанк,Лучший %,Вклад,1481,https://bankiros.ru/bank/sberbank/deposits/lucsij-38,Нет,Нет,Есть,2025-07-01
102,243,272,100000.0,999999999.0,17.0,СберБанк,Лучший %,Вклад,1481,https://bankiros.ru/bank/sberbank/deposits/lucsij-38,Нет,Нет,Есть,2025-07-01
103,273,303,100000.0,999999999.0,16.0,СберБанк,Лучший %,Вклад,1481,https://bankiros.ru/bank/sberbank/deposits/lucsij-38,Нет,Нет,Есть,2025-07-01
104,304,333,100000.0,999999999.0,16.0,СберБанк,Лучший %,Вклад,1481,https://bankiros.ru/bank/sberbank/deposits/lucsij-38,Нет,Нет,Есть,2025-07-01
105,334,364,100000.0,999999999.0,16.0,СберБанк,Лучший %,Вклад,1481,https://bankiros.ru/bank/sberbank/deposits/lucsij-38,Нет,Нет,Есть,2025-07-01
106,365,546,100000.0,999999999.0,16.0,СберБанк,Лучший %,Вклад,1481,https://bankiros.ru/bank/sberbank/deposits/lucsij-38,Нет,Нет,Есть,2025-07-01
107,547,729,100000.0,999999999.0,11.5,СберБанк,Лучший %,Вклад,1481,https://bankiros.ru/bank/sberbank/deposits/lucsij-38,Нет,Нет,Есть,2025-07-01
108,730,1094,100000.0,999999999.0,11.5,СберБанк,Лучший %,Вклад,1481,https://bankiros.ru/bank/sberbank/deposits/lucsij-38,Нет,Нет,Есть,2025-07-01
109,1095,9999,100000.0,999999999.0,9.0,СберБанк,Лучший %,Вклад,1481,https://bankiros.ru/bank/sberbank/deposits/lucsij-38,Нет,Нет,Есть,2025-07-01
110,91,181,50000.0,999999999.0,20.0,СберБанк,Забота о будущем,Вклад,1481,https://bankiros.ru/bank/sberbank/deposits/zabota-o-budusem,Нет,Нет,Нет,2025-07-01
111,182,364,50000.0,999999999.0,20.0,СберБанк,Забота о будущем,Вклад,1481,https://bankiros.ru/bank/sberbank/deposits/zabota-o-budusem,Нет,Нет,Нет,2025-07-01
112,365,9999,50000.0,999999999.0,20.0,СберБанк,Забота о будущем,Вклад,1481,https://bankiros.ru/bank/sberbank/deposits/zabota-o-budusem,Нет,Нет,Нет,2025-07-01
113,30,60,100000.0,499999.0,15.6,СберБанк,СберВклад,Вклад,1481,https://bankiros.ru/bank/sberbank/deposits/sbervklad,Есть,Нет,Есть,2025-07-01
114,30,60,500000.0,999999.0,15.6,СберБанк,СберВклад,Вклад,1481,https://bankiros.ru/bank/sberbank/deposits/sbervklad,Есть,Нет,Есть,2025-07-01
115,30,60,1000000.0,999999999.0,16.6,СберБанк,СберВклад,Вклад,1481,https://bankiros.ru/bank/sberbank/deposits/sbervklad,Есть,Нет,Есть,2025-07-01
116,61,90,100000.0,499999.0,17.6,СберБанк,СберВклад,Вклад,1481,https://bankiros.ru/bank/sberbank/deposits/sbervklad,Есть,Нет,Есть,2025-07-01
117,61,90,500000.0,999999.0,17.6,СберБанк,СберВклад,Вклад,1481,https://bankiros.ru/bank/sberbank/deposits/sbervklad,Есть,Нет,Есть,2025-07-01
118,61,90,1000000.0,999999999.0,16.6,СберБанк,СберВклад,Вклад,1481,https://bankiros.ru/bank/sberbank/deposits/sbervklad,Есть,Нет,Есть,2025-07-01
119,91,121,100000.0,499999.0,16.6,СберБанк,СберВклад,Вклад,1481,https://bankiros.ru/bank/sberbank/deposits/sbervklad,Есть,Нет,Есть,2025-07-01
120,91,121,500000.0,999999.0,16.6,СберБанк,СберВклад,Вклад,1481,https://bankiros.ru/bank/sberbank/deposits/sbervklad,Есть,Нет,Есть,2025-07-01
121,91,121,1000000.0,999999999.0,15.6,СберБанк,СберВклад,Вклад,1481,https://bankiros.ru/bank/sberbank/deposits/sbervklad,Есть,Нет,Есть,2025-07-01
122,122,151,100000.0,499999.0,15.6,СберБанк,СберВклад,Вклад,1481,https://bankiros.ru/bank/sberbank/deposits/sbervklad,Есть,Нет,Есть,2025-07-01
123,122,151,500000.0,999999.0,15.6,СберБанк,СберВклад,Вклад,1481,https://bankiros.ru/bank/sberbank/deposits/sbervklad,Есть,Нет,Есть,2025-07-01
124,122,151,1000000.0,999999999.0,15.6,СберБанк,СберВклад,Вклад,1481,https://bankiros.ru/bank/sberbank/deposits/sbervklad,Есть,Нет,Есть,2025-07-01
125,152,181,100000.0,499999.0,11.1,СберБанк,СберВклад,Вклад,1481,https://bankiros.ru/bank/sberbank/deposits/sbervklad,Есть,Нет,Есть,2025-07-01
126,152,181,500000.0,999999.0,11.1,СберБанк,СберВклад,Вклад,1481,https://bankiros.ru/bank/sberbank/deposits/sbervklad,Есть,Нет,Есть,2025-07-01
127,152,181,1000000.0,999999999.0,8.6,СберБанк,СберВклад,Вклад,1481,https://bankiros.ru/bank/sberbank/deposits/sbervklad,Есть,Нет,Есть,2025-07-01
128,182,212,100000.0,499999.0,15.8,СберБанк,СберВклад,Вклад,1481,https://bankiros.ru/bank/sberbank/deposits/sbervklad,Есть,Нет,Есть,2025-07-01
129,182,212,500000.0,999999.0,15.8,СберБанк,СберВклад,Вклад,1481,https://bankiros.ru/bank/sberbank/deposits/sbervklad,Есть,Нет,Есть,2025-07-01
130,182,212,1000000.0,999999999.0,16.8,СберБанк,СберВклад,Вклад,1481,https://bankiros.ru/bank/sberbank/deposits/sbervklad,Есть,Нет,Есть,2025-07-01
131,213,242,100000.0,499999.0,17.8,СберБанк,СберВклад,Вклад,1481,https://bankiros.ru/bank/sberbank/deposits/sbervklad,Есть,Нет,Есть,2025-07-01
132,213,242,500000.0,999999.0,17.8,СберБанк,СберВклад,Вклад,1481,https://bankiros.ru/bank/sberbank/deposits/sbervklad,Есть,Нет,Есть,2025-07-01
133,213,242,1000000.0,999999999.0,16.8,СберБанк,СберВклад,Вклад,1481,https://bankiros.ru/bank/sberbank/deposits/sbervklad,Есть,Нет,Есть,2025-07-01
134,243,272,100000.0,499999.0,16.8,СберБанк,СберВклад,Вклад,1481,https://bankiros.ru/bank/sberbank/deposits/sbervklad,Есть,Нет,Есть,2025-07-01
135,243,272,500000.0,999999.0,16.8,СберБанк,СберВклад,Вклад,1481,https://bankiros.ru/bank/sberbank/deposits/sbervklad,Есть,Нет,Есть,2025-07-01
136,243,272,1000000.0,999999999.0,15.8,СберБанк,СберВклад,Вклад,1481,https://bankiros.ru/bank/sberbank/deposits/sbervklad,Есть,Нет,Есть,2025-07-01
137,273,303,100000.0,499999.0,15.8,СберБанк,СберВклад,Вклад,1481,https://bankiros.ru/bank/sberbank/deposits/sbervklad,Есть,Нет,Есть,2025-07-01
138,273,303,500000.0,999999.0,15.8,СберБанк,СберВклад,Вклад,1481,https://bankiros.ru/bank/sberbank/deposits/sbervklad,Есть,Нет,Есть,2025-07-01
139,273,303,1000000.0,999999999.0,15.8,СберБанк,СберВклад,Вклад,1481,https://bankiros.ru/bank/sberbank/deposits/sbervklad,Есть,Нет,Есть,2025-07-01
140,304,333,100000.0,499999.0,11.3,СберБанк,СберВклад,Вклад,1481,https://bankiros.ru/bank/sberbank/deposits/sbervklad,Есть,Нет,Есть,2025-07-01
141,304,333,500000.0,999999.0,11.3,СберБанк,СберВклад,Вклад,1481,https://bankiros.ru/bank/sberbank/deposits/sbervklad,Есть,Нет,Есть,2025-07-01
142,304,333,1000000.0,999999999.0,8.8,СберБанк,СберВклад,Вклад,1481,https://bankiros.ru/bank/sberbank/deposits/sbervklad,Есть,Нет,Есть,2025-07-01
143,334,364,100000.0,499999.0,16.0,СберБанк,СберВклад,Вклад,1481,https://bankiros.ru/bank/sberbank/deposits/sbervklad,Есть,Нет,Есть,2025-07-01
144,334,364,500000.0,999999.0,16.0,СберБанк,СберВклад,Вклад,1481,https://bankiros.ru/bank/sberbank/deposits/sbervklad,Есть,Нет,Есть,2025-07-01
145,334,364,1000000.0,999999999.0,17.0,СберБанк,СберВклад,Вклад,1481,https://bankiros.ru/bank/sberbank/deposits/sbervklad,Есть,Нет,Есть,2025-07-01
146,365,539,100000.0,499999.0,18.0,СберБанк,СберВклад,Вклад,1481,https://bankiros.ru/bank/sberbank/deposits/sbervklad,Есть,Нет,Есть,2025-07-01
147,365,539,500000.0,999999.0,18.0,СберБанк,СберВклад,Вклад,1481,https://bankiros.ru/bank/sberbank/deposits/sbervklad,Есть,Нет,Есть,2025-07-01
148,365,539,1000000.0,999999999.0,17.0,СберБанк,СберВклад,Вклад,1481,https://bankiros.ru/bank/sberbank/deposits/sbervklad,Есть,Нет,Есть,2025-07-01
149,540,729,100000.0,499999.0,17.0,СберБанк,СберВклад,Вклад,1481,https://bankiros.ru/bank/sberbank/deposits/sbervklad,Есть,Нет,Есть,2025-07-01
150,540,729,500000.0,999999.0,17.0,СберБанк,СберВклад,Вклад,1481,https://bankiros.ru/bank/sberbank/deposits/sbervklad,Есть,Нет,Есть,2025-07-01
151,540,729,1000000.0,999999999.0,16.0,СберБанк,СберВклад,Вклад,1481,https://bankiros.ru/bank/sberbank/deposits/sbervklad,Есть,Нет,Есть,2025-07-01
152,730,1094,100000.0,499999.0,16.0,СберБанк,СберВклад,Вклад,1481,https://bankiros.ru/bank/sberbank/deposits/sbervklad,Есть,Нет,Есть,2025-07-01
153,730,1094,500000.0,999999.0,16.0,СберБанк,СберВклад,Вклад,1481,https://bankiros.ru/bank/sberbank/deposits/sbervklad,Есть,Нет,Есть,2025-07-01
154,730,1094,1000000.0,999999999.0,16.0,СберБанк,СберВклад,Вклад,1481,https://bankiros.ru/bank/sberbank/deposits/sbervklad,Есть,Нет,Есть,2025-07-01
155,1095,9999,100000.0,499999.0,11.5,СберБанк,СберВклад,Вклад,1481,https://bankiros.ru/bank/sberbank/deposits/sbervklad,Есть,Нет,Есть,2025-07-01
156,1095,9999,500000.0,999999.0,11.5,СберБанк,СберВклад,Вклад,1481,https://bankiros.ru/bank/sberbank/deposits/sbervklad,Есть,Нет,Есть,2025-07-01
157,1095,9999,1000000.0,999999999.0,9.0,СберБанк,СберВклад,Вклад,1481,https://bankiros.ru/bank/sberbank/deposits/sbervklad,Есть,Нет,Есть,2025-07-01
158,1,9999,0.0,999999999.0,16.0,СберБанк,Накопительный счет,Накопительный счет,1481,https://bankiros.ru/bank/sberbank/deposits/nakopitelnyj-scet-51,Есть,Есть,Нет,2025-07-01
159,182,9999,30000.0,999999999.0,14.5,СберБанк,СберKids+,Вклад,1481,https://bankiros.ru/bank/sberbank/deposits/sberkids,Есть,Нет,Есть,2025-07-01
160,91,180,30000.0,999999.0,7.7,СберБанк,Управляй+,Вклад,1481,https://bankiros.ru/bank/sberbank/deposits/upravlaj-onljn,Есть,Есть,Есть,2025-07-01
161,91,180,1000000.0,9999999.0,6.2,СберБанк,Управляй+,Вклад,1481,https://bankiros.ru/bank/sberbank/deposits/upravlaj-onljn,Есть,Есть,Есть,2025-07-01
162,91,180,10000000.0,999999999.0,4.2,СберБанк,Управляй+,Вклад,1481,https://bankiros.ru/bank/sberbank/deposits/upravlaj-onljn,Есть,Есть,Есть,2025-07-01
163,181,364,30000.0,999999.0,8.2,СберБанк,Управляй+,Вклад,1481,https://bankiros.ru/bank/sberbank/deposits/upravlaj-onljn,Есть,Есть,Есть,2025-07-01
164,181,364,1000000.0,9999999.0,6.7,СберБанк,Управляй+,Вклад,1481,https://bankiros.ru/bank/sberbank/deposits/upravlaj-onljn,Есть,Есть,Есть,2025-07-01
165,181,364,10000000.0,999999999.0,4.7,СберБанк,Управляй+,Вклад,1481,https://bankiros.ru/bank/sberbank/deposits/upravlaj-onljn,Есть,Есть,Есть,2025-07-01
166,365,9999,30000.0,999999.0,8.7,СберБанк,Управляй+,Вклад,1481,https://bankiros.ru/bank/sberbank/deposits/upravlaj-onljn,Есть,Есть,Есть,2025-07-01
167,365,9999,1000000.0,9999999.0,7.2,СберБанк,Управляй+,Вклад,1481,https://bankiros.ru/bank/sberbank/deposits/upravlaj-onljn,Есть,Есть,Есть,2025-07-01
168,365,9999,10000000.0,999999999.0,5.2,СберБанк,Управляй+,Вклад,1481,https://bankiros.ru/bank/sberbank/deposits/upravlaj-onljn,Есть,Есть,Есть,2025-07-01
169,30,60,30000.0,999999999.0,16.0,СберБанк,Сбер Рядом,Вклад,1481,https://bankiros.ru/bank/sberbank/deposits/sber-radom,Нет,Нет,Есть,2025-07-01
170,61,90,30000.0,999999999.0,16.0,СберБанк,Сбер Рядом,Вклад,1481,https://bankiros.ru/bank/sberbank/deposits/sber-radom,Нет,Нет,Есть,2025-07-01
171,91,121,30000.0,999999999.0,17.0,СберБанк,Сбер Рядом,Вклад,1481,https://bankiros.ru/bank/sberbank/deposits/sber-radom,Нет,Нет,Есть,2025-07-01
172,122,151,30000.0,999999999.0,19.0,СберБанк,Сбер Рядом,Вклад,1481,https://bankiros.ru/bank/sberbank/deposits/sber-radom,Нет,Нет,Есть,2025-07-01
173,152,181,30000.0,999999999.0,19.0,СберБанк,Сбер Рядом,Вклад,1481,https://bankiros.ru/bank/sberbank/deposits/sber-radom,Нет,Нет,Есть,2025-07-01
174,182,212,30000.0,999999999.0,17.0,СберБанк,Сбер Рядом,Вклад,1481,https://bankiros.ru/bank/sberbank/deposits/sber-radom,Нет,Нет,Есть,2025-07-01
175,213,242,30000.0,999999999.0,17.0,СберБанк,Сбер Рядом,Вклад,1481,https://bankiros.ru/bank/sberbank/deposits/sber-radom,Нет,Нет,Есть,2025-07-01
176,243,272,30000.0,999999999.0,17.0,СберБанк,Сбер Рядом,Вклад,1481,https://bankiros.ru/bank/sberbank/deposits/sber-radom,Нет,Нет,Есть,2025-07-01
177,273,303,30000.0,999999999.0,16.0,СберБанк,Сбер Рядом,Вклад,1481,https://bankiros.ru/bank/sberbank/deposits/sber-radom,Нет,Нет,Есть,2025-07-01
178,304,333,30000.0,999999999.0,16.0,СберБанк,Сбер Рядом,Вклад,1481,https://bankiros.ru/bank/sberbank/deposits/sber-radom,Нет,Нет,Есть,2025-07-01
179,334,364,30000.0,999999999.0,16.0,СберБанк,Сбер Рядом,Вклад,1481,https://bankiros.ru/bank/sberbank/deposits/sber-radom,Нет,Нет,Есть,2025-07-01
180,365,546,30000.0,999999999.0,16.0,СберБанк,Сбер Рядом,Вклад,1481,https://bankiros.ru/bank/sberbank/deposits/sber-radom,Нет,Нет,Есть,2025-07-01
181,547,729,30000.0,999999999.0,11.5,СберБанк,Сбер Рядом,Вклад,1481,https://bankiros.ru/bank/sberbank/deposits/sber-radom,Нет,Нет,Есть,2025-07-01
182,730,1094,30000.0,999999999.0,11.5,СберБанк,Сбер Рядом,Вклад,1481,https://bankiros.ru/bank/sberbank/deposits/sber-radom,Нет,Нет,Есть,2025-07-01
183,1095,9999,30000.0,999999999.0,9.0,СберБанк,Сбер Рядом,Вклад,1481,https://bankiros.ru/bank/sberbank/deposits/sber-radom,Нет,Нет,Есть,2025-07-01
184,122,151,100000.0,999999999.0,18.0,СберБанк,Лучший %,Вклад,1481,https://bankiros.ru/bank/sberbank/deposits/lucsij-56,Нет,Нет,Есть,2025-07-01
185,152,9999,100000.0,999999999.0,18.0,СберБанк,Лучший %,Вклад,1481,https://bankiros.ru/bank/sberbank/deposits/lucsij-56,Нет,Нет,Есть,2025-07-01
186,61,90,50000.0,30000000.0,20.0,Т-Банк,СмартВклад,Вклад,2673,https://bankiros.ru/bank/tcs/deposits/smartvklad-s-povysennoj-stavkoj,Нет,Есть,Есть,2025-07-01
187,91,152,50000.0,30000000.0,17.5,Т-Банк,СмартВклад,Вклад,2673,https://bankiros.ru/bank/tcs/deposits/smartvklad-s-povysennoj-stavkoj,Нет,Есть,Есть,2025-07-01
188,182,212,50000.0,30000000.0,17.0,Т-Банк,СмартВклад,Вклад,2673,https://bankiros.ru/bank/tcs/deposits/smartvklad-s-povysennoj-stavkoj,Нет,Есть,Есть,2025-07-01
189,213,334,50000.0,30000000.0,16.0,Т-Банк,СмартВклад,Вклад,2673,https://bankiros.ru/bank/tcs/deposits/smartvklad-s-povysennoj-stavkoj,Нет,Есть,Есть,2025-07-01
190,365,394,50000.0,30000000.0,15.0,Т-Банк,СмартВклад,Вклад,2673,https://bankiros.ru/bank/tcs/deposits/smartvklad-s-povysennoj-stavkoj,Нет,Есть,Есть,2025-07-01
191,395,517,50000.0,30000000.0,15.0,Т-Банк,СмартВклад,Вклад,2673,https://bankiros.ru/bank/tcs/deposits/smartvklad-s-povysennoj-stavkoj,Нет,Есть,Есть,2025-07-01
192,547,730,50000.0,30000000.0,14.0,Т-Банк,СмартВклад,Вклад,2673,https://bankiros.ru/bank/tcs/deposits/smartvklad-s-povysennoj-stavkoj,Нет,Есть,Есть,2025-07-01
193,61,90,50000.0,30000000.0,17.0,Т-Банк,СмартВклад с пополнением,Вклад,2673,https://bankiros.ru/bank/tcs/deposits/-9,Есть,Есть,Есть,2025-07-01
194,91,152,50000.0,30000000.0,16.0,Т-Банк,СмартВклад с пополнением,Вклад,2673,https://bankiros.ru/bank/tcs/deposits/-9,Есть,Есть,Есть,2025-07-01
195,182,212,50000.0,30000000.0,15.0,Т-Банк,СмартВклад с пополнением,Вклад,2673,https://bankiros.ru/bank/tcs/deposits/-9,Есть,Есть,Есть,2025-07-01
196,213,334,50000.0,30000000.0,13.0,Т-Банк,СмартВклад с пополнением,Вклад,2673,https://bankiros.ru/bank/tcs/deposits/-9,Есть,Есть,Есть,2025-07-01
197,365,394,50000.0,30000000.0,13.0,Т-Банк,СмартВклад с пополнением,Вклад,2673,https://bankiros.ru/bank/tcs/deposits/-9,Есть,Есть,Есть,2025-07-01
198,395,517,50000.0,30000000.0,12.0,Т-Банк,СмартВклад с пополнением,Вклад,2673,https://bankiros.ru/bank/tcs/deposits/-9,Есть,Есть,Есть,2025-07-01
199,547,730,50000.0,30000000.0,10.0,Т-Банк,СмартВклад с пополнением,Вклад,2673,https://bankiros.ru/bank/tcs/deposits/-9,Есть,Есть,Есть,2025-07-01
200,1,9999,0.0,999999999.0,14.0,Т-Банк,Накопительный счет,Накопительный счет,2673,https://bankiros.ru/bank/tcs/deposits/nakopitelnyj-scet-104,Есть,Есть,Нет,2025-07-01
201,1095,5475,3000.0,999999999.0,15.0,Газпромбанк,Программа долгосрочных сбережений,Вклад,354,https://bankiros.ru/bank/gazprombank/deposits/programma-dolgosrocnyh-sberezenij,Есть,Нет,Нет,2025-07-01
202,61,90,10000.0,1000000.0,12.7,Банк ВТБ,ВТБ Вклад (с пополнением и снятием % ежемесячно),Вклад,1000,https://bankiros.ru/bank/vtb/deposits/vtb-vklad-5,Есть,Есть,Есть,2025-07-01
203,61,90,500000.0,5000000.0,12.7,Банк ВТБ,ВТБ Вклад (с пополнением и снятием % ежемесячно),Вклад,1000,https://bankiros.ru/bank/vtb/deposits/vtb-vklad-5,Есть,Есть,Есть,2025-07-01
204,61,90,1500000.0,15000000.0,12.1,Банк ВТБ,ВТБ Вклад (с пополнением и снятием % ежемесячно),Вклад,1000,https://bankiros.ru/bank/vtb/deposits/vtb-vklad-5,Есть,Есть,Есть,2025-07-01
205,61,90,5000000.0,50000000.0,11.05,Банк ВТБ,ВТБ Вклад (с пополнением и снятием % ежемесячно),Вклад,1000,https://bankiros.ru/bank/vtb/deposits/vtb-vklad-5,Есть,Есть,Есть,2025-07-01
206,61,90,15000000.0,300000000.0,6.5,Банк ВТБ,ВТБ Вклад (с пополнением и снятием % ежемесячно),Вклад,1000,https://bankiros.ru/bank/vtb/deposits/vtb-vklad-5,Есть,Есть,Есть,2025-07-01
207,91,119,10000.0,1000000.0,3.1,Банк ВТБ,ВТБ Вклад (с пополнением и снятием % ежемесячно),Вклад,1000,https://bankiros.ru/bank/vtb/deposits/vtb-vklad-5,Есть,Есть,Есть,2025-07-01
208,91,119,500000.0,5000000.0,1.9,Банк ВТБ,ВТБ Вклад (с пополнением и снятием % ежемесячно),Вклад,1000,https://bankiros.ru/bank/vtb/deposits/vtb-vklad-5,Есть,Есть,Есть,2025-07-01
209,91,119,1500000.0,15000000.0,1.7,Банк ВТБ,ВТБ Вклад (с пополнением и снятием % ежемесячно),Вклад,1000,https://bankiros.ru/bank/vtb/deposits/vtb-vklad-5,Есть,Есть,Есть,2025-07-01
210,91,119,5000000.0,50000000.0,12.7,Банк ВТБ,ВТБ Вклад (с пополнением и снятием % ежемесячно),Вклад,1000,https://bankiros.ru/bank/vtb/deposits/vtb-vklad-5,Есть,Есть,Есть,2025-07-01
211,91,119,15000000.0,300000000.0,12.7,Банк ВТБ,ВТБ Вклад (с пополнением и снятием % ежемесячно),Вклад,1000,https://bankiros.ru/bank/vtb/deposits/vtb-vklad-5,Есть,Есть,Есть,2025-07-01
212,120,180,10000.0,1000000.0,12.1,Банк ВТБ,ВТБ Вклад (с пополнением и снятием % ежемесячно),Вклад,1000,https://bankiros.ru/bank/vtb/deposits/vtb-vklad-5,Есть,Есть,Есть,2025-07-01
213,120,180,500000.0,5000000.0,11.05,Банк ВТБ,ВТБ Вклад (с пополнением и снятием % ежемесячно),Вклад,1000,https://bankiros.ru/bank/vtb/deposits/vtb-vklad-5,Есть,Есть,Есть,2025-07-01
214,120,180,1500000.0,15000000.0,6.5,Банк ВТБ,ВТБ Вклад (с пополнением и снятием % ежемесячно),Вклад,1000,https://bankiros.ru/bank/vtb/deposits/vtb-vklad-5,Есть,Есть,Есть,2025-07-01
215,120,180,5000000.0,50000000.0,3.1,Банк ВТБ,ВТБ Вклад (с пополнением и снятием % ежемесячно),Вклад,1000,https://bankiros.ru/bank/vtb/deposits/vtb-vklad-5,Есть,Есть,Есть,2025-07-01
216,120,180,15000000.0,300000000.0,1.9,Банк ВТБ,ВТБ Вклад (с пополнением и снятием % ежемесячно),Вклад,1000,https://bankiros.ru/bank/vtb/deposits/vtb-vklad-5,Есть,Есть,Есть,2025-07-01
217,181,369,10000.0,1000000.0,1.7,Банк ВТБ,ВТБ Вклад (с пополнением и снятием % ежемесячно),Вклад,1000,https://bankiros.ru/bank/vtb/deposits/vtb-vklad-5,Есть,Есть,Есть,2025-07-01
218,181,369,500000.0,5000000.0,12.7,Банк ВТБ,ВТБ Вклад (с пополнением и снятием % ежемесячно),Вклад,1000,https://bankiros.ru/bank/vtb/deposits/vtb-vklad-5,Есть,Есть,Есть,2025-07-01
219,181,369,1500000.0,15000000.0,12.7,Банк ВТБ,ВТБ Вклад (с пополнением и снятием % ежемесячно),Вклад,1000,https://bankiros.ru/bank/vtb/deposits/vtb-vklad-5,Есть,Есть,Есть,2025-07-01
220,181,369,5000000.0,50000000.0,12.1,Банк ВТБ,ВТБ Вклад (с пополнением и снятием % ежемесячно),Вклад,1000,https://bankiros.ru/bank/vtb/deposits/vtb-vklad-5,Есть,Есть,Есть,2025-07-01
221,181,369,15000000.0,300000000.0,11.05,Банк ВТБ,ВТБ Вклад (с пополнением и снятием % ежемесячно),Вклад,1000,https://bankiros.ru/bank/vtb/deposits/vtb-vklad-5,Есть,Есть,Есть,2025-07-01
222,370,547,10000.0,1000000.0,6.5,Банк ВТБ,ВТБ Вклад (с пополнением и снятием % ежемесячно),Вклад,1000,https://bankiros.ru/bank/vtb/deposits/vtb-vklad-5,Есть,Есть,Есть,2025-07-01
223,370,547,500000.0,5000000.0,3.1,Банк ВТБ,ВТБ Вклад (с пополнением и снятием % ежемесячно),Вклад,1000,https://bankiros.ru/bank/vtb/deposits/vtb-vklad-5,Есть,Есть,Есть,2025-07-01
224,370,547,1500000.0,15000000.0,1.9,Банк ВТБ,ВТБ Вклад (с пополнением и снятием % ежемесячно),Вклад,1000,https://bankiros.ru/bank/vtb/deposits/vtb-vklad-5,Есть,Есть,Есть,2025-07-01
225,370,547,5000000.0,50000000.0,1.7,Банк ВТБ,ВТБ Вклад (с пополнением и снятием % ежемесячно),Вклад,1000,https://bankiros.ru/bank/vtb/deposits/vtb-vklad-5,Есть,Есть,Есть,2025-07-01
226,370,547,15000000.0,300000000.0,12.9,Банк ВТБ,ВТБ Вклад (с пополнением и снятием % ежемесячно),Вклад,1000,https://bankiros.ru/bank/vtb/deposits/vtb-vklad-5,Есть,Есть,Есть,2025-07-01
227,548,729,10000.0,1000000.0,12.9,Банк ВТБ,ВТБ Вклад (с пополнением и снятием % ежемесячно),Вклад,1000,https://bankiros.ru/bank/vtb/deposits/vtb-vklad-5,Есть,Есть,Есть,2025-07-01
228,548,729,500000.0,5000000.0,12.3,Банк ВТБ,ВТБ Вклад (с пополнением и снятием % ежемесячно),Вклад,1000,https://bankiros.ru/bank/vtb/deposits/vtb-vklad-5,Есть,Есть,Есть,2025-07-01
229,548,729,1500000.0,15000000.0,11.25,Банк ВТБ,ВТБ Вклад (с пополнением и снятием % ежемесячно),Вклад,1000,https://bankiros.ru/bank/vtb/deposits/vtb-vklad-5,Есть,Есть,Есть,2025-07-01
230,548,729,5000000.0,50000000.0,6.7,Банк ВТБ,ВТБ Вклад (с пополнением и снятием % ежемесячно),Вклад,1000,https://bankiros.ru/bank/vtb/deposits/vtb-vklad-5,Есть,Есть,Есть,2025-07-01
231,548,729,15000000.0,300000000.0,3.3,Банк ВТБ,ВТБ Вклад (с пополнением и снятием % ежемесячно),Вклад,1000,https://bankiros.ru/bank/vtb/deposits/vtb-vklad-5,Есть,Есть,Есть,2025-07-01
232,730,1094,10000.0,1000000.0,2.1,Банк ВТБ,ВТБ Вклад (с пополнением и снятием % ежемесячно),Вклад,1000,https://bankiros.ru/bank/vtb/deposits/vtb-vklad-5,Есть,Есть,Есть,2025-07-01
233,730,1094,500000.0,5000000.0,1.9,Банк ВТБ,ВТБ Вклад (с пополнением и снятием % ежемесячно),Вклад,1000,https://bankiros.ru/bank/vtb/deposits/vtb-vklad-5,Есть,Есть,Есть,2025-07-01
234,730,1094,1500000.0,15000000.0,14.9,Банк ВТБ,ВТБ Вклад (с пополнением и снятием % ежемесячно),Вклад,1000,https://bankiros.ru/bank/vtb/deposits/vtb-vklad-5,Есть,Есть,Есть,2025-07-01
235,730,1094,5000000.0,50000000.0,14.9,Банк ВТБ,ВТБ Вклад (с пополнением и снятием % ежемесячно),Вклад,1000,https://bankiros.ru/bank/vtb/deposits/vtb-vklad-5,Есть,Есть,Есть,2025-07-01
236,730,1094,15000000.0,300000000.0,14.0,Банк ВТБ,ВТБ Вклад (с пополнением и снятием % ежемесячно),Вклад,1000,https://bankiros.ru/bank/vtb/deposits/vtb-vklad-5,Есть,Есть,Есть,2025-07-01
237,1095,9999,10000.0,1000000.0,12.25,Банк ВТБ,ВТБ Вклад (с пополнением и снятием % ежемесячно),Вклад,1000,https://bankiros.ru/bank/vtb/deposits/vtb-vklad-5,Есть,Есть,Есть,2025-07-01
238,1095,9999,500000.0,5000000.0,6.7,Банк ВТБ,ВТБ Вклад (с пополнением и снятием % ежемесячно),Вклад,1000,https://bankiros.ru/bank/vtb/deposits/vtb-vklad-5,Есть,Есть,Есть,2025-07-01
239,1095,9999,1500000.0,15000000.0,3.3,Банк ВТБ,ВТБ Вклад (с пополнением и снятием % ежемесячно),Вклад,1000,https://bankiros.ru/bank/vtb/deposits/vtb-vklad-5,Есть,Есть,Есть,2025-07-01
240,1095,9999,5000000.0,50000000.0,2.1,Банк ВТБ,ВТБ Вклад (с пополнением и снятием % ежемесячно),Вклад,1000,https://bankiros.ru/bank/vtb/deposits/vtb-vklad-5,Есть,Есть,Есть,2025-07-01
241,1095,9999,15000000.0,300000000.0,1.9,Банк ВТБ,ВТБ Вклад (с пополнением и снятием % ежемесячно),Вклад,1000,https://bankiros.ru/bank/vtb/deposits/vtb-vklad-5,Есть,Есть,Есть,2025-07-01
242,1,91,1000.0,999.0,,Банк ВТБ,Накопительный ВТБ-Счет,Накопительный счет,1000,https://bankiros.ru/bank/vtb/deposits/vtb-scet,Есть,Есть,Нет,2025-07-01
243,1,91,1000.0,1000000.0,11.0,Банк ВТБ,Накопительный ВТБ-Счет,Накопительный счет,1000,https://bankiros.ru/bank/vtb/deposits/vtb-scet,Есть,Есть,Нет,2025-07-01
244,1,91,1000010.0,999999999.0,19.0,Банк ВТБ,Накопительный ВТБ-Счет,Накопительный счет,1000,https://bankiros.ru/bank/vtb/deposits/vtb-scet,Есть,Есть,Нет,2025-07-01
245,92,9999,1000.0,999.0,,Банк ВТБ,Накопительный ВТБ-Счет,Накопительный счет,1000,https://bankiros.ru/bank/vtb/deposits/vtb-scet,Есть,Есть,Нет,2025-07-01
246,92,9999,1000.0,1000000.0,11.0,Банк ВТБ,Накопительный ВТБ-Счет,Накопительный счет,1000,https://bankiros.ru/bank/vtb/deposits/vtb-scet,Есть,Есть,Нет,2025-07-01
247,92,9999,1000010.0,999999999.0,11.0,Банк ВТБ,Накопительный ВТБ-Счет,Накопительный счет,1000,https://bankiros.ru/bank/vtb/deposits/vtb-scet,Есть,Есть,Нет,2025-07-01
248,91,180,30000.0,999999999.0,23.0,Банк ВТБ,Двойная выгода,Вклад,1000,https://bankiros.ru/bank/vtb/deposits/dvojnaa-vygoda-10,Нет,Нет,Нет,2025-07-01
249,181,369,30000.0,999999999.0,22.0,Банк ВТБ,Двойная выгода,Вклад,1000,https://bankiros.ru/bank/vtb/deposits/dvojnaa-vygoda-10,Нет,Нет,Нет,2025-07-01
250,370,9999,30000.0,999999999.0,17.0,Банк ВТБ,Двойная выгода,Вклад,1000,https://bankiros.ru/bank/vtb/deposits/dvojnaa-vygoda-10,Нет,Нет,Нет,2025-07-01
251,181,9999,1000.0,999999999.0,17.1,Банк ВТБ,Выгодное начало,Вклад,1000,https://bankiros.ru/bank/vtb/deposits/vygodnoe-nacalo,Нет,Нет,Нет,2025-07-01
252,61,90,10000.0,499999.0,18.5,Банк ВТБ,ВТБ Вклад (без пополнения и снятия % в конце срока),Вклад,1000,https://bankiros.ru/bank/vtb/deposits/vtb-vklad-v-rublah,Нет,Нет,Есть,2025-07-01
253,61,90,500000.0,1499999.0,18.5,Банк ВТБ,ВТБ Вклад (без пополнения и снятия % в конце срока),Вклад,1000,https://bankiros.ru/bank/vtb/deposits/vtb-vklad-v-rublah,Нет,Нет,Есть,2025-07-01
254,61,90,1500000.0,4999999.0,18.3,Банк ВТБ,ВТБ Вклад (без пополнения и снятия % в конце срока),Вклад,1000,https://bankiros.ru/bank/vtb/deposits/vtb-vklad-v-rublah,Нет,Нет,Есть,2025-07-01
255,61,90,5000000.0,14999999.0,16.4,Банк ВТБ,ВТБ Вклад (без пополнения и снятия % в конце срока),Вклад,1000,https://bankiros.ru/bank/vtb/deposits/vtb-vklad-v-rublah,Нет,Нет,Есть,2025-07-01
256,61,90,15000000.0,999999999.0,8.2,Банк ВТБ,ВТБ Вклад (без пополнения и снятия % в конце срока),Вклад,1000,https://bankiros.ru/bank/vtb/deposits/vtb-vklad-v-rublah,Нет,Нет,Есть,2025-07-01
257,91,180,10000.0,499999.0,6.2,Банк ВТБ,ВТБ Вклад (без пополнения и снятия % в конце срока),Вклад,1000,https://bankiros.ru/bank/vtb/deposits/vtb-vklad-v-rublah,Нет,Нет,Есть,2025-07-01
258,91,180,500000.0,1499999.0,6.2,Банк ВТБ,ВТБ Вклад (без пополнения и снятия % в конце срока),Вклад,1000,https://bankiros.ru/bank/vtb/deposits/vtb-vklad-v-rublah,Нет,Нет,Есть,2025-07-01
259,91,180,1500000.0,4999999.0,18.5,Банк ВТБ,ВТБ Вклад (без пополнения и снятия % в конце срока),Вклад,1000,https://bankiros.ru/bank/vtb/deposits/vtb-vklad-v-rublah,Нет,Нет,Есть,2025-07-01
260,91,180,5000000.0,14999999.0,18.5,Банк ВТБ,ВТБ Вклад (без пополнения и снятия % в конце срока),Вклад,1000,https://bankiros.ru/bank/vtb/deposits/vtb-vklad-v-rublah,Нет,Нет,Есть,2025-07-01
261,91,180,15000000.0,999999999.0,18.3,Банк ВТБ,ВТБ Вклад (без пополнения и снятия % в конце срока),Вклад,1000,https://bankiros.ru/bank/vtb/deposits/vtb-vklad-v-rublah,Нет,Нет,Есть,2025-07-01
262,181,369,10000.0,499999.0,16.4,Банк ВТБ,ВТБ Вклад (без пополнения и снятия % в конце срока),Вклад,1000,https://bankiros.ru/bank/vtb/deposits/vtb-vklad-v-rublah,Нет,Нет,Есть,2025-07-01
263,181,369,500000.0,1499999.0,8.2,Банк ВТБ,ВТБ Вклад (без пополнения и снятия % в конце срока),Вклад,1000,https://bankiros.ru/bank/vtb/deposits/vtb-vklad-v-rublah,Нет,Нет,Есть,2025-07-01
264,181,369,1500000.0,4999999.0,6.2,Банк ВТБ,ВТБ Вклад (без пополнения и снятия % в конце срока),Вклад,1000,https://bankiros.ru/bank/vtb/deposits/vtb-vklad-v-rublah,Нет,Нет,Есть,2025-07-01
265,181,369,5000000.0,14999999.0,6.2,Банк ВТБ,ВТБ Вклад (без пополнения и снятия % в конце срока),Вклад,1000,https://bankiros.ru/bank/vtb/deposits/vtb-vklad-v-rublah,Нет,Нет,Есть,2025-07-01
266,181,369,15000000.0,999999999.0,18.5,Банк ВТБ,ВТБ Вклад (без пополнения и снятия % в конце срока),Вклад,1000,https://bankiros.ru/bank/vtb/deposits/vtb-vklad-v-rublah,Нет,Нет,Есть,2025-07-01
267,370,547,10000.0,499999.0,18.5,Банк ВТБ,ВТБ Вклад (без пополнения и снятия % в конце срока),Вклад,1000,https://bankiros.ru/bank/vtb/deposits/vtb-vklad-v-rublah,Нет,Нет,Есть,2025-07-01
268,370,547,500000.0,1499999.0,18.3,Банк ВТБ,ВТБ Вклад (без пополнения и снятия % в конце срока),Вклад,1000,https://bankiros.ru/bank/vtb/deposits/vtb-vklad-v-rublah,Нет,Нет,Есть,2025-07-01
269,370,547,1500000.0,4999999.0,16.7,Банк ВТБ,ВТБ Вклад (без пополнения и снятия % в конце срока),Вклад,1000,https://bankiros.ru/bank/vtb/deposits/vtb-vklad-v-rublah,Нет,Нет,Есть,2025-07-01
270,370,547,5000000.0,14999999.0,8.5,Банк ВТБ,ВТБ Вклад (без пополнения и снятия % в конце срока),Вклад,1000,https://bankiros.ru/bank/vtb/deposits/vtb-vklad-v-rublah,Нет,Нет,Есть,2025-07-01
271,370,547,15000000.0,999999999.0,6.5,Банк ВТБ,ВТБ Вклад (без пополнения и снятия % в конце срока),Вклад,1000,https://bankiros.ru/bank/vtb/deposits/vtb-vklad-v-rublah,Нет,Нет,Есть,2025-07-01
272,548,729,10000.0,499999.0,6.5,Банк ВТБ,ВТБ Вклад (без пополнения и снятия % в конце срока),Вклад,1000,https://bankiros.ru/bank/vtb/deposits/vtb-vklad-v-rublah,Нет,Нет,Есть,2025-07-01
273,548,729,500000.0,1499999.0,18.5,Банк ВТБ,ВТБ Вклад (без пополнения и снятия % в конце срока),Вклад,1000,https://bankiros.ru/bank/vtb/deposits/vtb-vklad-v-rublah,Нет,Нет,Есть,2025-07-01
274,548,729,1500000.0,4999999.0,18.5,Банк ВТБ,ВТБ Вклад (без пополнения и снятия % в конце срока),Вклад,1000,https://bankiros.ru/bank/vtb/deposits/vtb-vklad-v-rublah,Нет,Нет,Есть,2025-07-01
275,548,729,5000000.0,14999999.0,18.3,Банк ВТБ,ВТБ Вклад (без пополнения и снятия % в конце срока),Вклад,1000,https://bankiros.ru/bank/vtb/deposits/vtb-vklad-v-rublah,Нет,Нет,Есть,2025-07-01
276,548,729,15000000.0,999999999.0,16.7,Банк ВТБ,ВТБ Вклад (без пополнения и снятия % в конце срока),Вклад,1000,https://bankiros.ru/bank/vtb/deposits/vtb-vklad-v-rublah,Нет,Нет,Есть,2025-07-01
277,730,1094,10000.0,499999.0,8.5,Банк ВТБ,ВТБ Вклад (без пополнения и снятия % в конце срока),Вклад,1000,https://bankiros.ru/bank/vtb/deposits/vtb-vklad-v-rublah,Нет,Нет,Есть,2025-07-01
278,730,1094,500000.0,1499999.0,6.5,Банк ВТБ,ВТБ Вклад (без пополнения и снятия % в конце срока),Вклад,1000,https://bankiros.ru/bank/vtb/deposits/vtb-vklad-v-rublah,Нет,Нет,Есть,2025-07-01
279,730,1094,1500000.0,4999999.0,6.5,Банк ВТБ,ВТБ Вклад (без пополнения и снятия % в конце срока),Вклад,1000,https://bankiros.ru/bank/vtb/deposits/vtb-vklad-v-rublah,Нет,Нет,Есть,2025-07-01
280,730,1094,5000000.0,14999999.0,18.5,Банк ВТБ,ВТБ Вклад (без пополнения и снятия % в конце срока),Вклад,1000,https://bankiros.ru/bank/vtb/deposits/vtb-vklad-v-rublah,Нет,Нет,Есть,2025-07-01
281,730,1094,15000000.0,999999999.0,18.5,Банк ВТБ,ВТБ Вклад (без пополнения и снятия % в конце срока),Вклад,1000,https://bankiros.ru/bank/vtb/deposits/vtb-vklad-v-rublah,Нет,Нет,Есть,2025-07-01
282,1095,9999,10000.0,499999.0,18.3,Банк ВТБ,ВТБ Вклад (без пополнения и снятия % в конце срока),Вклад,1000,https://bankiros.ru/bank/vtb/deposits/vtb-vklad-v-rublah,Нет,Нет,Есть,2025-07-01
283,1095,9999,500000.0,1499999.0,16.7,Банк ВТБ,ВТБ Вклад (без пополнения и снятия % в конце срока),Вклад,1000,https://bankiros.ru/bank/vtb/deposits/vtb-vklad-v-rublah,Нет,Нет,Есть,2025-07-01
284,1095,9999,1500000.0,4999999.0,10.5,Банк ВТБ,ВТБ Вклад (без пополнения и снятия % в конце срока),Вклад,1000,https://bankiros.ru/bank/vtb/deposits/vtb-vklad-v-rublah,Нет,Нет,Есть,2025-07-01
285,1095,9999,5000000.0,14999999.0,8.5,Банк ВТБ,ВТБ Вклад (без пополнения и снятия % в конце срока),Вклад,1000,https://bankiros.ru/bank/vtb/deposits/vtb-vklad-v-rublah,Нет,Нет,Есть,2025-07-01
286,1095,9999,15000000.0,999999999.0,8.5,Банк ВТБ,ВТБ Вклад (без пополнения и снятия % в конце срока),Вклад,1000,https://bankiros.ru/bank/vtb/deposits/vtb-vklad-v-rublah,Нет,Нет,Есть,2025-07-01
287,61,90,10000.0,499999.0,18.0,Банк ВТБ,ВТБ Вклад (без пополнения и снятия % ежемесячно),Вклад,1000,https://bankiros.ru/bank/vtb/deposits/vtb-vklad,Нет,Нет,Есть,2025-07-01
288,61,90,500000.0,1499999.0,17.8,Банк ВТБ,ВТБ Вклад (без пополнения и снятия % ежемесячно),Вклад,1000,https://bankiros.ru/bank/vtb/deposits/vtb-vklad,Нет,Нет,Есть,2025-07-01
289,61,90,1500000.0,4999999.0,17.5,Банк ВТБ,ВТБ Вклад (без пополнения и снятия % ежемесячно),Вклад,1000,https://bankiros.ru/bank/vtb/deposits/vtb-vklad,Нет,Нет,Есть,2025-07-01
290,61,90,5000000.0,14999999.0,17.1,Банк ВТБ,ВТБ Вклад (без пополнения и снятия % ежемесячно),Вклад,1000,https://bankiros.ru/bank/vtb/deposits/vtb-vklad,Нет,Нет,Есть,2025-07-01
291,61,90,15000000.0,999999999.0,14.5,Банк ВТБ,ВТБ Вклад (без пополнения и снятия % ежемесячно),Вклад,1000,https://bankiros.ru/bank/vtb/deposits/vtb-vklad,Нет,Нет,Есть,2025-07-01
292,91,119,10000.0,499999.0,6.8,Банк ВТБ,ВТБ Вклад (без пополнения и снятия % ежемесячно),Вклад,1000,https://bankiros.ru/bank/vtb/deposits/vtb-vklad,Нет,Нет,Есть,2025-07-01
293,91,119,500000.0,1499999.0,3.8,Банк ВТБ,ВТБ Вклад (без пополнения и снятия % ежемесячно),Вклад,1000,https://bankiros.ru/bank/vtb/deposits/vtb-vklad,Нет,Нет,Есть,2025-07-01
294,91,119,1500000.0,4999999.0,3.8,Банк ВТБ,ВТБ Вклад (без пополнения и снятия % ежемесячно),Вклад,1000,https://bankiros.ru/bank/vtb/deposits/vtb-vklad,Нет,Нет,Есть,2025-07-01
295,91,119,5000000.0,14999999.0,18.0,Банк ВТБ,ВТБ Вклад (без пополнения и снятия % ежемесячно),Вклад,1000,https://bankiros.ru/bank/vtb/deposits/vtb-vklad,Нет,Нет,Есть,2025-07-01
296,91,119,15000000.0,999999999.0,17.8,Банк ВТБ,ВТБ Вклад (без пополнения и снятия % ежемесячно),Вклад,1000,https://bankiros.ru/bank/vtb/deposits/vtb-vklad,Нет,Нет,Есть,2025-07-01
297,120,180,10000.0,499999.0,17.5,Банк ВТБ,ВТБ Вклад (без пополнения и снятия % ежемесячно),Вклад,1000,https://bankiros.ru/bank/vtb/deposits/vtb-vklad,Нет,Нет,Есть,2025-07-01
298,120,180,500000.0,1499999.0,17.1,Банк ВТБ,ВТБ Вклад (без пополнения и снятия % ежемесячно),Вклад,1000,https://bankiros.ru/bank/vtb/deposits/vtb-vklad,Нет,Нет,Есть,2025-07-01
299,120,180,1500000.0,4999999.0,14.5,Банк ВТБ,ВТБ Вклад (без пополнения и снятия % ежемесячно),Вклад,1000,https://bankiros.ru/bank/vtb/deposits/vtb-vklad,Нет,Нет,Есть,2025-07-01
300,120,180,5000000.0,14999999.0,6.8,Банк ВТБ,ВТБ Вклад (без пополнения и снятия % ежемесячно),Вклад,1000,https://bankiros.ru/bank/vtb/deposits/vtb-vklad,Нет,Нет,Есть,2025-07-01
301,120,180,15000000.0,999999999.0,3.8,Банк ВТБ,ВТБ Вклад (без пополнения и снятия % ежемесячно),Вклад,1000,https://bankiros.ru/bank/vtb/deposits/vtb-vklad,Нет,Нет,Есть,2025-07-01
302,181,369,10000.0,499999.0,3.8,Банк ВТБ,ВТБ Вклад (без пополнения и снятия % ежемесячно),Вклад,1000,https://bankiros.ru/bank/vtb/deposits/vtb-vklad,Нет,Нет,Есть,2025-07-01
303,181,369,500000.0,1499999.0,18.0,Банк ВТБ,ВТБ Вклад (без пополнения и снятия % ежемесячно),Вклад,1000,https://bankiros.ru/bank/vtb/deposits/vtb-vklad,Нет,Нет,Есть,2025-07-01
304,181,369,1500000.0,4999999.0,17.8,Банк ВТБ,ВТБ Вклад (без пополнения и снятия % ежемесячно),Вклад,1000,https://bankiros.ru/bank/vtb/deposits/vtb-vklad,Нет,Нет,Есть,2025-07-01
305,181,369,5000000.0,14999999.0,17.5,Банк ВТБ,ВТБ Вклад (без пополнения и снятия % ежемесячно),Вклад,1000,https://bankiros.ru/bank/vtb/deposits/vtb-vklad,Нет,Нет,Есть,2025-07-01
306,181,369,15000000.0,999999999.0,17.1,Банк ВТБ,ВТБ Вклад (без пополнения и снятия % ежемесячно),Вклад,1000,https://bankiros.ru/bank/vtb/deposits/vtb-vklad,Нет,Нет,Есть,2025-07-01
307,370,547,10000.0,499999.0,14.5,Банк ВТБ,ВТБ Вклад (без пополнения и снятия % ежемесячно),Вклад,1000,https://bankiros.ru/bank/vtb/deposits/vtb-vklad,Нет,Нет,Есть,2025-07-01
308,370,547,500000.0,1499999.0,6.8,Банк ВТБ,ВТБ Вклад (без пополнения и снятия % ежемесячно),Вклад,1000,https://bankiros.ru/bank/vtb/deposits/vtb-vklad,Нет,Нет,Есть,2025-07-01
309,370,547,1500000.0,4999999.0,3.8,Банк ВТБ,ВТБ Вклад (без пополнения и снятия % ежемесячно),Вклад,1000,https://bankiros.ru/bank/vtb/deposits/vtb-vklad,Нет,Нет,Есть,2025-07-01
310,370,547,5000000.0,14999999.0,3.8,Банк ВТБ,ВТБ Вклад (без пополнения и снятия % ежемесячно),Вклад,1000,https://bankiros.ru/bank/vtb/deposits/vtb-vklad,Нет,Нет,Есть,2025-07-01
311,370,547,15000000.0,999999999.0,18.0,Банк ВТБ,ВТБ Вклад (без пополнения и снятия % ежемесячно),Вклад,1000,https://bankiros.ru/bank/vtb/deposits/vtb-vklad,Нет,Нет,Есть,2025-07-01
312,548,729,10000.0,499999.0,17.8,Банк ВТБ,ВТБ Вклад (без пополнения и снятия % ежемесячно),Вклад,1000,https://bankiros.ru/bank/vtb/deposits/vtb-vklad,Нет,Нет,Есть,2025-07-01
313,548,729,500000.0,1499999.0,17.5,Банк ВТБ,ВТБ Вклад (без пополнения и снятия % ежемесячно),Вклад,1000,https://bankiros.ru/bank/vtb/deposits/vtb-vklad,Нет,Нет,Есть,2025-07-01
314,548,729,1500000.0,4999999.0,17.1,Банк ВТБ,ВТБ Вклад (без пополнения и снятия % ежемесячно),Вклад,1000,https://bankiros.ru/bank/vtb/deposits/vtb-vklad,Нет,Нет,Есть,2025-07-01
315,548,729,5000000.0,14999999.0,14.5,Банк ВТБ,ВТБ Вклад (без пополнения и снятия % ежемесячно),Вклад,1000,https://bankiros.ru/bank/vtb/deposits/vtb-vklad,Нет,Нет,Есть,2025-07-01
316,548,729,15000000.0,999999999.0,6.8,Банк ВТБ,ВТБ Вклад (без пополнения и снятия % ежемесячно),Вклад,1000,https://bankiros.ru/bank/vtb/deposits/vtb-vklad,Нет,Нет,Есть,2025-07-01
317,730,1094,10000.0,499999.0,3.8,Банк ВТБ,ВТБ Вклад (без пополнения и снятия % ежемесячно),Вклад,1000,https://bankiros.ru/bank/vtb/deposits/vtb-vklad,Нет,Нет,Есть,2025-07-01
318,730,1094,500000.0,1499999.0,3.8,Банк ВТБ,ВТБ Вклад (без пополнения и снятия % ежемесячно),Вклад,1000,https://bankiros.ru/bank/vtb/deposits/vtb-vklad,Нет,Нет,Есть,2025-07-01
319,730,1094,1500000.0,4999999.0,,Банк ВТБ,ВТБ Вклад (без пополнения и снятия % ежемесячно),Вклад,1000,https://bankiros.ru/bank/vtb/deposits/vtb-vklad,Нет,Нет,Есть,2025-07-01
320,730,1094,5000000.0,14999999.0,17.8,Банк ВТБ,ВТБ Вклад (без пополнения и снятия % ежемесячно),Вклад,1000,https://bankiros.ru/bank/vtb/deposits/vtb-vklad,Нет,Нет,Есть,2025-07-01
321,730,1094,15000000.0,999999999.0,17.5,Банк ВТБ,ВТБ Вклад (без пополнения и снятия % ежемесячно),Вклад,1000,https://bankiros.ru/bank/vtb/deposits/vtb-vklad,Нет,Нет,Есть,2025-07-01
322,1095,9999,10000.0,499999.0,17.1,Банк ВТБ,ВТБ Вклад (без пополнения и снятия % ежемесячно),Вклад,1000,https://bankiros.ru/bank/vtb/deposits/vtb-vklad,Нет,Нет,Есть,2025-07-01
323,1095,9999,500000.0,1499999.0,14.5,Банк ВТБ,ВТБ Вклад (без пополнения и снятия % ежемесячно),Вклад,1000,https://bankiros.ru/bank/vtb/deposits/vtb-vklad,Нет,Нет,Есть,2025-07-01
324,1095,9999,1500000.0,4999999.0,6.8,Банк ВТБ,ВТБ Вклад (без пополнения и снятия % ежемесячно),Вклад,1000,https://bankiros.ru/bank/vtb/deposits/vtb-vklad,Нет,Нет,Есть,2025-07-01
325,1095,9999,5000000.0,14999999.0,3.8,Банк ВТБ,ВТБ Вклад (без пополнения и снятия % ежемесячно),Вклад,1000,https://bankiros.ru/bank/vtb/deposits/vtb-vklad,Нет,Нет,Есть,2025-07-01
326,1095,9999,15000000.0,999999999.0,3.8,Банк ВТБ,ВТБ Вклад (без пополнения и снятия % ежемесячно),Вклад,1000,https://bankiros.ru/bank/vtb/deposits/vtb-vklad,Нет,Нет,Есть,2025-07-01
327,181,9999,1000.0,999999999.0,15.8,Банк ВТБ,Новое время,Вклад,1000,https://bankiros.ru/bank/vtb/deposits/novoe-vrema,Нет,Нет,Нет,2025-07-01
328,61,90,10000.0,1000000.0,12.8,Банк ВТБ,ВТБ Вклад (с пополнением % в конце срока),Вклад,1000,https://bankiros.ru/bank/vtb/deposits/vtb-vklad-v-rublah-s-popolneniem,Есть,Нет,Есть,2025-07-01
329,61,90,500000.0,5000000.0,12.8,Банк ВТБ,ВТБ Вклад (с пополнением % в конце срока),Вклад,1000,https://bankiros.ru/bank/vtb/deposits/vtb-vklad-v-rublah-s-popolneniem,Есть,Нет,Есть,2025-07-01
330,61,90,1500000.0,15000000.0,12.2,Банк ВТБ,ВТБ Вклад (с пополнением % в конце срока),Вклад,1000,https://bankiros.ru/bank/vtb/deposits/vtb-vklad-v-rublah-s-popolneniem,Есть,Нет,Есть,2025-07-01
331,61,90,5000000.0,50000000.0,11.1,Банк ВТБ,ВТБ Вклад (с пополнением % в конце срока),Вклад,1000,https://bankiros.ru/bank/vtb/deposits/vtb-vklad-v-rublah-s-popolneniem,Есть,Нет,Есть,2025-07-01
332,61,90,15000000.0,300000000.0,6.6,Банк ВТБ,ВТБ Вклад (с пополнением % в конце срока),Вклад,1000,https://bankiros.ru/bank/vtb/deposits/vtb-vklad-v-rublah-s-popolneniem,Есть,Нет,Есть,2025-07-01
333,91,119,10000.0,1000000.0,3.2,Банк ВТБ,ВТБ Вклад (с пополнением % в конце срока),Вклад,1000,https://bankiros.ru/bank/vtb/deposits/vtb-vklad-v-rublah-s-popolneniem,Есть,Нет,Есть,2025-07-01
334,91,119,500000.0,5000000.0,1.95,Банк ВТБ,ВТБ Вклад (с пополнением % в конце срока),Вклад,1000,https://bankiros.ru/bank/vtb/deposits/vtb-vklad-v-rublah-s-popolneniem,Есть,Нет,Есть,2025-07-01
335,91,119,1500000.0,15000000.0,1.75,Банк ВТБ,ВТБ Вклад (с пополнением % в конце срока),Вклад,1000,https://bankiros.ru/bank/vtb/deposits/vtb-vklad-v-rublah-s-popolneniem,Есть,Нет,Есть,2025-07-01
336,91,119,5000000.0,50000000.0,12.8,Банк ВТБ,ВТБ Вклад (с пополнением % в конце срока),Вклад,1000,https://bankiros.ru/bank/vtb/deposits/vtb-vklad-v-rublah-s-popolneniem,Есть,Нет,Есть,2025-07-01
337,91,119,15000000.0,300000000.0,12.8,Банк ВТБ,ВТБ Вклад (с пополнением % в конце срока),Вклад,1000,https://bankiros.ru/bank/vtb/deposits/vtb-vklad-v-rublah-s-popolneniem,Есть,Нет,Есть,2025-07-01
338,120,180,10000.0,1000000.0,12.2,Банк ВТБ,ВТБ Вклад (с пополнением % в конце срока),Вклад,1000,https://bankiros.ru/bank/vtb/deposits/vtb-vklad-v-rublah-s-popolneniem,Есть,Нет,Есть,2025-07-01
339,120,180,500000.0,5000000.0,11.1,Банк ВТБ,ВТБ Вклад (с пополнением % в конце срока),Вклад,1000,https://bankiros.ru/bank/vtb/deposits/vtb-vklad-v-rublah-s-popolneniem,Есть,Нет,Есть,2025-07-01
340,120,180,1500000.0,15000000.0,6.6,Банк ВТБ,ВТБ Вклад (с пополнением % в конце срока),Вклад,1000,https://bankiros.ru/bank/vtb/deposits/vtb-vklad-v-rublah-s-popolneniem,Есть,Нет,Есть,2025-07-01
341,120,180,5000000.0,50000000.0,3.2,Банк ВТБ,ВТБ Вклад (с пополнением % в конце срока),Вклад,1000,https://bankiros.ru/bank/vtb/deposits/vtb-vklad-v-rublah-s-popolneniem,Есть,Нет,Есть,2025-07-01
342,120,180,15000000.0,300000000.0,1.95,Банк ВТБ,ВТБ Вклад (с пополнением % в конце срока),Вклад,1000,https://bankiros.ru/bank/vtb/deposits/vtb-vklad-v-rublah-s-popolneniem,Есть,Нет,Есть,2025-07-01
343,181,369,10000.0,1000000.0,1.75,Банк ВТБ,ВТБ Вклад (с пополнением % в конце срока),Вклад,1000,https://bankiros.ru/bank/vtb/deposits/vtb-vklad-v-rublah-s-popolneniem,Есть,Нет,Есть,2025-07-01
344,181,369,500000.0,5000000.0,12.8,Банк ВТБ,ВТБ Вклад (с пополнением % в конце срока),Вклад,1000,https://bankiros.ru/bank/vtb/deposits/vtb-vklad-v-rublah-s-popolneniem,Есть,Нет,Есть,2025-07-01
345,181,369,1500000.0,15000000.0,12.8,Банк ВТБ,ВТБ Вклад (с пополнением % в конце срока),Вклад,1000,https://bankiros.ru/bank/vtb/deposits/vtb-vklad-v-rublah-s-popolneniem,Есть,Нет,Есть,2025-07-01
346,181,369,5000000.0,50000000.0,12.2,Банк ВТБ,ВТБ Вклад (с пополнением % в конце срока),Вклад,1000,https://bankiros.ru/bank/vtb/deposits/vtb-vklad-v-rublah-s-popolneniem,Есть,Нет,Есть,2025-07-01
347,181,369,15000000.0,300000000.0,11.1,Банк ВТБ,ВТБ Вклад (с пополнением % в конце срока),Вклад,1000,https://bankiros.ru/bank/vtb/deposits/vtb-vklad-v-rublah-s-popolneniem,Есть,Нет,Есть,2025-07-01
348,370,547,10000.0,1000000.0,6.6,Банк ВТБ,ВТБ Вклад (с пополнением % в конце срока),Вклад,1000,https://bankiros.ru/bank/vtb/deposits/vtb-vklad-v-rublah-s-popolneniem,Есть,Нет,Есть,2025-07-01
349,370,547,500000.0,5000000.0,3.2,Банк ВТБ,ВТБ Вклад (с пополнением % в конце срока),Вклад,1000,https://bankiros.ru/bank/vtb/deposits/vtb-vklad-v-rublah-s-popolneniem,Есть,Нет,Есть,2025-07-01
350,370,547,1500000.0,15000000.0,1.95,Банк ВТБ,ВТБ Вклад (с пополнением % в конце срока),Вклад,1000,https://bankiros.ru/bank/vtb/deposits/vtb-vklad-v-rublah-s-popolneniem,Есть,Нет,Есть,2025-07-01
351,370,547,5000000.0,50000000.0,1.75,Банк ВТБ,ВТБ Вклад (с пополнением % в конце срока),Вклад,1000,https://bankiros.ru/bank/vtb/deposits/vtb-vklad-v-rublah-s-popolneniem,Есть,Нет,Есть,2025-07-01
352,370,547,15000000.0,300000000.0,13.0,Банк ВТБ,ВТБ Вклад (с пополнением % в конце срока),Вклад,1000,https://bankiros.ru/bank/vtb/deposits/vtb-vklad-v-rublah-s-popolneniem,Есть,Нет,Есть,2025-07-01
353,548,729,10000.0,1000000.0,13.0,Банк ВТБ,ВТБ Вклад (с пополнением % в конце срока),Вклад,1000,https://bankiros.ru/bank/vtb/deposits/vtb-vklad-v-rublah-s-popolneniem,Есть,Нет,Есть,2025-07-01
354,548,729,500000.0,5000000.0,12.4,Банк ВТБ,ВТБ Вклад (с пополнением % в конце срока),Вклад,1000,https://bankiros.ru/bank/vtb/deposits/vtb-vklad-v-rublah-s-popolneniem,Есть,Нет,Есть,2025-07-01
355,548,729,1500000.0,15000000.0,11.3,Банк ВТБ,ВТБ Вклад (с пополнением % в конце срока),Вклад,1000,https://bankiros.ru/bank/vtb/deposits/vtb-vklad-v-rublah-s-popolneniem,Есть,Нет,Есть,2025-07-01
356,548,729,5000000.0,50000000.0,6.8,Банк ВТБ,ВТБ Вклад (с пополнением % в конце срока),Вклад,1000,https://bankiros.ru/bank/vtb/deposits/vtb-vklad-v-rublah-s-popolneniem,Есть,Нет,Есть,2025-07-01
357,548,729,15000000.0,300000000.0,3.4,Банк ВТБ,ВТБ Вклад (с пополнением % в конце срока),Вклад,1000,https://bankiros.ru/bank/vtb/deposits/vtb-vklad-v-rublah-s-popolneniem,Есть,Нет,Есть,2025-07-01
358,730,1094,10000.0,1000000.0,2.15,Банк ВТБ,ВТБ Вклад (с пополнением % в конце срока),Вклад,1000,https://bankiros.ru/bank/vtb/deposits/vtb-vklad-v-rublah-s-popolneniem,Есть,Нет,Есть,2025-07-01
359,730,1094,500000.0,5000000.0,1.95,Банк ВТБ,ВТБ Вклад (с пополнением % в конце срока),Вклад,1000,https://bankiros.ru/bank/vtb/deposits/vtb-vklad-v-rublah-s-popolneniem,Есть,Нет,Есть,2025-07-01
360,730,1094,1500000.0,15000000.0,15.0,Банк ВТБ,ВТБ Вклад (с пополнением % в конце срока),Вклад,1000,https://bankiros.ru/bank/vtb/deposits/vtb-vklad-v-rublah-s-popolneniem,Есть,Нет,Есть,2025-07-01
361,730,1094,5000000.0,50000000.0,15.0,Банк ВТБ,ВТБ Вклад (с пополнением % в конце срока),Вклад,1000,https://bankiros.ru/bank/vtb/deposits/vtb-vklad-v-rublah-s-popolneniem,Есть,Нет,Есть,2025-07-01
362,730,1094,15000000.0,300000000.0,14.1,Банк ВТБ,ВТБ Вклад (с пополнением % в конце срока),Вклад,1000,https://bankiros.ru/bank/vtb/deposits/vtb-vklad-v-rublah-s-popolneniem,Есть,Нет,Есть,2025-07-01
363,1095,9999,10000.0,1000000.0,12.3,Банк ВТБ,ВТБ Вклад (с пополнением % в конце срока),Вклад,1000,https://bankiros.ru/bank/vtb/deposits/vtb-vklad-v-rublah-s-popolneniem,Есть,Нет,Есть,2025-07-01
364,1095,9999,500000.0,5000000.0,6.8,Банк ВТБ,ВТБ Вклад (с пополнением % в конце срока),Вклад,1000,https://bankiros.ru/bank/vtb/deposits/vtb-vklad-v-rublah-s-popolneniem,Есть,Нет,Есть,2025-07-01
365,1095,9999,1500000.0,15000000.0,3.4,Банк ВТБ,ВТБ Вклад (с пополнением % в конце срока),Вклад,1000,https://bankiros.ru/bank/vtb/deposits/vtb-vklad-v-rublah-s-popolneniem,Есть,Нет,Есть,2025-07-01
366,1095,9999,5000000.0,50000000.0,2.15,Банк ВТБ,ВТБ Вклад (с пополнением % в конце срока),Вклад,1000,https://bankiros.ru/bank/vtb/deposits/vtb-vklad-v-rublah-s-popolneniem,Есть,Нет,Есть,2025-07-01
367,1095,9999,15000000.0,300000000.0,1.95,Банк ВТБ,ВТБ Вклад (с пополнением % в конце срока),Вклад,1000,https://bankiros.ru/bank/vtb/deposits/vtb-vklad-v-rublah-s-popolneniem,Есть,Нет,Есть,2025-07-01
368,61,90,10000.0,1000000.0,12.8,Банк ВТБ,ВТБ Вклад (с пополнением % ежемесячно),Вклад,1000,https://bankiros.ru/bank/vtb/deposits/vtb-vklad-3,Есть,Нет,Есть,2025-07-01
369,61,90,500000.0,5000000.0,12.8,Банк ВТБ,ВТБ Вклад (с пополнением % ежемесячно),Вклад,1000,https://bankiros.ru/bank/vtb/deposits/vtb-vklad-3,Есть,Нет,Есть,2025-07-01
370,61,90,1500000.0,15000000.0,12.2,Банк ВТБ,ВТБ Вклад (с пополнением % ежемесячно),Вклад,1000,https://bankiros.ru/bank/vtb/deposits/vtb-vklad-3,Есть,Нет,Есть,2025-07-01
371,61,90,5000000.0,50000000.0,11.1,Банк ВТБ,ВТБ Вклад (с пополнением % ежемесячно),Вклад,1000,https://bankiros.ru/bank/vtb/deposits/vtb-vklad-3,Есть,Нет,Есть,2025-07-01
372,61,90,15000000.0,300000000.0,6.6,Банк ВТБ,ВТБ Вклад (с пополнением % ежемесячно),Вклад,1000,https://bankiros.ru/bank/vtb/deposits/vtb-vklad-3,Есть,Нет,Есть,2025-07-01
373,91,119,10000.0,1000000.0,3.2,Банк ВТБ,ВТБ Вклад (с пополнением % ежемесячно),Вклад,1000,https://bankiros.ru/bank/vtb/deposits/vtb-vklad-3,Есть,Нет,Есть,2025-07-01
374,91,119,500000.0,5000000.0,1.95,Банк ВТБ,ВТБ Вклад (с пополнением % ежемесячно),Вклад,1000,https://bankiros.ru/bank/vtb/deposits/vtb-vklad-3,Есть,Нет,Есть,2025-07-01
375,91,119,1500000.0,15000000.0,1.75,Банк ВТБ,ВТБ Вклад (с пополнением % ежемесячно),Вклад,1000,https://bankiros.ru/bank/vtb/deposits/vtb-vklad-3,Есть,Нет,Есть,2025-07-01
376,91,119,5000000.0,50000000.0,12.8,Банк ВТБ,ВТБ Вклад (с пополнением % ежемесячно),Вклад,1000,https://bankiros.ru/bank/vtb/deposits/vtb-vklad-3,Есть,Нет,Есть,2025-07-01
377,91,119,15000000.0,300000000.0,12.8,Банк ВТБ,ВТБ Вклад (с пополнением % ежемесячно),Вклад,1000,https://bankiros.ru/bank/vtb/deposits/vtb-vklad-3,Есть,Нет,Есть,2025-07-01
378,120,180,10000.0,1000000.0,12.2,Банк ВТБ,ВТБ Вклад (с пополнением % ежемесячно),Вклад,1000,https://bankiros.ru/bank/vtb/deposits/vtb-vklad-3,Есть,Нет,Есть,2025-07-01
379,120,180,500000.0,5000000.0,11.1,Банк ВТБ,ВТБ Вклад (с пополнением % ежемесячно),Вклад,1000,https://bankiros.ru/bank/vtb/deposits/vtb-vklad-3,Есть,Нет,Есть,2025-07-01
380,120,180,1500000.0,15000000.0,6.6,Банк ВТБ,ВТБ Вклад (с пополнением % ежемесячно),Вклад,1000,https://bankiros.ru/bank/vtb/deposits/vtb-vklad-3,Есть,Нет,Есть,2025-07-01
381,120,180,5000000.0,50000000.0,3.2,Банк ВТБ,ВТБ Вклад (с пополнением % ежемесячно),Вклад,1000,https://bankiros.ru/bank/vtb/deposits/vtb-vklad-3,Есть,Нет,Есть,2025-07-01
382,120,180,15000000.0,300000000.0,1.95,Банк ВТБ,ВТБ Вклад (с пополнением % ежемесячно),Вклад,1000,https://bankiros.ru/bank/vtb/deposits/vtb-vklad-3,Есть,Нет,Есть,2025-07-01
383,181,369,10000.0,1000000.0,1.75,Банк ВТБ,ВТБ Вклад (с пополнением % ежемесячно),Вклад,1000,https://bankiros.ru/bank/vtb/deposits/vtb-vklad-3,Есть,Нет,Есть,2025-07-01
384,181,369,500000.0,5000000.0,12.8,Банк ВТБ,ВТБ Вклад (с пополнением % ежемесячно),Вклад,1000,https://bankiros.ru/bank/vtb/deposits/vtb-vklad-3,Есть,Нет,Есть,2025-07-01
385,181,369,1500000.0,15000000.0,12.8,Банк ВТБ,ВТБ Вклад (с пополнением % ежемесячно),Вклад,1000,https://bankiros.ru/bank/vtb/deposits/vtb-vklad-3,Есть,Нет,Есть,2025-07-01
386,181,369,5000000.0,50000000.0,12.2,Банк ВТБ,ВТБ Вклад (с пополнением % ежемесячно),Вклад,1000,https://bankiros.ru/bank/vtb/deposits/vtb-vklad-3,Есть,Нет,Есть,2025-07-01
387,181,369,15000000.0,300000000.0,11.1,Банк ВТБ,ВТБ Вклад (с пополнением % ежемесячно),Вклад,1000,https://bankiros.ru/bank/vtb/deposits/vtb-vklad-3,Есть,Нет,Есть,2025-07-01
388,370,547,10000.0,1000000.0,6.6,Банк ВТБ,ВТБ Вклад (с пополнением % ежемесячно),Вклад,1000,https://bankiros.ru/bank/vtb/deposits/vtb-vklad-3,Есть,Нет,Есть,2025-07-01
389,370,547,500000.0,5000000.0,3.2,Банк ВТБ,ВТБ Вклад (с пополнением % ежемесячно),Вклад,1000,https://bankiros.ru/bank/vtb/deposits/vtb-vklad-3,Есть,Нет,Есть,2025-07-01
390,370,547,1500000.0,15000000.0,1.95,Банк ВТБ,ВТБ Вклад (с пополнением % ежемесячно),Вклад,1000,https://bankiros.ru/bank/vtb/deposits/vtb-vklad-3,Есть,Нет,Есть,2025-07-01
391,370,547,5000000.0,50000000.0,1.75,Банк ВТБ,ВТБ Вклад (с пополнением % ежемесячно),Вклад,1000,https://bankiros.ru/bank/vtb/deposits/vtb-vklad-3,Есть,Нет,Есть,2025-07-01
392,370,547,15000000.0,300000000.0,13.0,Банк ВТБ,ВТБ Вклад (с пополнением % ежемесячно),Вклад,1000,https://bankiros.ru/bank/vtb/deposits/vtb-vklad-3,Есть,Нет,Есть,2025-07-01
393,548,729,10000.0,1000000.0,13.0,Банк ВТБ,ВТБ Вклад (с пополнением % ежемесячно),Вклад,1000,https://bankiros.ru/bank/vtb/deposits/vtb-vklad-3,Есть,Нет,Есть,2025-07-01
394,548,729,500000.0,5000000.0,12.4,Банк ВТБ,ВТБ Вклад (с пополнением % ежемесячно),Вклад,1000,https://bankiros.ru/bank/vtb/deposits/vtb-vklad-3,Есть,Нет,Есть,2025-07-01
395,548,729,1500000.0,15000000.0,11.3,Банк ВТБ,ВТБ Вклад (с пополнением % ежемесячно),Вклад,1000,https://bankiros.ru/bank/vtb/deposits/vtb-vklad-3,Есть,Нет,Есть,2025-07-01
396,548,729,5000000.0,50000000.0,6.8,Банк ВТБ,ВТБ Вклад (с пополнением % ежемесячно),Вклад,1000,https://bankiros.ru/bank/vtb/deposits/vtb-vklad-3,Есть,Нет,Есть,2025-07-01
397,548,729,15000000.0,300000000.0,3.4,Банк ВТБ,ВТБ Вклад (с пополнением % ежемесячно),Вклад,1000,https://bankiros.ru/bank/vtb/deposits/vtb-vklad-3,Есть,Нет,Есть,2025-07-01
398,730,1094,10000.0,1000000.0,2.15,Банк ВТБ,ВТБ Вклад (с пополнением % ежемесячно),Вклад,1000,https://bankiros.ru/bank/vtb/deposits/vtb-vklad-3,Есть,Нет,Есть,2025-07-01
399,730,1094,500000.0,5000000.0,1.95,Банк ВТБ,ВТБ Вклад (с пополнением % ежемесячно),Вклад,1000,https://bankiros.ru/bank/vtb/deposits/vtb-vklad-3,Есть,Нет,Есть,2025-07-01
400,730,1094,1500000.0,15000000.0,15.0,Банк ВТБ,ВТБ Вклад (с пополнением % ежемесячно),Вклад,1000,https://bankiros.ru/bank/vtb/deposits/vtb-vklad-3,Есть,Нет,Есть,2025-07-01
401,730,1094,5000000.0,50000000.0,15.0,Банк ВТБ,ВТБ Вклад (с пополнением % ежемесячно),Вклад,1000,https://bankiros.ru/bank/vtb/deposits/vtb-vklad-3,Есть,Нет,Есть,2025-07-01
402,730,1094,15000000.0,300000000.0,14.1,Банк ВТБ,ВТБ Вклад (с пополнением % ежемесячно),Вклад,1000,https://bankiros.ru/bank/vtb/deposits/vtb-vklad-3,Есть,Нет,Есть,2025-07-01
403,1095,9999,10000.0,1000000.0,12.3,Банк ВТБ,ВТБ Вклад (с пополнением % ежемесячно),Вклад,1000,https://bankiros.ru/bank/vtb/deposits/vtb-vklad-3,Есть,Нет,Есть,2025-07-01
404,1095,9999,500000.0,5000000.0,6.8,Банк ВТБ,ВТБ Вклад (с пополнением % ежемесячно),Вклад,1000,https://bankiros.ru/bank/vtb/deposits/vtb-vklad-3,Есть,Нет,Есть,2025-07-01
405,1095,9999,1500000.0,15000000.0,3.4,Банк ВТБ,ВТБ Вклад (с пополнением % ежемесячно),Вклад,1000,https://bankiros.ru/bank/vtb/deposits/vtb-vklad-3,Есть,Нет,Есть,2025-07-01
406,1095,9999,5000000.0,50000000.0,2.15,Банк ВТБ,ВТБ Вклад (с пополнением % ежемесячно),Вклад,1000,https://bankiros.ru/bank/vtb/deposits/vtb-vklad-3,Есть,Нет,Есть,2025-07-01
407,1095,9999,15000000.0,300000000.0,1.95,Банк ВТБ,ВТБ Вклад (с пополнением % ежемесячно),Вклад,1000,https://bankiros.ru/bank/vtb/deposits/vtb-vklad-3,Есть,Нет,Есть,2025-07-01
408,61,90,10000.0,1000000.0,12.7,Банк ВТБ,ВТБ Вклад (с пополнением и снятием % в конце срока),Вклад,1000,https://bankiros.ru/bank/vtb/deposits/vtb-vklad-v-rublah-s-popolneniem-i-snatiem,Есть,Есть,Есть,2025-07-01
409,61,90,500000.0,5000000.0,12.7,Банк ВТБ,ВТБ Вклад (с пополнением и снятием % в конце срока),Вклад,1000,https://bankiros.ru/bank/vtb/deposits/vtb-vklad-v-rublah-s-popolneniem-i-snatiem,Есть,Есть,Есть,2025-07-01
410,61,90,1500000.0,15000000.0,12.1,Банк ВТБ,ВТБ Вклад (с пополнением и снятием % в конце срока),Вклад,1000,https://bankiros.ru/bank/vtb/deposits/vtb-vklad-v-rublah-s-popolneniem-i-snatiem,Есть,Есть,Есть,2025-07-01
411,61,90,5000000.0,50000000.0,11.05,Банк ВТБ,ВТБ Вклад (с пополнением и снятием % в конце срока),Вклад,1000,https://bankiros.ru/bank/vtb/deposits/vtb-vklad-v-rublah-s-popolneniem-i-snatiem,Есть,Есть,Есть,2025-07-01
412,61,90,15000000.0,300000000.0,6.5,Банк ВТБ,ВТБ Вклад (с пополнением и снятием % в конце срока),Вклад,1000,https://bankiros.ru/bank/vtb/deposits/vtb-vklad-v-rublah-s-popolneniem-i-snatiem,Есть,Есть,Есть,2025-07-01
413,91,119,10000.0,1000000.0,3.1,Банк ВТБ,ВТБ Вклад (с пополнением и снятием % в конце срока),Вклад,1000,https://bankiros.ru/bank/vtb/deposits/vtb-vklad-v-rublah-s-popolneniem-i-snatiem,Есть,Есть,Есть,2025-07-01
414,91,119,500000.0,5000000.0,1.9,Банк ВТБ,ВТБ Вклад (с пополнением и снятием % в конце срока),Вклад,1000,https://bankiros.ru/bank/vtb/deposits/vtb-vklad-v-rublah-s-popolneniem-i-snatiem,Есть,Есть,Есть,2025-07-01
415,91,119,1500000.0,15000000.0,1.7,Банк ВТБ,ВТБ Вклад (с пополнением и снятием % в конце срока),Вклад,1000,https://bankiros.ru/bank/vtb/deposits/vtb-vklad-v-rublah-s-popolneniem-i-snatiem,Есть,Есть,Есть,2025-07-01
416,91,119,5000000.0,50000000.0,12.7,Банк ВТБ,ВТБ Вклад (с пополнением и снятием % в конце срока),Вклад,1000,https://bankiros.ru/bank/vtb/deposits/vtb-vklad-v-rublah-s-popolneniem-i-snatiem,Есть,Есть,Есть,2025-07-01
417,91,119,15000000.0,300000000.0,12.7,Банк ВТБ,ВТБ Вклад (с пополнением и снятием % в конце срока),Вклад,1000,https://bankiros.ru/bank/vtb/deposits/vtb-vklad-v-rublah-s-popolneniem-i-snatiem,Есть,Есть,Есть,2025-07-01
418,120,180,10000.0,1000000.0,12.1,Банк ВТБ,ВТБ Вклад (с пополнением и снятием % в конце срока),Вклад,1000,https://bankiros.ru/bank/vtb/deposits/vtb-vklad-v-rublah-s-popolneniem-i-snatiem,Есть,Есть,Есть,2025-07-01
419,120,180,500000.0,5000000.0,11.05,Банк ВТБ,ВТБ Вклад (с пополнением и снятием % в конце срока),Вклад,1000,https://bankiros.ru/bank/vtb/deposits/vtb-vklad-v-rublah-s-popolneniem-i-snatiem,Есть,Есть,Есть,2025-07-01
420,120,180,1500000.0,15000000.0,6.5,Банк ВТБ,ВТБ Вклад (с пополнением и снятием % в конце срока),Вклад,1000,https://bankiros.ru/bank/vtb/deposits/vtb-vklad-v-rublah-s-popolneniem-i-snatiem,Есть,Есть,Есть,2025-07-01
421,120,180,5000000.0,50000000.0,3.1,Банк ВТБ,ВТБ Вклад (с пополнением и снятием % в конце срока),Вклад,1000,https://bankiros.ru/bank/vtb/deposits/vtb-vklad-v-rublah-s-popolneniem-i-snatiem,Есть,Есть,Есть,2025-07-01
422,120,180,15000000.0,300000000.0,1.9,Банк ВТБ,ВТБ Вклад (с пополнением и снятием % в конце срока),Вклад,1000,https://bankiros.ru/bank/vtb/deposits/vtb-vklad-v-rublah-s-popolneniem-i-snatiem,Есть,Есть,Есть,2025-07-01
423,181,369,10000.0,1000000.0,1.7,Банк ВТБ,ВТБ Вклад (с пополнением и снятием % в конце срока),Вклад,1000,https://bankiros.ru/bank/vtb/deposits/vtb-vklad-v-rublah-s-popolneniem-i-snatiem,Есть,Есть,Есть,2025-07-01
424,181,369,500000.0,5000000.0,12.7,Банк ВТБ,ВТБ Вклад (с пополнением и снятием % в конце срока),Вклад,1000,https://bankiros.ru/bank/vtb/deposits/vtb-vklad-v-rublah-s-popolneniem-i-snatiem,Есть,Есть,Есть,2025-07-01
425,181,369,1500000.0,15000000.0,12.7,Банк ВТБ,ВТБ Вклад (с пополнением и снятием % в конце срока),Вклад,1000,https://bankiros.ru/bank/vtb/deposits/vtb-vklad-v-rublah-s-popolneniem-i-snatiem,Есть,Есть,Есть,2025-07-01
426,181,369,5000000.0,50000000.0,12.1,Банк ВТБ,ВТБ Вклад (с пополнением и снятием % в конце срока),Вклад,1000,https://bankiros.ru/bank/vtb/deposits/vtb-vklad-v-rublah-s-popolneniem-i-snatiem,Есть,Есть,Есть,2025-07-01
427,181,369,15000000.0,300000000.0,11.05,Банк ВТБ,ВТБ Вклад (с пополнением и снятием % в конце срока),Вклад,1000,https://bankiros.ru/bank/vtb/deposits/vtb-vklad-v-rublah-s-popolneniem-i-snatiem,Есть,Есть,Есть,2025-07-01
428,370,547,10000.0,1000000.0,6.5,Банк ВТБ,ВТБ Вклад (с пополнением и снятием % в конце срока),Вклад,1000,https://bankiros.ru/bank/vtb/deposits/vtb-vklad-v-rublah-s-popolneniem-i-snatiem,Есть,Есть,Есть,2025-07-01
429,370,547,500000.0,5000000.0,3.1,Банк ВТБ,ВТБ Вклад (с пополнением и снятием % в конце срока),Вклад,1000,https://bankiros.ru/bank/vtb/deposits/vtb-vklad-v-rublah-s-popolneniem-i-snatiem,Есть,Есть,Есть,2025-07-01
430,370,547,1500000.0,15000000.0,1.9,Банк ВТБ,ВТБ Вклад (с пополнением и снятием % в конце срока),Вклад,1000,https://bankiros.ru/bank/vtb/deposits/vtb-vklad-v-rublah-s-popolneniem-i-snatiem,Есть,Есть,Есть,2025-07-01
431,370,547,5000000.0,50000000.0,1.7,Банк ВТБ,ВТБ Вклад (с пополнением и снятием % в конце срока),Вклад,1000,https://bankiros.ru/bank/vtb/deposits/vtb-vklad-v-rublah-s-popolneniem-i-snatiem,Есть,Есть,Есть,2025-07-01
432,370,547,15000000.0,300000000.0,12.9,Банк ВТБ,ВТБ Вклад (с пополнением и снятием % в конце срока),Вклад,1000,https://bankiros.ru/bank/vtb/deposits/vtb-vklad-v-rublah-s-popolneniem-i-snatiem,Есть,Есть,Есть,2025-07-01
433,548,729,10000.0,1000000.0,12.9,Банк ВТБ,ВТБ Вклад (с пополнением и снятием % в конце срока),Вклад,1000,https://bankiros.ru/bank/vtb/deposits/vtb-vklad-v-rublah-s-popolneniem-i-snatiem,Есть,Есть,Есть,2025-07-01
434,548,729,500000.0,5000000.0,12.3,Банк ВТБ,ВТБ Вклад (с пополнением и снятием % в конце срока),Вклад,1000,https://bankiros.ru/bank/vtb/deposits/vtb-vklad-v-rublah-s-popolneniem-i-snatiem,Есть,Есть,Есть,2025-07-01
435,548,729,1500000.0,15000000.0,11.25,Банк ВТБ,ВТБ Вклад (с пополнением и снятием % в конце срока),Вклад,1000,https://bankiros.ru/bank/vtb/deposits/vtb-vklad-v-rublah-s-popolneniem-i-snatiem,Есть,Есть,Есть,2025-07-01
436,548,729,5000000.0,50000000.0,6.7,Банк ВТБ,ВТБ Вклад (с пополнением и снятием % в конце срока),Вклад,1000,https://bankiros.ru/bank/vtb/deposits/vtb-vklad-v-rublah-s-popolneniem-i-snatiem,Есть,Есть,Есть,2025-07-01
437,548,729,15000000.0,300000000.0,3.3,Банк ВТБ,ВТБ Вклад (с пополнением и снятием % в конце срока),Вклад,1000,https://bankiros.ru/bank/vtb/deposits/vtb-vklad-v-rublah-s-popolneniem-i-snatiem,Есть,Есть,Есть,2025-07-01
438,730,1094,10000.0,1000000.0,2.1,Банк ВТБ,ВТБ Вклад (с пополнением и снятием % в конце срока),Вклад,1000,https://bankiros.ru/bank/vtb/deposits/vtb-vklad-v-rublah-s-popolneniem-i-snatiem,Есть,Есть,Есть,2025-07-01
439,730,1094,500000.0,5000000.0,1.9,Банк ВТБ,ВТБ Вклад (с пополнением и снятием % в конце срока),Вклад,1000,https://bankiros.ru/bank/vtb/deposits/vtb-vklad-v-rublah-s-popolneniem-i-snatiem,Есть,Есть,Есть,2025-07-01
440,730,1094,1500000.0,15000000.0,14.9,Банк ВТБ,ВТБ Вклад (с пополнением и снятием % в конце срока),Вклад,1000,https://bankiros.ru/bank/vtb/deposits/vtb-vklad-v-rublah-s-popolneniem-i-snatiem,Есть,Есть,Есть,2025-07-01
441,730,1094,5000000.0,50000000.0,14.9,Банк ВТБ,ВТБ Вклад (с пополнением и снятием % в конце срока),Вклад,1000,https://bankiros.ru/bank/vtb/deposits/vtb-vklad-v-rublah-s-popolneniem-i-snatiem,Есть,Есть,Есть,2025-07-01
442,730,1094,15000000.0,300000000.0,14.0,Банк ВТБ,ВТБ Вклад (с пополнением и снятием % в конце срока),Вклад,1000,https://bankiros.ru/bank/vtb/deposits/vtb-vklad-v-rublah-s-popolneniem-i-snatiem,Есть,Есть,Есть,2025-07-01
443,1095,9999,10000.0,1000000.0,12.25,Банк ВТБ,ВТБ Вклад (с пополнением и снятием % в конце срока),Вклад,1000,https://bankiros.ru/bank/vtb/deposits/vtb-vklad-v-rublah-s-popolneniem-i-snatiem,Есть,Есть,Есть,2025-07-01
444,1095,9999,500000.0,5000000.0,6.7,Банк ВТБ,ВТБ Вклад (с пополнением и снятием % в конце срока),Вклад,1000,https://bankiros.ru/bank/vtb/deposits/vtb-vklad-v-rublah-s-popolneniem-i-snatiem,Есть,Есть,Есть,2025-07-01
445,1095,9999,1500000.0,15000000.0,3.3,Банк ВТБ,ВТБ Вклад (с пополнением и снятием % в конце срока),Вклад,1000,https://bankiros.ru/bank/vtb/deposits/vtb-vklad-v-rublah-s-popolneniem-i-snatiem,Есть,Есть,Есть,2025-07-01
446,1095,9999,5000000.0,50000000.0,2.1,Банк ВТБ,ВТБ Вклад (с пополнением и снятием % в конце срока),Вклад,1000,https://bankiros.ru/bank/vtb/deposits/vtb-vklad-v-rublah-s-popolneniem-i-snatiem,Есть,Есть,Есть,2025-07-01
447,1095,9999,15000000.0,300000000.0,1.9,Банк ВТБ,ВТБ Вклад (с пополнением и снятием % в конце срока),Вклад,1000,https://bankiros.ru/bank/vtb/deposits/vtb-vklad-v-rublah-s-popolneniem-i-snatiem,Есть,Есть,Есть,2025-07-01
448,91,179,5000.0,999999999.0,19.5,Россельхозбанк,Свой вклад (% в конце срока),Вклад,3349,https://bankiros.ru/bank/rshb/deposits/svoj-vklad-5,Нет,Нет,Есть,2025-07-01
449,180,269,5000.0,999999999.0,18.5,Россельхозбанк,Свой вклад (% в конце срока),Вклад,3349,https://bankiros.ru/bank/rshb/deposits/svoj-vklad-5,Нет,Нет,Есть,2025-07-01
450,270,394,5000.0,999999999.0,17.0,Россельхозбанк,Свой вклад (% в конце срока),Вклад,3349,https://bankiros.ru/bank/rshb/deposits/svoj-vklad-5,Нет,Нет,Есть,2025-07-01
451,395,539,5000.0,999999999.0,17.0,Россельхозбанк,Свой вклад (% в конце срока),Вклад,3349,https://bankiros.ru/bank/rshb/deposits/svoj-vklad-5,Нет,Нет,Есть,2025-07-01
452,540,729,5000.0,999999999.0,8.2,Россельхозбанк,Свой вклад (% в конце срока),Вклад,3349,https://bankiros.ru/bank/rshb/deposits/svoj-vklad-5,Нет,Нет,Есть,2025-07-01
453,730,1094,5000.0,999999999.0,8.6,Россельхозбанк,Свой вклад (% в конце срока),Вклад,3349,https://bankiros.ru/bank/rshb/deposits/svoj-vklad-5,Нет,Нет,Есть,2025-07-01
454,1095,1459,5000.0,999999999.0,10.0,Россельхозбанк,Свой вклад (% в конце срока),Вклад,3349,https://bankiros.ru/bank/rshb/deposits/svoj-vklad-5,Нет,Нет,Есть,2025-07-01
455,1460,9999,5000.0,999999999.0,0.01,Россельхозбанк,Свой вклад (% в конце срока),Вклад,3349,https://bankiros.ru/bank/rshb/deposits/svoj-vklad-5,Нет,Нет,Есть,2025-07-01
456,1095,9999,3000.0,999999999.0,15.0,Россельхозбанк,Доходный онлайн,Вклад,3349,https://bankiros.ru/bank/rshb/deposits/dohodnyj-v-konce-sroka,Нет,Нет,Есть,2025-07-01
457,91,91,3000.0,999999999.0,19.5,Россельхозбанк,Доходный (% в конце срока),Вклад,3349,https://bankiros.ru/bank/rshb/deposits/dohodnyy,Нет,Нет,Есть,2025-07-01
458,92,179,3000.0,999999999.0,19.5,Россельхозбанк,Доходный (% в конце срока),Вклад,3349,https://bankiros.ru/bank/rshb/deposits/dohodnyy,Нет,Нет,Есть,2025-07-01
459,180,181,3000.0,999999999.0,18.5,Россельхозбанк,Доходный (% в конце срока),Вклад,3349,https://bankiros.ru/bank/rshb/deposits/dohodnyy,Нет,Нет,Есть,2025-07-01
460,182,269,3000.0,999999999.0,18.5,Россельхозбанк,Доходный (% в конце срока),Вклад,3349,https://bankiros.ru/bank/rshb/deposits/dohodnyy,Нет,Нет,Есть,2025-07-01
461,270,271,3000.0,999999999.0,17.0,Россельхозбанк,Доходный (% в конце срока),Вклад,3349,https://bankiros.ru/bank/rshb/deposits/dohodnyy,Нет,Нет,Есть,2025-07-01
462,272,299,3000.0,999999999.0,17.0,Россельхозбанк,Доходный (% в конце срока),Вклад,3349,https://bankiros.ru/bank/rshb/deposits/dohodnyy,Нет,Нет,Есть,2025-07-01
463,300,364,3000.0,999999999.0,0.01,Россельхозбанк,Доходный (% в конце срока),Вклад,3349,https://bankiros.ru/bank/rshb/deposits/dohodnyy,Нет,Нет,Есть,2025-07-01
464,365,394,3000.0,999999999.0,17.0,Россельхозбанк,Доходный (% в конце срока),Вклад,3349,https://bankiros.ru/bank/rshb/deposits/dohodnyy,Нет,Нет,Есть,2025-07-01
465,395,539,3000.0,999999999.0,17.0,Россельхозбанк,Доходный (% в конце срока),Вклад,3349,https://bankiros.ru/bank/rshb/deposits/dohodnyy,Нет,Нет,Есть,2025-07-01
466,540,729,3000.0,999999999.0,8.2,Россельхозбанк,Доходный (% в конце срока),Вклад,3349,https://bankiros.ru/bank/rshb/deposits/dohodnyy,Нет,Нет,Есть,2025-07-01
467,730,1094,3000.0,999999999.0,8.6,Россельхозбанк,Доходный (% в конце срока),Вклад,3349,https://bankiros.ru/bank/rshb/deposits/dohodnyy,Нет,Нет,Есть,2025-07-01
468,1095,1459,3000.0,999999999.0,10.0,Россельхозбанк,Доходный (% в конце срока),Вклад,3349,https://bankiros.ru/bank/rshb/deposits/dohodnyy,Нет,Нет,Есть,2025-07-01
469,1460,9999,3000.0,999999999.0,0.01,Россельхозбанк,Доходный (% в конце срока),Вклад,3349,https://bankiros.ru/bank/rshb/deposits/dohodnyy,Нет,Нет,Есть,2025-07-01
470,91,91,500.0,999999999.0,19.5,Россельхозбанк,Доходный Пенсионный (% в конце срока),Вклад,3349,https://bankiros.ru/bank/rshb/deposits/dohodnyj-pensionnyj-vyplata-v-konce-sroka,Нет,Нет,Есть,2025-07-01
471,92,179,500.0,999999999.0,19.5,Россельхозбанк,Доходный Пенсионный (% в конце срока),Вклад,3349,https://bankiros.ru/bank/rshb/deposits/dohodnyj-pensionnyj-vyplata-v-konce-sroka,Нет,Нет,Есть,2025-07-01
472,180,181,500.0,999999999.0,18.5,Россельхозбанк,Доходный Пенсионный (% в конце срока),Вклад,3349,https://bankiros.ru/bank/rshb/deposits/dohodnyj-pensionnyj-vyplata-v-konce-sroka,Нет,Нет,Есть,2025-07-01
473,182,269,500.0,999999999.0,18.5,Россельхозбанк,Доходный Пенсионный (% в конце срока),Вклад,3349,https://bankiros.ru/bank/rshb/deposits/dohodnyj-pensionnyj-vyplata-v-konce-sroka,Нет,Нет,Есть,2025-07-01
474,270,271,500.0,999999999.0,17.0,Россельхозбанк,Доходный Пенсионный (% в конце срока),Вклад,3349,https://bankiros.ru/bank/rshb/deposits/dohodnyj-pensionnyj-vyplata-v-konce-sroka,Нет,Нет,Есть,2025-07-01
475,272,394,500.0,999999999.0,17.0,Россельхозбанк,Доходный Пенсионный (% в конце срока),Вклад,3349,https://bankiros.ru/bank/rshb/deposits/dohodnyj-pensionnyj-vyplata-v-konce-sroka,Нет,Нет,Есть,2025-07-01
476,395,539,500.0,999999999.0,17.0,Россельхозбанк,Доходный Пенсионный (% в конце срока),Вклад,3349,https://bankiros.ru/bank/rshb/deposits/dohodnyj-pensionnyj-vyplata-v-konce-sroka,Нет,Нет,Есть,2025-07-01
477,540,729,500.0,999999999.0,8.2,Россельхозбанк,Доходный Пенсионный (% в конце срока),Вклад,3349,https://bankiros.ru/bank/rshb/deposits/dohodnyj-pensionnyj-vyplata-v-konce-sroka,Нет,Нет,Есть,2025-07-01
478,730,1094,500.0,999999999.0,8.6,Россельхозбанк,Доходный Пенсионный (% в конце срока),Вклад,3349,https://bankiros.ru/bank/rshb/deposits/dohodnyj-pensionnyj-vyplata-v-konce-sroka,Нет,Нет,Есть,2025-07-01
479,1095,1459,500.0,999999999.0,10.0,Россельхозбанк,Доходный Пенсионный (% в конце срока),Вклад,3349,https://bankiros.ru/bank/rshb/deposits/dohodnyj-pensionnyj-vyplata-v-konce-sroka,Нет,Нет,Есть,2025-07-01
480,1460,9999,500.0,999999999.0,0.01,Россельхозбанк,Доходный Пенсионный (% в конце срока),Вклад,3349,https://bankiros.ru/bank/rshb/deposits/dohodnyj-pensionnyj-vyplata-v-konce-sroka,Нет,Нет,Есть,2025-07-01
481,91,9999,5000.0,999999999.0,19.5,Россельхозбанк,Свой вклад (для новых клиентов),Вклад,3349,https://bankiros.ru/bank/rshb/deposits/svoj-vklad-3,Нет,Нет,Есть,2025-07-01
482,91,179,5000.0,999999999.0,19.15,Россельхозбанк,Свой вклад (% ежемесячно),Вклад,3349,https://bankiros.ru/bank/rshb/deposits/svoj-vklad-7,Нет,Нет,Есть,2025-07-01
483,180,269,5000.0,999999999.0,17.8,Россельхозбанк,Свой вклад (% ежемесячно),Вклад,3349,https://bankiros.ru/bank/rshb/deposits/svoj-vklad-7,Нет,Нет,Есть,2025-07-01
484,270,394,5000.0,999999999.0,15.9,Россельхозбанк,Свой вклад (% ежемесячно),Вклад,3349,https://bankiros.ru/bank/rshb/deposits/svoj-vklad-7,Нет,Нет,Есть,2025-07-01
485,395,539,5000.0,999999999.0,15.5,Россельхозбанк,Свой вклад (% ежемесячно),Вклад,3349,https://bankiros.ru/bank/rshb/deposits/svoj-vklad-7,Нет,Нет,Есть,2025-07-01
486,540,729,5000.0,999999999.0,7.75,Россельхозбанк,Свой вклад (% ежемесячно),Вклад,3349,https://bankiros.ru/bank/rshb/deposits/svoj-vklad-7,Нет,Нет,Есть,2025-07-01
487,730,1094,5000.0,999999999.0,7.95,Россельхозбанк,Свой вклад (% ежемесячно),Вклад,3349,https://bankiros.ru/bank/rshb/deposits/svoj-vklad-7,Нет,Нет,Есть,2025-07-01
488,1095,1459,5000.0,999999999.0,8.75,Россельхозбанк,Свой вклад (% ежемесячно),Вклад,3349,https://bankiros.ru/bank/rshb/deposits/svoj-vklad-7,Нет,Нет,Есть,2025-07-01
489,1460,9999,5000.0,999999999.0,0.01,Россельхозбанк,Свой вклад (% ежемесячно),Вклад,3349,https://bankiros.ru/bank/rshb/deposits/svoj-vklad-7,Нет,Нет,Есть,2025-07-01
490,1,91,1.0,100.0,0.01,Россельхозбанк,Накопительный счёт  «Мой счет»,Накопительный счет,3349,https://bankiros.ru/bank/rshb/deposits/nakopitelnyj-scet-moj-scet,Есть,Есть,Нет,2025-07-01
491,1,91,101.0,100.0,0.01,Россельхозбанк,Накопительный счёт  «Мой счет»,Накопительный счет,3349,https://bankiros.ru/bank/rshb/deposits/nakopitelnyj-scet-moj-scet,Есть,Есть,Нет,2025-07-01
492,1,91,101.0,3000000.0,,Россельхозбанк,Накопительный счёт  «Мой счет»,Накопительный счет,3349,https://bankiros.ru/bank/rshb/deposits/nakopitelnyj-scet-moj-scet,Есть,Есть,Нет,2025-07-01
493,92,9999,1.0,100.0,9.0,Россельхозбанк,Накопительный счёт  «Мой счет»,Накопительный счет,3349,https://bankiros.ru/bank/rshb/deposits/nakopitelnyj-scet-moj-scet,Есть,Есть,Нет,2025-07-01
494,92,9999,101.0,100.0,19.0,Россельхозбанк,Накопительный счёт  «Мой счет»,Накопительный счет,3349,https://bankiros.ru/bank/rshb/deposits/nakopitelnyj-scet-moj-scet,Есть,Есть,Нет,2025-07-01
495,92,9999,101.0,3000000.0,,Россельхозбанк,Накопительный счёт  «Мой счет»,Накопительный счет,3349,https://bankiros.ru/bank/rshb/deposits/nakopitelnyj-scet-moj-scet,Есть,Есть,Нет,2025-07-01
496,1,9999,1.0,100.0,0.01,Россельхозбанк, «Моя копилка»,Накопительный счет,3349,https://bankiros.ru/bank/rshb/deposits/nakopitelnyj-scet-moa-kopilka,Есть,Есть,Нет,2025-07-01
497,1,9999,101.0,999999999.0,10.5,Россельхозбанк, «Моя копилка»,Накопительный счет,3349,https://bankiros.ru/bank/rshb/deposits/nakopitelnyj-scet-moa-kopilka,Есть,Есть,Нет,2025-07-01
498,1,180,10000.0,999999999.0,6.5,Россельхозбанк,Растущий доход,Вклад,3349,https://bankiros.ru/bank/rshb/deposits/rastusij-dohod,Нет,Нет,Нет,2025-07-01
499,181,360,10000.0,999999999.0,7.5,Россельхозбанк,Растущий доход,Вклад,3349,https://bankiros.ru/bank/rshb/deposits/rastusij-dohod,Нет,Нет,Нет,2025-07-01
500,361,540,10000.0,999999999.0,9.5,Россельхозбанк,Растущий доход,Вклад,3349,https://bankiros.ru/bank/rshb/deposits/rastusij-dohod,Нет,Нет,Нет,2025-07-01
501,91,91,3000.0,10000000.0,,Россельхозбанк,Пополняемый,Вклад,3349,https://bankiros.ru/bank/rshb/deposits/popolnaemyj-otkrytie-v-banke,Есть,Нет,Есть,2025-07-01
502,91,91,3000.0,700000.0,,Россельхозбанк,Пополняемый,Вклад,3349,https://bankiros.ru/bank/rshb/deposits/popolnaemyj-otkrytie-v-banke,Есть,Нет,Есть,2025-07-01
503,91,91,700001.0,10000000.0,,Россельхозбанк,Пополняемый,Вклад,3349,https://bankiros.ru/bank/rshb/deposits/popolnaemyj-otkrytie-v-banke,Есть,Нет,Есть,2025-07-01
504,92,179,3000.0,10000000.0,,Россельхозбанк,Пополняемый,Вклад,3349,https://bankiros.ru/bank/rshb/deposits/popolnaemyj-otkrytie-v-banke,Есть,Нет,Есть,2025-07-01
505,92,179,3000.0,700000.0,,Россельхозбанк,Пополняемый,Вклад,3349,https://bankiros.ru/bank/rshb/deposits/popolnaemyj-otkrytie-v-banke,Есть,Нет,Есть,2025-07-01
506,92,179,700001.0,10000000.0,,Россельхозбанк,Пополняемый,Вклад,3349,https://bankiros.ru/bank/rshb/deposits/popolnaemyj-otkrytie-v-banke,Есть,Нет,Есть,2025-07-01
507,180,181,3000.0,10000000.0,,Россельхозбанк,Пополняемый,Вклад,3349,https://bankiros.ru/bank/rshb/deposits/popolnaemyj-otkrytie-v-banke,Есть,Нет,Есть,2025-07-01
508,180,181,3000.0,700000.0,,Россельхозбанк,Пополняемый,Вклад,3349,https://bankiros.ru/bank/rshb/deposits/popolnaemyj-otkrytie-v-banke,Есть,Нет,Есть,2025-07-01
509,180,181,700001.0,10000000.0,,Россельхозбанк,Пополняемый,Вклад,3349,https://bankiros.ru/bank/rshb/deposits/popolnaemyj-otkrytie-v-banke,Есть,Нет,Есть,2025-07-01
510,182,269,3000.0,10000000.0,5.9,Россельхозбанк,Пополняемый,Вклад,3349,https://bankiros.ru/bank/rshb/deposits/popolnaemyj-otkrytie-v-banke,Есть,Нет,Есть,2025-07-01
511,182,269,3000.0,700000.0,6.6,Россельхозбанк,Пополняемый,Вклад,3349,https://bankiros.ru/bank/rshb/deposits/popolnaemyj-otkrytie-v-banke,Есть,Нет,Есть,2025-07-01
512,182,269,700001.0,10000000.0,6.6,Россельхозбанк,Пополняемый,Вклад,3349,https://bankiros.ru/bank/rshb/deposits/popolnaemyj-otkrytie-v-banke,Есть,Нет,Есть,2025-07-01
513,270,271,3000.0,10000000.0,6.0,Россельхозбанк,Пополняемый,Вклад,3349,https://bankiros.ru/bank/rshb/deposits/popolnaemyj-otkrytie-v-banke,Есть,Нет,Есть,2025-07-01
514,270,271,3000.0,700000.0,6.0,Россельхозбанк,Пополняемый,Вклад,3349,https://bankiros.ru/bank/rshb/deposits/popolnaemyj-otkrytie-v-banke,Есть,Нет,Есть,2025-07-01
515,270,271,700001.0,10000000.0,6.0,Россельхозбанк,Пополняемый,Вклад,3349,https://bankiros.ru/bank/rshb/deposits/popolnaemyj-otkrytie-v-banke,Есть,Нет,Есть,2025-07-01
516,272,394,3000.0,10000000.0,6.0,Россельхозбанк,Пополняемый,Вклад,3349,https://bankiros.ru/bank/rshb/deposits/popolnaemyj-otkrytie-v-banke,Есть,Нет,Есть,2025-07-01
517,272,394,3000.0,700000.0,5.9,Россельхозбанк,Пополняемый,Вклад,3349,https://bankiros.ru/bank/rshb/deposits/popolnaemyj-otkrytie-v-banke,Есть,Нет,Есть,2025-07-01
518,272,394,700001.0,10000000.0,5.9,Россельхозбанк,Пополняемый,Вклад,3349,https://bankiros.ru/bank/rshb/deposits/popolnaemyj-otkrytie-v-banke,Есть,Нет,Есть,2025-07-01
519,395,539,3000.0,10000000.0,5.9,Россельхозбанк,Пополняемый,Вклад,3349,https://bankiros.ru/bank/rshb/deposits/popolnaemyj-otkrytie-v-banke,Есть,Нет,Есть,2025-07-01
520,395,539,3000.0,700000.0,,Россельхозбанк,Пополняемый,Вклад,3349,https://bankiros.ru/bank/rshb/deposits/popolnaemyj-otkrytie-v-banke,Есть,Нет,Есть,2025-07-01
521,395,539,700001.0,10000000.0,6.7,Россельхозбанк,Пополняемый,Вклад,3349,https://bankiros.ru/bank/rshb/deposits/popolnaemyj-otkrytie-v-banke,Есть,Нет,Есть,2025-07-01
522,540,729,3000.0,10000000.0,6.7,Россельхозбанк,Пополняемый,Вклад,3349,https://bankiros.ru/bank/rshb/deposits/popolnaemyj-otkrytie-v-banke,Есть,Нет,Есть,2025-07-01
523,540,729,3000.0,700000.0,6.1,Россельхозбанк,Пополняемый,Вклад,3349,https://bankiros.ru/bank/rshb/deposits/popolnaemyj-otkrytie-v-banke,Есть,Нет,Есть,2025-07-01
524,540,729,700001.0,10000000.0,6.1,Россельхозбанк,Пополняемый,Вклад,3349,https://bankiros.ru/bank/rshb/deposits/popolnaemyj-otkrytie-v-banke,Есть,Нет,Есть,2025-07-01
525,730,1094,3000.0,10000000.0,6.1,Россельхозбанк,Пополняемый,Вклад,3349,https://bankiros.ru/bank/rshb/deposits/popolnaemyj-otkrytie-v-banke,Есть,Нет,Есть,2025-07-01
526,730,1094,3000.0,700000.0,6.1,Россельхозбанк,Пополняемый,Вклад,3349,https://bankiros.ru/bank/rshb/deposits/popolnaemyj-otkrytie-v-banke,Есть,Нет,Есть,2025-07-01
527,730,1094,700001.0,10000000.0,6.0,Россельхозбанк,Пополняемый,Вклад,3349,https://bankiros.ru/bank/rshb/deposits/popolnaemyj-otkrytie-v-banke,Есть,Нет,Есть,2025-07-01
528,1095,9999,3000.0,10000000.0,6.0,Россельхозбанк,Пополняемый,Вклад,3349,https://bankiros.ru/bank/rshb/deposits/popolnaemyj-otkrytie-v-banke,Есть,Нет,Есть,2025-07-01
529,1095,9999,3000.0,700000.0,6.0,Россельхозбанк,Пополняемый,Вклад,3349,https://bankiros.ru/bank/rshb/deposits/popolnaemyj-otkrytie-v-banke,Есть,Нет,Есть,2025-07-01
530,1095,9999,700001.0,10000000.0,6.0,Россельхозбанк,Пополняемый,Вклад,3349,https://bankiros.ru/bank/rshb/deposits/popolnaemyj-otkrytie-v-banke,Есть,Нет,Есть,2025-07-01
531,91,91,10000.0,700000.0,6.4,Россельхозбанк,Комфортный,Вклад,3349,https://bankiros.ru/bank/rshb/deposits/komfortnyj-2,Есть,Есть,Есть,2025-07-01
532,91,91,700001.0,10000000.0,6.4,Россельхозбанк,Комфортный,Вклад,3349,https://bankiros.ru/bank/rshb/deposits/komfortnyj-2,Есть,Есть,Есть,2025-07-01
533,92,179,10000.0,700000.0,5.9,Россельхозбанк,Комфортный,Вклад,3349,https://bankiros.ru/bank/rshb/deposits/komfortnyj-2,Есть,Есть,Есть,2025-07-01
534,92,179,700001.0,10000000.0,5.9,Россельхозбанк,Комфортный,Вклад,3349,https://bankiros.ru/bank/rshb/deposits/komfortnyj-2,Есть,Есть,Есть,2025-07-01
535,180,181,10000.0,700000.0,5.4,Россельхозбанк,Комфортный,Вклад,3349,https://bankiros.ru/bank/rshb/deposits/komfortnyj-2,Есть,Есть,Есть,2025-07-01
536,180,181,700001.0,10000000.0,5.4,Россельхозбанк,Комфортный,Вклад,3349,https://bankiros.ru/bank/rshb/deposits/komfortnyj-2,Есть,Есть,Есть,2025-07-01
537,182,269,10000.0,700000.0,4.6,Россельхозбанк,Комфортный,Вклад,3349,https://bankiros.ru/bank/rshb/deposits/komfortnyj-2,Есть,Есть,Есть,2025-07-01
538,182,269,700001.0,10000000.0,4.6,Россельхозбанк,Комфортный,Вклад,3349,https://bankiros.ru/bank/rshb/deposits/komfortnyj-2,Есть,Есть,Есть,2025-07-01
539,270,271,10000.0,700000.0,4.6,Россельхозбанк,Комфортный,Вклад,3349,https://bankiros.ru/bank/rshb/deposits/komfortnyj-2,Есть,Есть,Есть,2025-07-01
540,270,271,700001.0,10000000.0,4.6,Россельхозбанк,Комфортный,Вклад,3349,https://bankiros.ru/bank/rshb/deposits/komfortnyj-2,Есть,Есть,Есть,2025-07-01
541,272,394,10000.0,700000.0,6.5,Россельхозбанк,Комфортный,Вклад,3349,https://bankiros.ru/bank/rshb/deposits/komfortnyj-2,Есть,Есть,Есть,2025-07-01
542,272,394,700001.0,10000000.0,6.5,Россельхозбанк,Комфортный,Вклад,3349,https://bankiros.ru/bank/rshb/deposits/komfortnyj-2,Есть,Есть,Есть,2025-07-01
543,395,539,10000.0,700000.0,6.0,Россельхозбанк,Комфортный,Вклад,3349,https://bankiros.ru/bank/rshb/deposits/komfortnyj-2,Есть,Есть,Есть,2025-07-01
544,395,539,700001.0,10000000.0,6.0,Россельхозбанк,Комфортный,Вклад,3349,https://bankiros.ru/bank/rshb/deposits/komfortnyj-2,Есть,Есть,Есть,2025-07-01
545,540,729,10000.0,700000.0,5.5,Россельхозбанк,Комфортный,Вклад,3349,https://bankiros.ru/bank/rshb/deposits/komfortnyj-2,Есть,Есть,Есть,2025-07-01
546,540,729,700001.0,10000000.0,5.5,Россельхозбанк,Комфортный,Вклад,3349,https://bankiros.ru/bank/rshb/deposits/komfortnyj-2,Есть,Есть,Есть,2025-07-01
547,730,1094,10000.0,700000.0,4.7,Россельхозбанк,Комфортный,Вклад,3349,https://bankiros.ru/bank/rshb/deposits/komfortnyj-2,Есть,Есть,Есть,2025-07-01
548,730,1094,700001.0,10000000.0,4.7,Россельхозбанк,Комфортный,Вклад,3349,https://bankiros.ru/bank/rshb/deposits/komfortnyj-2,Есть,Есть,Есть,2025-07-01
549,1095,9999,10000.0,700000.0,4.7,Россельхозбанк,Комфортный,Вклад,3349,https://bankiros.ru/bank/rshb/deposits/komfortnyj-2,Есть,Есть,Есть,2025-07-01
550,1095,9999,700001.0,10000000.0,4.7,Россельхозбанк,Комфортный,Вклад,3349,https://bankiros.ru/bank/rshb/deposits/komfortnyj-2,Есть,Есть,Есть,2025-07-01
551,365,394,500.0,1999990.0,5.0,Россельхозбанк,Пенсионный Плюс,Вклад,3349,https://bankiros.ru/bank/rshb/deposits/pensionnyj-plus,Есть,Есть,Есть,2025-07-01
552,365,394,2000000.0,10000000.0,6.0,Россельхозбанк,Пенсионный Плюс,Вклад,3349,https://bankiros.ru/bank/rshb/deposits/pensionnyj-plus,Есть,Есть,Есть,2025-07-01
553,395,729,500.0,1999990.0,4.8,Россельхозбанк,Пенсионный Плюс,Вклад,3349,https://bankiros.ru/bank/rshb/deposits/pensionnyj-plus,Есть,Есть,Есть,2025-07-01
554,395,729,2000000.0,10000000.0,3.8,Россельхозбанк,Пенсионный Плюс,Вклад,3349,https://bankiros.ru/bank/rshb/deposits/pensionnyj-plus,Есть,Есть,Есть,2025-07-01
555,730,1094,500.0,1999990.0,5.2,Россельхозбанк,Пенсионный Плюс,Вклад,3349,https://bankiros.ru/bank/rshb/deposits/pensionnyj-plus,Есть,Есть,Есть,2025-07-01
556,730,1094,2000000.0,10000000.0,6.2,Россельхозбанк,Пенсионный Плюс,Вклад,3349,https://bankiros.ru/bank/rshb/deposits/pensionnyj-plus,Есть,Есть,Есть,2025-07-01
557,1095,9999,500.0,1999990.0,5.0,Россельхозбанк,Пенсионный Плюс,Вклад,3349,https://bankiros.ru/bank/rshb/deposits/pensionnyj-plus,Есть,Есть,Есть,2025-07-01
558,1095,9999,2000000.0,10000000.0,4.0,Россельхозбанк,Пенсионный Плюс,Вклад,3349,https://bankiros.ru/bank/rshb/deposits/pensionnyj-plus,Есть,Есть,Есть,2025-07-01
559,730,1094,3000.0,10000000.0,4.0,Россельхозбанк,Накопи на мечту,Вклад,3349,https://bankiros.ru/bank/rshb/deposits/nakopi-na-mectu-v-rublah,Есть,Нет,Есть,2025-07-01
560,1095,1459,3000.0,10000000.0,4.0,Россельхозбанк,Накопи на мечту,Вклад,3349,https://bankiros.ru/bank/rshb/deposits/nakopi-na-mectu-v-rublah,Есть,Нет,Есть,2025-07-01
561,1460,1794,3000.0,10000000.0,3.5,Россельхозбанк,Накопи на мечту,Вклад,3349,https://bankiros.ru/bank/rshb/deposits/nakopi-na-mectu-v-rublah,Есть,Нет,Есть,2025-07-01
562,1795,9999,3000.0,10000000.0,3.2,Россельхозбанк,Накопи на мечту,Вклад,3349,https://bankiros.ru/bank/rshb/deposits/nakopi-na-mectu-v-rublah,Есть,Нет,Есть,2025-07-01
563,1,61,100000.0,999999999.0,33.0,Металлинвестбанк,Доходный год,Вклад,2440,https://bankiros.ru/bank/metallinvestbank/deposits/dohodnyj-god-2,Нет,Нет,Есть,2025-07-01
564,62,122,100000.0,999999999.0,15.5,Металлинвестбанк,Доходный год,Вклад,2440,https://bankiros.ru/bank/metallinvestbank/deposits/dohodnyj-god-2,Нет,Нет,Есть,2025-07-01
565,123,367,100000.0,999999999.0,15.0,Металлинвестбанк,Доходный год,Вклад,2440,https://bankiros.ru/bank/metallinvestbank/deposits/dohodnyj-god-2,Нет,Нет,Есть,2025-07-01
566,31,90,10000.0,999999999.0,18.0,Металлинвестбанк,Максимальный доход (проценты в конце срока),Вклад,2440,https://bankiros.ru/bank/metallinvestbank/deposits/maksimalnyj-dohod-procenty-v-konce-sroka,Нет,Нет,Нет,2025-07-01
567,91,180,10000.0,999999999.0,19.0,Металлинвестбанк,Максимальный доход (проценты в конце срока),Вклад,2440,https://bankiros.ru/bank/metallinvestbank/deposits/maksimalnyj-dohod-procenty-v-konce-sroka,Нет,Нет,Нет,2025-07-01
568,181,366,10000.0,999999999.0,18.5,Металлинвестбанк,Максимальный доход (проценты в конце срока),Вклад,2440,https://bankiros.ru/bank/metallinvestbank/deposits/maksimalnyj-dohod-procenty-v-konce-sroka,Нет,Нет,Нет,2025-07-01
569,367,549,10000.0,999999999.0,17.5,Металлинвестбанк,Максимальный доход (проценты в конце срока),Вклад,2440,https://bankiros.ru/bank/metallinvestbank/deposits/maksimalnyj-dohod-procenty-v-konce-sroka,Нет,Нет,Нет,2025-07-01
570,550,739,10000.0,999999999.0,16.5,Металлинвестбанк,Максимальный доход (проценты в конце срока),Вклад,2440,https://bankiros.ru/bank/metallinvestbank/deposits/maksimalnyj-dohod-procenty-v-konce-sroka,Нет,Нет,Нет,2025-07-01
571,740,1099,10000.0,999999999.0,16.0,Металлинвестбанк,Максимальный доход (проценты в конце срока),Вклад,2440,https://bankiros.ru/bank/metallinvestbank/deposits/maksimalnyj-dohod-procenty-v-konce-sroka,Нет,Нет,Нет,2025-07-01
572,1100,9999,10000.0,999999999.0,15.0,Металлинвестбанк,Максимальный доход (проценты в конце срока),Вклад,2440,https://bankiros.ru/bank/metallinvestbank/deposits/maksimalnyj-dohod-procenty-v-konce-sroka,Нет,Нет,Нет,2025-07-01
573,1,61,0.0,999999999.0,19.0,Металлинвестбанк,Накопительный счет «Комфортный NEW»,Накопительный счет,2440,https://bankiros.ru/bank/metallinvestbank/deposits/nakopitelnyj-scet-komfortnyj-new,Есть,Есть,Нет,2025-07-01
574,62,9999,0.0,999999999.0,18.0,Металлинвестбанк,Накопительный счет «Комфортный NEW»,Накопительный счет,2440,https://bankiros.ru/bank/metallinvestbank/deposits/nakopitelnyj-scet-komfortnyj-new,Есть,Есть,Нет,2025-07-01
575,1,9999,0.0,999999999.0,18.0,Металлинвестбанк,Накопительный счет «Комфортный»,Накопительный счет,2440,https://bankiros.ru/bank/metallinvestbank/deposits/nakopitelnyj-scet-komfortnyj,Есть,Есть,Нет,2025-07-01
576,1,9999,1.0,200000.0,16.5,Металлинвестбанк,Накопительный счет «Доходный»,Накопительный счет,2440,https://bankiros.ru/bank/metallinvestbank/deposits/nakopitelnyj-scet-dohodnyj,Есть,Есть,Нет,2025-07-01
577,1,9999,200001.0,500000.0,17.0,Металлинвестбанк,Накопительный счет «Доходный»,Накопительный счет,2440,https://bankiros.ru/bank/metallinvestbank/deposits/nakopitelnyj-scet-dohodnyj,Есть,Есть,Нет,2025-07-01
578,1,9999,500001.0,1500000.0,16.25,Металлинвестбанк,Накопительный счет «Доходный»,Накопительный счет,2440,https://bankiros.ru/bank/metallinvestbank/deposits/nakopitelnyj-scet-dohodnyj,Есть,Есть,Нет,2025-07-01
579,1,9999,1500010.0,100000000.0,15.5,Металлинвестбанк,Накопительный счет «Доходный»,Накопительный счет,2440,https://bankiros.ru/bank/metallinvestbank/deposits/nakopitelnyj-scet-dohodnyj,Есть,Есть,Нет,2025-07-01
580,1,9999,100000000.0,999999999.0,0.01,Металлинвестбанк,Накопительный счет «Доходный»,Накопительный счет,2440,https://bankiros.ru/bank/metallinvestbank/deposits/nakopitelnyj-scet-dohodnyj,Есть,Есть,Нет,2025-07-01
581,181,366,10000.0,999999999.0,9.8,Металлинвестбанк,Пополняемый,Вклад,2440,https://bankiros.ru/bank/metallinvestbank/deposits/popolnaemyj-5,Есть,Нет,Есть,2025-07-01
582,367,9999,10000.0,999999999.0,10.0,Металлинвестбанк,Пополняемый,Вклад,2440,https://bankiros.ru/bank/metallinvestbank/deposits/popolnaemyj-5,Есть,Нет,Есть,2025-07-01
583,181,366,10000.0,999999999.0,16.6,Металлинвестбанк,Максимальный доход (ежемесячно),Вклад,2440,https://bankiros.ru/bank/metallinvestbank/deposits/maksimalnyj-dohod-ezemesacno,Нет,Нет,Есть,2025-07-01
584,367,549,10000.0,999999999.0,15.5,Металлинвестбанк,Максимальный доход (ежемесячно),Вклад,2440,https://bankiros.ru/bank/metallinvestbank/deposits/maksimalnyj-dohod-ezemesacno,Нет,Нет,Есть,2025-07-01
585,550,739,10000.0,999999999.0,14.5,Металлинвестбанк,Максимальный доход (ежемесячно),Вклад,2440,https://bankiros.ru/bank/metallinvestbank/deposits/maksimalnyj-dohod-ezemesacno,Нет,Нет,Есть,2025-07-01
586,740,1099,10000.0,999999999.0,14.0,Металлинвестбанк,Максимальный доход (ежемесячно),Вклад,2440,https://bankiros.ru/bank/metallinvestbank/deposits/maksimalnyj-dohod-ezemesacno,Нет,Нет,Есть,2025-07-01
587,1100,9999,10000.0,999999999.0,13.0,Металлинвестбанк,Максимальный доход (ежемесячно),Вклад,2440,https://bankiros.ru/bank/metallinvestbank/deposits/maksimalnyj-dohod-ezemesacno,Нет,Нет,Есть,2025-07-01
588,367,9999,10000.0,299999.0,9.5,Металлинвестбанк,Управляемый,Вклад,2440,https://bankiros.ru/bank/metallinvestbank/deposits/upravlaemyj-3,Есть,Есть,Есть,2025-07-01
589,367,9999,300000.0,1399999.0,9.6,Металлинвестбанк,Управляемый,Вклад,2440,https://bankiros.ru/bank/metallinvestbank/deposits/upravlaemyj-3,Есть,Есть,Есть,2025-07-01
590,367,9999,1400000.0,999999999.0,9.7,Металлинвестбанк,Управляемый,Вклад,2440,https://bankiros.ru/bank/metallinvestbank/deposits/upravlaemyj-3,Есть,Есть,Есть,2025-07-01
591,367,9999,5000.0,999999999.0,10.0,Металлинвестбанк,Пенсионный доход,Вклад,2440,https://bankiros.ru/bank/metallinvestbank/deposits/pensionnyj-dohod,Есть,Есть,Есть,2025-07-01
592,98,180,50000.0,999999999.0,30.0,Банк ПСБ,Народный вклад,Вклад,3251,https://bankiros.ru/bank/promsvyazbank/deposits/narodnyj-vklad,Нет,Нет,Нет,2025-07-01
593,181,366,50000.0,999999999.0,30.0,Банк ПСБ,Народный вклад,Вклад,3251,https://bankiros.ru/bank/promsvyazbank/deposits/narodnyj-vklad,Нет,Нет,Нет,2025-07-01
594,367,9999,50000.0,999999999.0,30.0,Банк ПСБ,Народный вклад,Вклад,3251,https://bankiros.ru/bank/promsvyazbank/deposits/narodnyj-vklad,Нет,Нет,Нет,2025-07-01
595,91,180,30000.0,999999999.0,29.0,Банк ПСБ,Ставка на будущее,Вклад,3251,https://bankiros.ru/bank/promsvyazbank/deposits/stavka-na-budusee-3,Нет,Нет,Есть,2025-07-01
596,181,366,30000.0,999999999.0,26.0,Банк ПСБ,Ставка на будущее,Вклад,3251,https://bankiros.ru/bank/promsvyazbank/deposits/stavka-na-budusee-3,Нет,Нет,Есть,2025-07-01
597,367,9999,30000.0,999999999.0,23.0,Банк ПСБ,Ставка на будущее,Вклад,3251,https://bankiros.ru/bank/promsvyazbank/deposits/stavka-na-budusee-3,Нет,Нет,Есть,2025-07-01
598,1,50,100000.0,999999999.0,25.0,Банк ПСБ,Формула дохода,Вклад,3251,https://bankiros.ru/bank/promsvyazbank/deposits/formula-dohoda-4,Есть,Нет,Есть,2025-07-01
599,51,100,100000.0,999999999.0,19.0,Банк ПСБ,Формула дохода,Вклад,3251,https://bankiros.ru/bank/promsvyazbank/deposits/formula-dohoda-4,Есть,Нет,Есть,2025-07-01
600,101,250,100000.0,999999999.0,17.0,Банк ПСБ,Формула дохода,Вклад,3251,https://bankiros.ru/bank/promsvyazbank/deposits/formula-dohoda-4,Есть,Нет,Есть,2025-07-01
601,1,61,0.0,999999999.0,,Банк ПСБ, «Про запас»,Накопительный счет,3251,https://bankiros.ru/bank/promsvyazbank/deposits/pro-zapas,Есть,Есть,Есть,2025-07-01
602,1,61,1.0,10000000.0,8.0,Банк ПСБ, «Про запас»,Накопительный счет,3251,https://bankiros.ru/bank/promsvyazbank/deposits/pro-zapas,Есть,Есть,Есть,2025-07-01
603,1,61,10000100.0,999999999.0,20.0,Банк ПСБ, «Про запас»,Накопительный счет,3251,https://bankiros.ru/bank/promsvyazbank/deposits/pro-zapas,Есть,Есть,Есть,2025-07-01
604,62,9999,0.0,999999999.0,,Банк ПСБ, «Про запас»,Накопительный счет,3251,https://bankiros.ru/bank/promsvyazbank/deposits/pro-zapas,Есть,Есть,Есть,2025-07-01
605,62,9999,1.0,10000000.0,8.0,Банк ПСБ, «Про запас»,Накопительный счет,3251,https://bankiros.ru/bank/promsvyazbank/deposits/pro-zapas,Есть,Есть,Есть,2025-07-01
606,62,9999,10000100.0,999999999.0,,Банк ПСБ, «Про запас»,Накопительный счет,3251,https://bankiros.ru/bank/promsvyazbank/deposits/pro-zapas,Есть,Есть,Есть,2025-07-01
607,91,180,100000.0,999999999.0,18.5,Банк ПСБ,Сильная ставка,Вклад,3251,https://bankiros.ru/bank/promsvyazbank/deposits/silnaa-stavka,Нет,Нет,Есть,2025-07-01
608,181,366,100000.0,999999999.0,19.0,Банк ПСБ,Сильная ставка,Вклад,3251,https://bankiros.ru/bank/promsvyazbank/deposits/silnaa-stavka,Нет,Нет,Есть,2025-07-01
609,367,546,100000.0,999999999.0,17.5,Банк ПСБ,Сильная ставка,Вклад,3251,https://bankiros.ru/bank/promsvyazbank/deposits/silnaa-stavka,Нет,Нет,Есть,2025-07-01
610,547,730,100000.0,999999999.0,17.5,Банк ПСБ,Сильная ставка,Вклад,3251,https://bankiros.ru/bank/promsvyazbank/deposits/silnaa-stavka,Нет,Нет,Есть,2025-07-01
611,731,9999,100000.0,999999999.0,16.5,Банк ПСБ,Сильная ставка,Вклад,3251,https://bankiros.ru/bank/promsvyazbank/deposits/silnaa-stavka,Нет,Нет,Есть,2025-07-01
612,91,180,10000.0,999999999.0,18.0,Банк ПСБ,Мой доход,Вклад,3251,https://bankiros.ru/bank/promsvyazbank/deposits/moj-dohod-2,Нет,Нет,Есть,2025-07-01
613,181,366,10000.0,999999999.0,18.5,Банк ПСБ,Мой доход,Вклад,3251,https://bankiros.ru/bank/promsvyazbank/deposits/moj-dohod-2,Нет,Нет,Есть,2025-07-01
614,367,546,10000.0,999999999.0,17.0,Банк ПСБ,Мой доход,Вклад,3251,https://bankiros.ru/bank/promsvyazbank/deposits/moj-dohod-2,Нет,Нет,Есть,2025-07-01
615,547,730,10000.0,999999999.0,17.0,Банк ПСБ,Мой доход,Вклад,3251,https://bankiros.ru/bank/promsvyazbank/deposits/moj-dohod-2,Нет,Нет,Есть,2025-07-01
616,731,9999,10000.0,999999999.0,16.0,Банк ПСБ,Мой доход,Вклад,3251,https://bankiros.ru/bank/promsvyazbank/deposits/moj-dohod-2,Нет,Нет,Есть,2025-07-01
617,91,180,50000.0,999999999.0,19.0,Банк ПСБ,Драгоценный,Вклад,3251,https://bankiros.ru/bank/promsvyazbank/deposits/dragocennyj,Нет,Нет,Нет,2025-07-01
618,181,366,50000.0,999999999.0,20.5,Банк ПСБ,Драгоценный,Вклад,3251,https://bankiros.ru/bank/promsvyazbank/deposits/dragocennyj,Нет,Нет,Нет,2025-07-01
619,367,9999,50000.0,999999999.0,19.0,Банк ПСБ,Драгоценный,Вклад,3251,https://bankiros.ru/bank/promsvyazbank/deposits/dragocennyj,Нет,Нет,Нет,2025-07-01
620,181,366,100000.0,999999999.0,18.0,Банк ПСБ,Стабильный доход,Вклад,3251,https://bankiros.ru/bank/promsvyazbank/deposits/stabilnyj-dohod-18,Нет,Нет,Есть,2025-07-01
621,367,546,100000.0,999999999.0,16.5,Банк ПСБ,Стабильный доход,Вклад,3251,https://bankiros.ru/bank/promsvyazbank/deposits/stabilnyj-dohod-18,Нет,Нет,Есть,2025-07-01
622,547,730,100000.0,999999999.0,16.5,Банк ПСБ,Стабильный доход,Вклад,3251,https://bankiros.ru/bank/promsvyazbank/deposits/stabilnyj-dohod-18,Нет,Нет,Есть,2025-07-01
623,731,9999,100000.0,999999999.0,15.5,Банк ПСБ,Стабильный доход,Вклад,3251,https://bankiros.ru/bank/promsvyazbank/deposits/stabilnyj-dohod-18,Нет,Нет,Есть,2025-07-01
624,1,9999,10000.0,999999999.0,17.0,Банк ПСБ,Накопительный счет «Атлант»,Накопительный счет,3251,https://bankiros.ru/bank/promsvyazbank/deposits/nakopitelnyj-scet-234,Есть,Есть,Есть,2025-07-01
625,91,180,100000.0,20000000.0,16.0,Банк ПСБ,Моя копилка,Вклад,3251,https://bankiros.ru/bank/promsvyazbank/deposits/moa-kopilka-v-rublah,Есть,Нет,Есть,2025-07-01
626,181,366,100000.0,20000000.0,16.0,Банк ПСБ,Моя копилка,Вклад,3251,https://bankiros.ru/bank/promsvyazbank/deposits/moa-kopilka-v-rublah,Есть,Нет,Есть,2025-07-01
627,367,9999,100000.0,20000000.0,15.0,Банк ПСБ,Моя копилка,Вклад,3251,https://bankiros.ru/bank/promsvyazbank/deposits/moa-kopilka-v-rublah,Есть,Нет,Есть,2025-07-01
628,1,9999,1.0,1500000.0,23.0,Банк ПСБ, «Акцент на процент»,Накопительный счет,3251,https://bankiros.ru/bank/promsvyazbank/deposits/akcent-na-procent,Есть,Есть,Есть,2025-07-01
629,91,180,40000.0,999999999.0,24.0,Ингосстрах Банк,Грани будущего,Вклад,2307,https://bankiros.ru/bank/soyuz/deposits/investicionnyy,Нет,Нет,Нет,2025-07-01
630,181,364,40000.0,999999999.0,22.0,Ингосстрах Банк,Грани будущего,Вклад,2307,https://bankiros.ru/bank/soyuz/deposits/investicionnyy,Нет,Нет,Нет,2025-07-01
631,365,9999,40000.0,999999999.0,19.0,Ингосстрах Банк,Грани будущего,Вклад,2307,https://bankiros.ru/bank/soyuz/deposits/investicionnyy,Нет,Нет,Нет,2025-07-01
632,183,366,50000.0,999999999.0,20.0,Ингосстрах Банк,Для жизни,Вклад,2307,https://bankiros.ru/bank/soyuz/deposits/investicionnyj,Нет,Нет,Нет,2025-07-01
633,367,9999,50000.0,999999999.0,19.0,Ингосстрах Банк,Для жизни,Вклад,2307,https://bankiros.ru/bank/soyuz/deposits/investicionnyj,Нет,Нет,Нет,2025-07-01
634,1,61,1.0,1000000.0,20.0,Ингосстрах Банк,Накопительный пенсионный счет,Накопительный счет,2307,https://bankiros.ru/bank/soyuz/deposits/nakopitelnyj-scet-232,Есть,Есть,Нет,2025-07-01
635,62,9999,1.0,1000000.0,11.0,Ингосстрах Банк,Накопительный пенсионный счет,Накопительный счет,2307,https://bankiros.ru/bank/soyuz/deposits/nakopitelnyj-scet-232,Есть,Есть,Нет,2025-07-01
636,1,61,1.0,1000000.0,19.0,Ингосстрах Банк,Накопительный счет На завтра,Накопительный счет,2307,https://bankiros.ru/bank/soyuz/deposits/nakopitelnyj-11,Есть,Есть,Нет,2025-07-01
637,62,9999,1.0,1000000.0,8.0,Ингосстрах Банк,Накопительный счет На завтра,Накопительный счет,2307,https://bankiros.ru/bank/soyuz/deposits/nakopitelnyj-11,Есть,Есть,Нет,2025-07-01
638,93,182,10000.0,999999999.0,18.25,Ингосстрах Банк,Карамель (% в конце срока),Вклад,2307,https://bankiros.ru/bank/soyuz/deposits/karamel-3,Нет,Нет,Нет,2025-07-01
639,183,9999,10000.0,999999999.0,18.75,Ингосстрах Банк,Карамель (% в конце срока),Вклад,2307,https://bankiros.ru/bank/soyuz/deposits/karamel-3,Нет,Нет,Нет,2025-07-01
640,93,119,10000.0,999999999.0,18.0,Ингосстрах Банк,Классический (% в конце срока),Вклад,2307,https://bankiros.ru/bank/soyuz/deposits/klassiceskij-procenty-v-konce-sroka,Нет,Нет,Есть,2025-07-01
641,120,182,10000.0,999999999.0,18.1,Ингосстрах Банк,Классический (% в конце срока),Вклад,2307,https://bankiros.ru/bank/soyuz/deposits/klassiceskij-procenty-v-konce-sroka,Нет,Нет,Есть,2025-07-01
642,183,366,10000.0,999999999.0,18.5,Ингосстрах Банк,Классический (% в конце срока),Вклад,2307,https://bankiros.ru/bank/soyuz/deposits/klassiceskij-procenty-v-konce-sroka,Нет,Нет,Есть,2025-07-01
643,367,549,10000.0,999999999.0,17.75,Ингосстрах Банк,Классический (% в конце срока),Вклад,2307,https://bankiros.ru/bank/soyuz/deposits/klassiceskij-procenty-v-konce-sroka,Нет,Нет,Есть,2025-07-01
644,550,734,10000.0,999999999.0,13.5,Ингосстрах Банк,Классический (% в конце срока),Вклад,2307,https://bankiros.ru/bank/soyuz/deposits/klassiceskij-procenty-v-konce-sroka,Нет,Нет,Есть,2025-07-01
645,735,919,10000.0,999999999.0,13.5,Ингосстрах Банк,Классический (% в конце срока),Вклад,2307,https://bankiros.ru/bank/soyuz/deposits/klassiceskij-procenty-v-konce-sroka,Нет,Нет,Есть,2025-07-01
646,920,1099,10000.0,999999999.0,10.0,Ингосстрах Банк,Классический (% в конце срока),Вклад,2307,https://bankiros.ru/bank/soyuz/deposits/klassiceskij-procenty-v-konce-sroka,Нет,Нет,Есть,2025-07-01
647,1100,9999,10000.0,999999999.0,10.0,Ингосстрах Банк,Классический (% в конце срока),Вклад,2307,https://bankiros.ru/bank/soyuz/deposits/klassiceskij-procenty-v-konce-sroka,Нет,Нет,Есть,2025-07-01
648,181,364,100000.0,999999999.0,18.0,Ингосстрах Банк,Гравитация,Вклад,2307,https://bankiros.ru/bank/soyuz/deposits/gravitacia,Нет,Нет,Нет,2025-07-01
649,365,9999,100000.0,999999999.0,17.75,Ингосстрах Банк,Гравитация,Вклад,2307,https://bankiros.ru/bank/soyuz/deposits/gravitacia,Нет,Нет,Нет,2025-07-01
650,93,182,10000.0,999999999.0,17.95,Ингосстрах Банк,Карамель (% ежемесячно),Вклад,2307,https://bankiros.ru/bank/soyuz/deposits/karamel,Нет,Нет,Нет,2025-07-01
651,183,9999,10000.0,999999999.0,17.98,Ингосстрах Банк,Карамель (% ежемесячно),Вклад,2307,https://bankiros.ru/bank/soyuz/deposits/karamel,Нет,Нет,Нет,2025-07-01
652,93,119,10000.0,999999999.0,17.7,Ингосстрах Банк,Классический (% ежемесячно),Вклад,2307,https://bankiros.ru/bank/soyuz/deposits/klassiceskij-v-rublah-3,Нет,Нет,Есть,2025-07-01
653,120,182,10000.0,999999999.0,17.67,Ингосстрах Банк,Классический (% ежемесячно),Вклад,2307,https://bankiros.ru/bank/soyuz/deposits/klassiceskij-v-rublah-3,Нет,Нет,Есть,2025-07-01
654,183,366,10000.0,999999999.0,17.76,Ингосстрах Банк,Классический (% ежемесячно),Вклад,2307,https://bankiros.ru/bank/soyuz/deposits/klassiceskij-v-rublah-3,Нет,Нет,Есть,2025-07-01
655,367,549,10000.0,999999999.0,16.21,Ингосстрах Банк,Классический (% ежемесячно),Вклад,2307,https://bankiros.ru/bank/soyuz/deposits/klassiceskij-v-rublah-3,Нет,Нет,Есть,2025-07-01
656,550,734,10000.0,999999999.0,12.12,Ингосстрах Банк,Классический (% ежемесячно),Вклад,2307,https://bankiros.ru/bank/soyuz/deposits/klassiceskij-v-rublah-3,Нет,Нет,Есть,2025-07-01
657,735,919,10000.0,999999999.0,11.58,Ингосстрах Банк,Классический (% ежемесячно),Вклад,2307,https://bankiros.ru/bank/soyuz/deposits/klassiceskij-v-rublah-3,Нет,Нет,Есть,2025-07-01
658,920,1099,10000.0,999999999.0,8.95,Ингосстрах Банк,Классический (% ежемесячно),Вклад,2307,https://bankiros.ru/bank/soyuz/deposits/klassiceskij-v-rublah-3,Нет,Нет,Есть,2025-07-01
659,1100,9999,10000.0,999999999.0,8.77,Ингосстрах Банк,Классический (% ежемесячно),Вклад,2307,https://bankiros.ru/bank/soyuz/deposits/klassiceskij-v-rublah-3,Нет,Нет,Есть,2025-07-01
660,93,182,1400000.0,3000000.0,15.5,Ингосстрах Банк,Комфортный статус,Вклад,2307,https://bankiros.ru/bank/soyuz/deposits/komfortnyj-status,Есть,Есть,Есть,2025-07-01
661,93,182,3000010.0,10000000.0,16.0,Ингосстрах Банк,Комфортный статус,Вклад,2307,https://bankiros.ru/bank/soyuz/deposits/komfortnyj-status,Есть,Есть,Есть,2025-07-01
662,93,182,10000100.0,999999999.0,9.0,Ингосстрах Банк,Комфортный статус,Вклад,2307,https://bankiros.ru/bank/soyuz/deposits/komfortnyj-status,Есть,Есть,Есть,2025-07-01
663,183,272,1400000.0,3000000.0,9.0,Ингосстрах Банк,Комфортный статус,Вклад,2307,https://bankiros.ru/bank/soyuz/deposits/komfortnyj-status,Есть,Есть,Есть,2025-07-01
664,183,272,3000010.0,10000000.0,16.0,Ингосстрах Банк,Комфортный статус,Вклад,2307,https://bankiros.ru/bank/soyuz/deposits/komfortnyj-status,Есть,Есть,Есть,2025-07-01
665,183,272,10000100.0,999999999.0,16.5,Ингосстрах Банк,Комфортный статус,Вклад,2307,https://bankiros.ru/bank/soyuz/deposits/komfortnyj-status,Есть,Есть,Есть,2025-07-01
666,273,366,1400000.0,3000000.0,9.5,Ингосстрах Банк,Комфортный статус,Вклад,2307,https://bankiros.ru/bank/soyuz/deposits/komfortnyj-status,Есть,Есть,Есть,2025-07-01
667,273,366,3000010.0,10000000.0,9.5,Ингосстрах Банк,Комфортный статус,Вклад,2307,https://bankiros.ru/bank/soyuz/deposits/komfortnyj-status,Есть,Есть,Есть,2025-07-01
668,273,366,10000100.0,999999999.0,16.5,Ингосстрах Банк,Комфортный статус,Вклад,2307,https://bankiros.ru/bank/soyuz/deposits/komfortnyj-status,Есть,Есть,Есть,2025-07-01
669,367,9999,1400000.0,3000000.0,17.0,Ингосстрах Банк,Комфортный статус,Вклад,2307,https://bankiros.ru/bank/soyuz/deposits/komfortnyj-status,Есть,Есть,Есть,2025-07-01
670,367,9999,3000010.0,10000000.0,12.5,Ингосстрах Банк,Комфортный статус,Вклад,2307,https://bankiros.ru/bank/soyuz/deposits/komfortnyj-status,Есть,Есть,Есть,2025-07-01
671,367,9999,10000100.0,999999999.0,12.5,Ингосстрах Банк,Комфортный статус,Вклад,2307,https://bankiros.ru/bank/soyuz/deposits/komfortnyj-status,Есть,Есть,Есть,2025-07-01
672,93,182,5000.0,999999999.0,14.0,Ингосстрах Банк,Комфортный (% в конце срока),Вклад,2307,https://bankiros.ru/bank/soyuz/deposits/komfortnyj-procenty-v-konce-sroka,Есть,Есть,Есть,2025-07-01
673,183,272,5000.0,999999999.0,14.5,Ингосстрах Банк,Комфортный (% в конце срока),Вклад,2307,https://bankiros.ru/bank/soyuz/deposits/komfortnyj-procenty-v-konce-sroka,Есть,Есть,Есть,2025-07-01
674,273,366,5000.0,999999999.0,9.2,Ингосстрах Банк,Комфортный (% в конце срока),Вклад,2307,https://bankiros.ru/bank/soyuz/deposits/komfortnyj-procenty-v-konce-sroka,Есть,Есть,Есть,2025-07-01
675,367,9999,5000.0,999999999.0,9.3,Ингосстрах Банк,Комфортный (% в конце срока),Вклад,2307,https://bankiros.ru/bank/soyuz/deposits/komfortnyj-procenty-v-konce-sroka,Есть,Есть,Есть,2025-07-01
676,93,182,5000.0,999999999.0,13.82,Ингосстрах Банк,Комфортный (% ежемесячно),Вклад,2307,https://bankiros.ru/bank/soyuz/deposits/komfortnyy,Есть,Есть,Есть,2025-07-01
677,183,272,5000.0,999999999.0,14.04,Ингосстрах Банк,Комфортный (% ежемесячно),Вклад,2307,https://bankiros.ru/bank/soyuz/deposits/komfortnyy,Есть,Есть,Есть,2025-07-01
678,273,366,5000.0,999999999.0,9.0,Ингосстрах Банк,Комфортный (% ежемесячно),Вклад,2307,https://bankiros.ru/bank/soyuz/deposits/komfortnyy,Есть,Есть,Есть,2025-07-01
679,367,9999,5000.0,999999999.0,9.0,Ингосстрах Банк,Комфортный (% ежемесячно),Вклад,2307,https://bankiros.ru/bank/soyuz/deposits/komfortnyy,Есть,Есть,Есть,2025-07-01
680,1,90,10000.0,999999999.0,12.0,Абсолют Банк,Турбо,Вклад,2306,https://bankiros.ru/bank/absolutbank/deposits/turbo-7,Нет,Нет,Есть,2025-07-01
681,91,180,10000.0,999999999.0,15.0,Абсолют Банк,Турбо,Вклад,2306,https://bankiros.ru/bank/absolutbank/deposits/turbo-7,Нет,Нет,Есть,2025-07-01
682,181,270,10000.0,999999999.0,17.0,Абсолют Банк,Турбо,Вклад,2306,https://bankiros.ru/bank/absolutbank/deposits/turbo-7,Нет,Нет,Есть,2025-07-01
683,271,360,10000.0,999999999.0,24.0,Абсолют Банк,Турбо,Вклад,2306,https://bankiros.ru/bank/absolutbank/deposits/turbo-7,Нет,Нет,Есть,2025-07-01
684,181,366,30000.0,1199999.0,21.5,Абсолют Банк,Абсолютное решение + НСЖ,Вклад,2306,https://bankiros.ru/bank/absolutbank/deposits/absolutnaya-investitsiya,Нет,Нет,Есть,2025-07-01
685,181,366,1200000.0,999999999.0,20.0,Абсолют Банк,Абсолютное решение + НСЖ,Вклад,2306,https://bankiros.ru/bank/absolutbank/deposits/absolutnaya-investitsiya,Нет,Нет,Есть,2025-07-01
686,367,9999,30000.0,1199999.0,21.5,Абсолют Банк,Абсолютное решение + НСЖ,Вклад,2306,https://bankiros.ru/bank/absolutbank/deposits/absolutnaya-investitsiya,Нет,Нет,Есть,2025-07-01
687,367,9999,1200000.0,999999999.0,20.0,Абсолют Банк,Абсолютное решение + НСЖ,Вклад,2306,https://bankiros.ru/bank/absolutbank/deposits/absolutnaya-investitsiya,Нет,Нет,Есть,2025-07-01
688,92,181,10000.0,999999999.0,22.0,Абсолют Банк,Абсолютный Плюс,Вклад,2306,https://bankiros.ru/bank/absolutbank/deposits/absolutnyj-plus,Нет,Нет,Есть,2025-07-01
689,182,271,10000.0,999999999.0,22.5,Абсолют Банк,Абсолютный Плюс,Вклад,2306,https://bankiros.ru/bank/absolutbank/deposits/absolutnyj-plus,Нет,Нет,Есть,2025-07-01
690,272,367,10000.0,999999999.0,20.5,Абсолют Банк,Абсолютный Плюс,Вклад,2306,https://bankiros.ru/bank/absolutbank/deposits/absolutnyj-plus,Нет,Нет,Есть,2025-07-01
691,368,9999,10000.0,999999999.0,20.25,Абсолют Банк,Абсолютный Плюс,Вклад,2306,https://bankiros.ru/bank/absolutbank/deposits/absolutnyj-plus,Нет,Нет,Есть,2025-07-01
692,30,59,10000.0,1199990.0,17.75,Абсолют Банк,Абсолютный максимум +,Вклад,2306,https://bankiros.ru/bank/absolutbank/deposits/absolyutnyy-maksimum-v-rublyah,Нет,Нет,Есть,2025-07-01
693,30,59,1200000.0,999999999.0,17.95,Абсолют Банк,Абсолютный максимум +,Вклад,2306,https://bankiros.ru/bank/absolutbank/deposits/absolyutnyy-maksimum-v-rublyah,Нет,Нет,Есть,2025-07-01
694,60,90,10000.0,1199990.0,18.25,Абсолют Банк,Абсолютный максимум +,Вклад,2306,https://bankiros.ru/bank/absolutbank/deposits/absolyutnyy-maksimum-v-rublyah,Нет,Нет,Есть,2025-07-01
695,60,90,1200000.0,999999999.0,17.9,Абсолют Банк,Абсолютный максимум +,Вклад,2306,https://bankiros.ru/bank/absolutbank/deposits/absolyutnyy-maksimum-v-rublyah,Нет,Нет,Есть,2025-07-01
696,91,180,10000.0,1199990.0,17.75,Абсолют Банк,Абсолютный максимум +,Вклад,2306,https://bankiros.ru/bank/absolutbank/deposits/absolyutnyy-maksimum-v-rublyah,Нет,Нет,Есть,2025-07-01
697,91,180,1200000.0,999999999.0,17.0,Абсолют Банк,Абсолютный максимум +,Вклад,2306,https://bankiros.ru/bank/absolutbank/deposits/absolyutnyy-maksimum-v-rublyah,Нет,Нет,Есть,2025-07-01
698,181,270,10000.0,1199990.0,11.0,Абсолют Банк,Абсолютный максимум +,Вклад,2306,https://bankiros.ru/bank/absolutbank/deposits/absolyutnyy-maksimum-v-rublyah,Нет,Нет,Есть,2025-07-01
699,181,270,1200000.0,999999999.0,10.4,Абсолют Банк,Абсолютный максимум +,Вклад,2306,https://bankiros.ru/bank/absolutbank/deposits/absolyutnyy-maksimum-v-rublyah,Нет,Нет,Есть,2025-07-01
700,271,366,10000.0,1199990.0,11.25,Абсолют Банк,Абсолютный максимум +,Вклад,2306,https://bankiros.ru/bank/absolutbank/deposits/absolyutnyy-maksimum-v-rublyah,Нет,Нет,Есть,2025-07-01
701,271,366,1200000.0,999999999.0,17.75,Абсолют Банк,Абсолютный максимум +,Вклад,2306,https://bankiros.ru/bank/absolutbank/deposits/absolyutnyy-maksimum-v-rublyah,Нет,Нет,Есть,2025-07-01
702,367,540,10000.0,1199990.0,18.25,Абсолют Банк,Абсолютный максимум +,Вклад,2306,https://bankiros.ru/bank/absolutbank/deposits/absolyutnyy-maksimum-v-rublyah,Нет,Нет,Есть,2025-07-01
703,367,540,1200000.0,999999999.0,18.25,Абсолют Банк,Абсолютный максимум +,Вклад,2306,https://bankiros.ru/bank/absolutbank/deposits/absolyutnyy-maksimum-v-rublyah,Нет,Нет,Есть,2025-07-01
704,541,730,10000.0,1199990.0,17.9,Абсолют Банк,Абсолютный максимум +,Вклад,2306,https://bankiros.ru/bank/absolutbank/deposits/absolyutnyy-maksimum-v-rublyah,Нет,Нет,Есть,2025-07-01
705,541,730,1200000.0,999999999.0,17.75,Абсолют Банк,Абсолютный максимум +,Вклад,2306,https://bankiros.ru/bank/absolutbank/deposits/absolyutnyy-maksimum-v-rublyah,Нет,Нет,Есть,2025-07-01
706,731,1080,10000.0,1199990.0,17.0,Абсолют Банк,Абсолютный максимум +,Вклад,2306,https://bankiros.ru/bank/absolutbank/deposits/absolyutnyy-maksimum-v-rublyah,Нет,Нет,Есть,2025-07-01
707,731,1080,1200000.0,999999999.0,11.0,Абсолют Банк,Абсолютный максимум +,Вклад,2306,https://bankiros.ru/bank/absolutbank/deposits/absolyutnyy-maksimum-v-rublyah,Нет,Нет,Есть,2025-07-01
708,1081,9999,10000.0,1199990.0,10.5,Абсолют Банк,Абсолютный максимум +,Вклад,2306,https://bankiros.ru/bank/absolutbank/deposits/absolyutnyy-maksimum-v-rublyah,Нет,Нет,Есть,2025-07-01
709,1081,9999,1200000.0,999999999.0,11.25,Абсолют Банк,Абсолютный максимум +,Вклад,2306,https://bankiros.ru/bank/absolutbank/deposits/absolyutnyy-maksimum-v-rublyah,Нет,Нет,Есть,2025-07-01
710,181,366,30000.0,1199999.0,17.0,Абсолют Банк,Абсолютное решение + ИСЖ,Вклад,2306,https://bankiros.ru/bank/absolutbank/deposits/absolutnoe-resenie-isz,Нет,Нет,Есть,2025-07-01
711,181,366,1200000.0,999999999.0,14.5,Абсолют Банк,Абсолютное решение + ИСЖ,Вклад,2306,https://bankiros.ru/bank/absolutbank/deposits/absolutnoe-resenie-isz,Нет,Нет,Есть,2025-07-01
712,367,9999,30000.0,1199999.0,17.0,Абсолют Банк,Абсолютное решение + ИСЖ,Вклад,2306,https://bankiros.ru/bank/absolutbank/deposits/absolutnoe-resenie-isz,Нет,Нет,Есть,2025-07-01
713,367,9999,1200000.0,999999999.0,14.5,Абсолют Банк,Абсолютное решение + ИСЖ,Вклад,2306,https://bankiros.ru/bank/absolutbank/deposits/absolutnoe-resenie-isz,Нет,Нет,Есть,2025-07-01
714,91,180,10000.0,1199999.0,18.95,Абсолют Банк,Абсолютный доход,Вклад,2306,https://bankiros.ru/bank/absolutbank/deposits/absolutnyj-dohod,Нет,Нет,Есть,2025-07-01
715,91,180,1200000.0,999999999.0,18.3,Абсолют Банк,Абсолютный доход,Вклад,2306,https://bankiros.ru/bank/absolutbank/deposits/absolutnyj-dohod,Нет,Нет,Есть,2025-07-01
716,181,270,10000.0,1199999.0,17.41,Абсолют Банк,Абсолютный доход,Вклад,2306,https://bankiros.ru/bank/absolutbank/deposits/absolutnyj-dohod,Нет,Нет,Есть,2025-07-01
717,181,270,1200000.0,999999999.0,16.24,Абсолют Банк,Абсолютный доход,Вклад,2306,https://bankiros.ru/bank/absolutbank/deposits/absolutnyj-dohod,Нет,Нет,Есть,2025-07-01
718,271,366,10000.0,1199999.0,10.0,Абсолют Банк,Абсолютный доход,Вклад,2306,https://bankiros.ru/bank/absolutbank/deposits/absolutnyj-dohod,Нет,Нет,Есть,2025-07-01
719,271,366,1200000.0,999999999.0,9.0,Абсолют Банк,Абсолютный доход,Вклад,2306,https://bankiros.ru/bank/absolutbank/deposits/absolutnyj-dohod,Нет,Нет,Есть,2025-07-01
720,367,540,10000.0,1199999.0,9.5,Абсолют Банк,Абсолютный доход,Вклад,2306,https://bankiros.ru/bank/absolutbank/deposits/absolutnyj-dohod,Нет,Нет,Есть,2025-07-01
721,367,540,1200000.0,999999999.0,18.95,Абсолют Банк,Абсолютный доход,Вклад,2306,https://bankiros.ru/bank/absolutbank/deposits/absolutnyj-dohod,Нет,Нет,Есть,2025-07-01
722,541,729,10000.0,1199999.0,18.3,Абсолют Банк,Абсолютный доход,Вклад,2306,https://bankiros.ru/bank/absolutbank/deposits/absolutnyj-dohod,Нет,Нет,Есть,2025-07-01
723,541,729,1200000.0,999999999.0,17.41,Абсолют Банк,Абсолютный доход,Вклад,2306,https://bankiros.ru/bank/absolutbank/deposits/absolutnyj-dohod,Нет,Нет,Есть,2025-07-01
724,730,1080,10000.0,1199999.0,16.24,Абсолют Банк,Абсолютный доход,Вклад,2306,https://bankiros.ru/bank/absolutbank/deposits/absolutnyj-dohod,Нет,Нет,Есть,2025-07-01
725,730,1080,1200000.0,999999999.0,10.0,Абсолют Банк,Абсолютный доход,Вклад,2306,https://bankiros.ru/bank/absolutbank/deposits/absolutnyj-dohod,Нет,Нет,Есть,2025-07-01
726,1081,9999,10000.0,1199999.0,9.0,Абсолют Банк,Абсолютный доход,Вклад,2306,https://bankiros.ru/bank/absolutbank/deposits/absolutnyj-dohod,Нет,Нет,Есть,2025-07-01
727,1081,9999,1200000.0,999999999.0,9.5,Абсолют Банк,Абсолютный доход,Вклад,2306,https://bankiros.ru/bank/absolutbank/deposits/absolutnyj-dohod,Нет,Нет,Есть,2025-07-01
728,91,180,10000.0,1199990.0,16.75,Абсолют Банк,Авансовый,Вклад,2306,https://bankiros.ru/bank/absolutbank/deposits/avansovyj,Нет,Нет,Нет,2025-07-01
729,91,180,1200000.0,999999999.0,16.75,Абсолют Банк,Авансовый,Вклад,2306,https://bankiros.ru/bank/absolutbank/deposits/avansovyj,Нет,Нет,Нет,2025-07-01
730,181,270,10000.0,1199990.0,16.25,Абсолют Банк,Авансовый,Вклад,2306,https://bankiros.ru/bank/absolutbank/deposits/avansovyj,Нет,Нет,Нет,2025-07-01
731,181,270,1200000.0,999999999.0,15.5,Абсолют Банк,Авансовый,Вклад,2306,https://bankiros.ru/bank/absolutbank/deposits/avansovyj,Нет,Нет,Нет,2025-07-01
732,271,366,10000.0,1199990.0,9.0,Абсолют Банк,Авансовый,Вклад,2306,https://bankiros.ru/bank/absolutbank/deposits/avansovyj,Нет,Нет,Нет,2025-07-01
733,271,366,1200000.0,999999999.0,8.0,Абсолют Банк,Авансовый,Вклад,2306,https://bankiros.ru/bank/absolutbank/deposits/avansovyj,Нет,Нет,Нет,2025-07-01
734,367,540,10000.0,1199990.0,8.0,Абсолют Банк,Авансовый,Вклад,2306,https://bankiros.ru/bank/absolutbank/deposits/avansovyj,Нет,Нет,Нет,2025-07-01
735,367,540,1200000.0,999999999.0,16.75,Абсолют Банк,Авансовый,Вклад,2306,https://bankiros.ru/bank/absolutbank/deposits/avansovyj,Нет,Нет,Нет,2025-07-01
736,541,729,10000.0,1199990.0,16.75,Абсолют Банк,Авансовый,Вклад,2306,https://bankiros.ru/bank/absolutbank/deposits/avansovyj,Нет,Нет,Нет,2025-07-01
737,541,729,1200000.0,999999999.0,16.25,Абсолют Банк,Авансовый,Вклад,2306,https://bankiros.ru/bank/absolutbank/deposits/avansovyj,Нет,Нет,Нет,2025-07-01
738,730,1079,10000.0,1199990.0,15.5,Абсолют Банк,Авансовый,Вклад,2306,https://bankiros.ru/bank/absolutbank/deposits/avansovyj,Нет,Нет,Нет,2025-07-01
739,730,1079,1200000.0,999999999.0,9.0,Абсолют Банк,Авансовый,Вклад,2306,https://bankiros.ru/bank/absolutbank/deposits/avansovyj,Нет,Нет,Нет,2025-07-01
740,1080,9999,10000.0,1199990.0,8.0,Абсолют Банк,Авансовый,Вклад,2306,https://bankiros.ru/bank/absolutbank/deposits/avansovyj,Нет,Нет,Нет,2025-07-01
741,1080,9999,1200000.0,999999999.0,8.0,Абсолют Банк,Авансовый,Вклад,2306,https://bankiros.ru/bank/absolutbank/deposits/avansovyj,Нет,Нет,Нет,2025-07-01
742,30,61,500.0,1500000.0,19.0,Абсолют Банк,Накопительный счёт,Накопительный счет,2306,https://bankiros.ru/bank/absolutbank/deposits/nakopitelnyj-scet-102,Есть,Есть,Нет,2025-07-01
743,30,61,1500000.0,999999999.0,10.0,Абсолют Банк,Накопительный счёт,Накопительный счет,2306,https://bankiros.ru/bank/absolutbank/deposits/nakopitelnyj-scet-102,Есть,Есть,Нет,2025-07-01
744,91,9999,500.0,1500000.0,10.0,Абсолют Банк,Накопительный счёт,Накопительный счет,2306,https://bankiros.ru/bank/absolutbank/deposits/nakopitelnyj-scet-102,Есть,Есть,Нет,2025-07-01
745,91,9999,1500000.0,999999999.0,10.0,Абсолют Банк,Накопительный счёт,Накопительный счет,2306,https://bankiros.ru/bank/absolutbank/deposits/nakopitelnyj-scet-102,Есть,Есть,Нет,2025-07-01
746,91,181,10000.0,1399990.0,4.45,Абсолют Банк,Абсолютный максимум+ с опцией пополнения,Вклад,2306,https://bankiros.ru/bank/absolutbank/deposits/absolutny-maksimum-plus-2,Есть,Нет,Есть,2025-07-01
747,91,181,1400000.0,999999999.0,4.45,Абсолют Банк,Абсолютный максимум+ с опцией пополнения,Вклад,2306,https://bankiros.ru/bank/absolutbank/deposits/absolutny-maksimum-plus-2,Есть,Нет,Есть,2025-07-01
748,182,271,10000.0,1399990.0,4.55,Абсолют Банк,Абсолютный максимум+ с опцией пополнения,Вклад,2306,https://bankiros.ru/bank/absolutbank/deposits/absolutny-maksimum-plus-2,Есть,Нет,Есть,2025-07-01
749,182,271,1400000.0,999999999.0,4.35,Абсолют Банк,Абсолютный максимум+ с опцией пополнения,Вклад,2306,https://bankiros.ru/bank/absolutbank/deposits/absolutny-maksimum-plus-2,Есть,Нет,Есть,2025-07-01
750,272,367,10000.0,1399990.0,4.75,Абсолют Банк,Абсолютный максимум+ с опцией пополнения,Вклад,2306,https://bankiros.ru/bank/absolutbank/deposits/absolutny-maksimum-plus-2,Есть,Нет,Есть,2025-07-01
751,272,367,1400000.0,999999999.0,4.3,Абсолют Банк,Абсолютный максимум+ с опцией пополнения,Вклад,2306,https://bankiros.ru/bank/absolutbank/deposits/absolutny-maksimum-plus-2,Есть,Нет,Есть,2025-07-01
752,368,541,10000.0,1399990.0,4.55,Абсолют Банк,Абсолютный максимум+ с опцией пополнения,Вклад,2306,https://bankiros.ru/bank/absolutbank/deposits/absolutny-maksimum-plus-2,Есть,Нет,Есть,2025-07-01
753,368,541,1400000.0,999999999.0,4.55,Абсолют Банк,Абсолютный максимум+ с опцией пополнения,Вклад,2306,https://bankiros.ru/bank/absolutbank/deposits/absolutny-maksimum-plus-2,Есть,Нет,Есть,2025-07-01
754,542,730,10000.0,1399990.0,4.65,Абсолют Банк,Абсолютный максимум+ с опцией пополнения,Вклад,2306,https://bankiros.ru/bank/absolutbank/deposits/absolutny-maksimum-plus-2,Есть,Нет,Есть,2025-07-01
755,542,730,1400000.0,999999999.0,4.45,Абсолют Банк,Абсолютный максимум+ с опцией пополнения,Вклад,2306,https://bankiros.ru/bank/absolutbank/deposits/absolutny-maksimum-plus-2,Есть,Нет,Есть,2025-07-01
756,731,1080,10000.0,1399990.0,4.85,Абсолют Банк,Абсолютный максимум+ с опцией пополнения,Вклад,2306,https://bankiros.ru/bank/absolutbank/deposits/absolutny-maksimum-plus-2,Есть,Нет,Есть,2025-07-01
757,731,1080,1400000.0,999999999.0,4.4,Абсолют Банк,Абсолютный максимум+ с опцией пополнения,Вклад,2306,https://bankiros.ru/bank/absolutbank/deposits/absolutny-maksimum-plus-2,Есть,Нет,Есть,2025-07-01
758,91,180,10000.0,999999999.0,17.5,Абсолют Банк,Пенсионный,Вклад,2306,https://bankiros.ru/bank/absolutbank/deposits/pensionnyy-,Есть,Есть,Есть,2025-07-01
759,181,270,10000.0,999999999.0,17.75,Абсолют Банк,Пенсионный,Вклад,2306,https://bankiros.ru/bank/absolutbank/deposits/pensionnyy-,Есть,Есть,Есть,2025-07-01
760,271,366,10000.0,999999999.0,17.5,Абсолют Банк,Пенсионный,Вклад,2306,https://bankiros.ru/bank/absolutbank/deposits/pensionnyy-,Есть,Есть,Есть,2025-07-01
761,367,540,10000.0,999999999.0,16.25,Абсолют Банк,Пенсионный,Вклад,2306,https://bankiros.ru/bank/absolutbank/deposits/pensionnyy-,Есть,Есть,Есть,2025-07-01
762,541,729,10000.0,999999999.0,6.95,Абсолют Банк,Пенсионный,Вклад,2306,https://bankiros.ru/bank/absolutbank/deposits/pensionnyy-,Есть,Есть,Есть,2025-07-01
763,730,9999,10000.0,999999999.0,6.3,Абсолют Банк,Пенсионный,Вклад,2306,https://bankiros.ru/bank/absolutbank/deposits/pensionnyy-,Есть,Есть,Есть,2025-07-01
764,91,9999,10000.0,999999999.0,23.7,Почта Банк,Максимальная выгода,Вклад,650,https://bankiros.ru/bank/pochtabank/deposits/maksimalnaa-vygoda,Есть,Нет,Нет,2025-07-01
765,181,9999,10000.0,1500000.0,17.5,Почта Банк,Добро пожаловать,Вклад,650,https://bankiros.ru/bank/pochtabank/deposits/dobro-pozalovat-4,Есть,Нет,Нет,2025-07-01
766,91,180,10000.0,1000000000.0,18.5,Почта Банк,Горячий сезон,Вклад,650,https://bankiros.ru/bank/pochtabank/deposits/goracij-sezon,Есть,Нет,Нет,2025-07-01
767,181,9999,10000.0,1000000000.0,19.0,Почта Банк,Горячий сезон,Вклад,650,https://bankiros.ru/bank/pochtabank/deposits/goracij-sezon,Есть,Нет,Нет,2025-07-01
768,1,31,1000.0,999999999.0,19.0,Почта Банк,Накопительный счёт Копилка,Накопительный счет,650,https://bankiros.ru/bank/pochtabank/deposits/kopilka-62,Есть,Есть,Нет,2025-07-01
769,32,9999,1000.0,999999999.0,15.0,Почта Банк,Накопительный счёт Копилка,Накопительный счет,650,https://bankiros.ru/bank/pochtabank/deposits/kopilka-62,Есть,Есть,Нет,2025-07-01
770,1,91,1000.0,999999999.0,15.5,Почта Банк,Сейф-Счет,Вклад,650,https://bankiros.ru/bank/pochtabank/deposits/sejf-scet,Есть,Есть,Нет,2025-07-01
771,92,9999,1000.0,999999999.0,5.0,Почта Банк,Сейф-Счет,Вклад,650,https://bankiros.ru/bank/pochtabank/deposits/sejf-scet,Есть,Есть,Нет,2025-07-01
772,1830,1840,10000.0,50000.0,23.0,БыстроБанк,Перспективный,Вклад,1745,https://bankiros.ru/bank/bystrobank/deposits/perspektivnyj-17,Нет,Нет,Нет,2025-07-01
773,181,191,10000.0,999999999.0,20.0,БыстроБанк,Отличный старт,Вклад,1745,https://bankiros.ru/bank/bystrobank/deposits/otlicnyj-start-5,Нет,Нет,Нет,2025-07-01
774,31,40,10000.0,5000000.0,15.0,БыстроБанк,Новый Доходный,Вклад,1745,https://bankiros.ru/bank/bystrobank/deposits/novyj-dohodnyj,Нет,Нет,Нет,2025-07-01
775,41,270,10000.0,5000000.0,17.5,БыстроБанк,Новый Доходный,Вклад,1745,https://bankiros.ru/bank/bystrobank/deposits/novyj-dohodnyj,Нет,Нет,Нет,2025-07-01
776,271,365,10000.0,5000000.0,18.0,БыстроБанк,Новый Доходный,Вклад,1745,https://bankiros.ru/bank/bystrobank/deposits/novyj-dohodnyj,Нет,Нет,Нет,2025-07-01
777,366,536,10000.0,5000000.0,13.5,БыстроБанк,Новый Доходный,Вклад,1745,https://bankiros.ru/bank/bystrobank/deposits/novyj-dohodnyj,Нет,Нет,Нет,2025-07-01
778,538,1101,10000.0,5000000.0,8.5,БыстроБанк,Новый Доходный,Вклад,1745,https://bankiros.ru/bank/bystrobank/deposits/novyj-dohodnyj,Нет,Нет,Нет,2025-07-01
779,181,191,5000.0,999999999.0,14.5,БыстроБанк,Новый Удобный,Вклад,1745,https://bankiros.ru/bank/bystrobank/deposits/udobnyj-4,Есть,Есть,Есть,2025-07-01
780,181,191,5000.0,999999999.0,14.5,БыстроБанк,Новый удобный,Вклад,1745,https://bankiros.ru/bank/bystrobank/deposits/novyj-udobnyj,Есть,Есть,Есть,2025-07-01
781,731,9999,10000.0,999999999.0,8.0,БыстроБанк,Пополняемый,Вклад,1745,https://bankiros.ru/bank/bystrobank/deposits/popolnyaemyy,Есть,Есть,Есть,2025-07-01
782,1,90,10000.0,999999999.0,19.1,БыстроБанк,Щедрый плюс,Вклад,1745,https://bankiros.ru/bank/bystrobank/deposits/sedryj-plus,Есть,Нет,Нет,2025-07-01
783,91,180,10000.0,999999999.0,19.1,БыстроБанк,Щедрый плюс,Вклад,1745,https://bankiros.ru/bank/bystrobank/deposits/sedryj-plus,Есть,Нет,Нет,2025-07-01
784,181,270,10000.0,999999999.0,14.0,БыстроБанк,Щедрый плюс,Вклад,1745,https://bankiros.ru/bank/bystrobank/deposits/sedryj-plus,Есть,Нет,Нет,2025-07-01
785,271,360,10000.0,999999999.0,12.0,БыстроБанк,Щедрый плюс,Вклад,1745,https://bankiros.ru/bank/bystrobank/deposits/sedryj-plus,Есть,Нет,Нет,2025-07-01
786,361,540,10000.0,999999999.0,10.5,БыстроБанк,Щедрый плюс,Вклад,1745,https://bankiros.ru/bank/bystrobank/deposits/sedryj-plus,Есть,Нет,Нет,2025-07-01
787,541,720,10000.0,999999999.0,8.5,БыстроБанк,Щедрый плюс,Вклад,1745,https://bankiros.ru/bank/bystrobank/deposits/sedryj-plus,Есть,Нет,Нет,2025-07-01
788,721,1900,10000.0,999999999.0,6.5,БыстроБанк,Щедрый плюс,Вклад,1745,https://bankiros.ru/bank/bystrobank/deposits/sedryj-plus,Есть,Нет,Нет,2025-07-01
789,731,9999,1000.0,999999999.0,8.15,БыстроБанк,Пополняемый-Пенсионный,Вклад,1745,https://bankiros.ru/bank/bystrobank/deposits/popolnaemyj-pensionnyj,Есть,Есть,Есть,2025-07-01
790,1,180,1000000.0,999999999.0,8.0,Инбанк,Экспонента на 720 дней,Вклад,1829,https://bankiros.ru/bank/in-bank/deposits/eksponenta,Нет,Есть,Нет,2025-07-01
791,181,360,1000000.0,999999999.0,11.0,Инбанк,Экспонента на 720 дней,Вклад,1829,https://bankiros.ru/bank/in-bank/deposits/eksponenta,Нет,Есть,Нет,2025-07-01
792,361,540,1000000.0,999999999.0,15.0,Инбанк,Экспонента на 720 дней,Вклад,1829,https://bankiros.ru/bank/in-bank/deposits/eksponenta,Нет,Есть,Нет,2025-07-01
793,541,720,1000000.0,999999999.0,22.0,Инбанк,Экспонента на 720 дней,Вклад,1829,https://bankiros.ru/bank/in-bank/deposits/eksponenta,Нет,Есть,Нет,2025-07-01
794,1,180,1000000.0,999999999.0,6.0,Инбанк,Экспонента на 1080 дней,Вклад,1829,https://bankiros.ru/bank/in-bank/deposits/eksponenta-3,Нет,Есть,Нет,2025-07-01
795,181,360,1000000.0,999999999.0,7.5,Инбанк,Экспонента на 1080 дней,Вклад,1829,https://bankiros.ru/bank/in-bank/deposits/eksponenta-3,Нет,Есть,Нет,2025-07-01
796,361,540,1000000.0,999999999.0,10.0,Инбанк,Экспонента на 1080 дней,Вклад,1829,https://bankiros.ru/bank/in-bank/deposits/eksponenta-3,Нет,Есть,Нет,2025-07-01
797,541,720,1000000.0,999999999.0,13.0,Инбанк,Экспонента на 1080 дней,Вклад,1829,https://bankiros.ru/bank/in-bank/deposits/eksponenta-3,Нет,Есть,Нет,2025-07-01
798,721,900,1000000.0,999999999.0,16.5,Инбанк,Экспонента на 1080 дней,Вклад,1829,https://bankiros.ru/bank/in-bank/deposits/eksponenta-3,Нет,Есть,Нет,2025-07-01
799,901,1080,1000000.0,999999999.0,19.5,Инбанк,Экспонента на 1080 дней,Вклад,1829,https://bankiros.ru/bank/in-bank/deposits/eksponenta-3,Нет,Есть,Нет,2025-07-01
800,365,9999,500000.0,50000000.0,18.5,Инбанк,Ключ,Вклад,1829,https://bankiros.ru/bank/in-bank/deposits/kluc,Есть,Есть,Есть,2025-07-01
801,31,60,50000.0,999999.0,16.75,Инбанк,Максимум Симпл,Вклад,1829,https://bankiros.ru/bank/in-bank/deposits/maksimum-simpl,Нет,Нет,Есть,2025-07-01
802,31,60,1000000.0,999999999.0,17.25,Инбанк,Максимум Симпл,Вклад,1829,https://bankiros.ru/bank/in-bank/deposits/maksimum-simpl,Нет,Нет,Есть,2025-07-01
803,61,90,50000.0,999999.0,17.5,Инбанк,Максимум Симпл,Вклад,1829,https://bankiros.ru/bank/in-bank/deposits/maksimum-simpl,Нет,Нет,Есть,2025-07-01
804,61,90,1000000.0,999999999.0,16.75,Инбанк,Максимум Симпл,Вклад,1829,https://bankiros.ru/bank/in-bank/deposits/maksimum-simpl,Нет,Нет,Есть,2025-07-01
805,91,180,50000.0,999999.0,13.5,Инбанк,Максимум Симпл,Вклад,1829,https://bankiros.ru/bank/in-bank/deposits/maksimum-simpl,Нет,Нет,Есть,2025-07-01
806,91,180,1000000.0,999999999.0,11.5,Инбанк,Максимум Симпл,Вклад,1829,https://bankiros.ru/bank/in-bank/deposits/maksimum-simpl,Нет,Нет,Есть,2025-07-01
807,181,366,50000.0,999999.0,17.25,Инбанк,Максимум Симпл,Вклад,1829,https://bankiros.ru/bank/in-bank/deposits/maksimum-simpl,Нет,Нет,Есть,2025-07-01
808,181,366,1000000.0,999999999.0,17.75,Инбанк,Максимум Симпл,Вклад,1829,https://bankiros.ru/bank/in-bank/deposits/maksimum-simpl,Нет,Нет,Есть,2025-07-01
809,367,732,50000.0,999999.0,18.0,Инбанк,Максимум Симпл,Вклад,1829,https://bankiros.ru/bank/in-bank/deposits/maksimum-simpl,Нет,Нет,Есть,2025-07-01
810,367,732,1000000.0,999999999.0,17.25,Инбанк,Максимум Симпл,Вклад,1829,https://bankiros.ru/bank/in-bank/deposits/maksimum-simpl,Нет,Нет,Есть,2025-07-01
811,733,1096,50000.0,999999.0,14.0,Инбанк,Максимум Симпл,Вклад,1829,https://bankiros.ru/bank/in-bank/deposits/maksimum-simpl,Нет,Нет,Есть,2025-07-01
812,733,1096,1000000.0,999999999.0,12.0,Инбанк,Максимум Симпл,Вклад,1829,https://bankiros.ru/bank/in-bank/deposits/maksimum-simpl,Нет,Нет,Есть,2025-07-01
813,31,60,5000000.0,999999999.0,17.25,Инбанк,Конструктор Симпл,Вклад,1829,https://bankiros.ru/bank/in-bank/deposits/konstruktor-simpl,Есть,Есть,Есть,2025-07-01
814,61,90,5000000.0,999999999.0,17.75,Инбанк,Конструктор Симпл,Вклад,1829,https://bankiros.ru/bank/in-bank/deposits/konstruktor-simpl,Есть,Есть,Есть,2025-07-01
815,91,180,5000000.0,999999999.0,18.0,Инбанк,Конструктор Симпл,Вклад,1829,https://bankiros.ru/bank/in-bank/deposits/konstruktor-simpl,Есть,Есть,Есть,2025-07-01
816,181,366,5000000.0,999999999.0,17.25,Инбанк,Конструктор Симпл,Вклад,1829,https://bankiros.ru/bank/in-bank/deposits/konstruktor-simpl,Есть,Есть,Есть,2025-07-01
817,367,732,5000000.0,999999999.0,14.0,Инбанк,Конструктор Симпл,Вклад,1829,https://bankiros.ru/bank/in-bank/deposits/konstruktor-simpl,Есть,Есть,Есть,2025-07-01
818,733,1096,5000000.0,999999999.0,12.0,Инбанк,Конструктор Симпл,Вклад,1829,https://bankiros.ru/bank/in-bank/deposits/konstruktor-simpl,Есть,Есть,Есть,2025-07-01
819,31,60,50000.0,999999.0,15.5,Инбанк,Флексимум Симпл,Вклад,1829,https://bankiros.ru/bank/in-bank/deposits/fleksimum-simpl,Есть,Есть,Есть,2025-07-01
820,31,60,1000000.0,999999999.0,15.75,Инбанк,Флексимум Симпл,Вклад,1829,https://bankiros.ru/bank/in-bank/deposits/fleksimum-simpl,Есть,Есть,Есть,2025-07-01
821,61,90,50000.0,999999.0,14.75,Инбанк,Флексимум Симпл,Вклад,1829,https://bankiros.ru/bank/in-bank/deposits/fleksimum-simpl,Есть,Есть,Есть,2025-07-01
822,61,90,1000000.0,999999999.0,14.0,Инбанк,Флексимум Симпл,Вклад,1829,https://bankiros.ru/bank/in-bank/deposits/fleksimum-simpl,Есть,Есть,Есть,2025-07-01
823,91,180,50000.0,999999.0,10.75,Инбанк,Флексимум Симпл,Вклад,1829,https://bankiros.ru/bank/in-bank/deposits/fleksimum-simpl,Есть,Есть,Есть,2025-07-01
824,91,180,1000000.0,999999999.0,8.75,Инбанк,Флексимум Симпл,Вклад,1829,https://bankiros.ru/bank/in-bank/deposits/fleksimum-simpl,Есть,Есть,Есть,2025-07-01
825,181,366,50000.0,999999.0,16.0,Инбанк,Флексимум Симпл,Вклад,1829,https://bankiros.ru/bank/in-bank/deposits/fleksimum-simpl,Есть,Есть,Есть,2025-07-01
826,181,366,1000000.0,999999999.0,16.25,Инбанк,Флексимум Симпл,Вклад,1829,https://bankiros.ru/bank/in-bank/deposits/fleksimum-simpl,Есть,Есть,Есть,2025-07-01
827,367,732,50000.0,999999.0,15.25,Инбанк,Флексимум Симпл,Вклад,1829,https://bankiros.ru/bank/in-bank/deposits/fleksimum-simpl,Есть,Есть,Есть,2025-07-01
828,367,732,1000000.0,999999999.0,14.5,Инбанк,Флексимум Симпл,Вклад,1829,https://bankiros.ru/bank/in-bank/deposits/fleksimum-simpl,Есть,Есть,Есть,2025-07-01
829,733,1096,50000.0,999999.0,11.25,Инбанк,Флексимум Симпл,Вклад,1829,https://bankiros.ru/bank/in-bank/deposits/fleksimum-simpl,Есть,Есть,Есть,2025-07-01
830,733,1096,1000000.0,999999999.0,9.25,Инбанк,Флексимум Симпл,Вклад,1829,https://bankiros.ru/bank/in-bank/deposits/fleksimum-simpl,Есть,Есть,Есть,2025-07-01
831,1,90,50000.0,999999999.0,22.0,Азиатско-Тихоокеанский Банк,В плюсе (273 дня),Вклад,1810,https://bankiros.ru/bank/atb/deposits/v-pluse-10,Есть,Нет,Есть,2025-07-01
832,91,273,50000.0,999999999.0,16.9,Азиатско-Тихоокеанский Банк,В плюсе (273 дня),Вклад,1810,https://bankiros.ru/bank/atb/deposits/v-pluse-10,Есть,Нет,Есть,2025-07-01
833,1,90,50000.0,999999999.0,22.0,Азиатско-Тихоокеанский Банк,В плюсе (367 дней),Вклад,1810,https://bankiros.ru/bank/atb/deposits/v-pluse-12,Есть,Нет,Есть,2025-07-01
834,91,367,50000.0,999999999.0,17.5,Азиатско-Тихоокеанский Банк,В плюсе (367 дней),Вклад,1810,https://bankiros.ru/bank/atb/deposits/v-pluse-12,Есть,Нет,Есть,2025-07-01
835,1,90,50000.0,999999999.0,22.0,Азиатско-Тихоокеанский Банк,В плюсе (182 дня),Вклад,1810,https://bankiros.ru/bank/atb/deposits/v-pluse-14,Есть,Нет,Есть,2025-07-01
836,91,182,50000.0,999999999.0,15.2,Азиатско-Тихоокеанский Банк,В плюсе (182 дня),Вклад,1810,https://bankiros.ru/bank/atb/deposits/v-pluse-14,Есть,Нет,Есть,2025-07-01
837,92,121,50000.0,999999999.0,18.3,Азиатско-Тихоокеанский Банк,Новые деньги,Вклад,1810,https://bankiros.ru/bank/atb/deposits/novye-dengi-5,Нет,Нет,Есть,2025-07-01
838,122,181,50000.0,999999999.0,18.5,Азиатско-Тихоокеанский Банк,Новые деньги,Вклад,1810,https://bankiros.ru/bank/atb/deposits/novye-dengi-5,Нет,Нет,Есть,2025-07-01
839,182,272,50000.0,999999999.0,19.0,Азиатско-Тихоокеанский Банк,Новые деньги,Вклад,1810,https://bankiros.ru/bank/atb/deposits/novye-dengi-5,Нет,Нет,Есть,2025-07-01
840,273,366,50000.0,999999999.0,19.0,Азиатско-Тихоокеанский Банк,Новые деньги,Вклад,1810,https://bankiros.ru/bank/atb/deposits/novye-dengi-5,Нет,Нет,Есть,2025-07-01
841,367,730,50000.0,999999999.0,19.0,Азиатско-Тихоокеанский Банк,Новые деньги,Вклад,1810,https://bankiros.ru/bank/atb/deposits/novye-dengi-5,Нет,Нет,Есть,2025-07-01
842,731,1097,50000.0,999999999.0,16.5,Азиатско-Тихоокеанский Банк,Новые деньги,Вклад,1810,https://bankiros.ru/bank/atb/deposits/novye-dengi-5,Нет,Нет,Есть,2025-07-01
843,1098,9999,50000.0,999999999.0,16.5,Азиатско-Тихоокеанский Банк,Новые деньги,Вклад,1810,https://bankiros.ru/bank/atb/deposits/novye-dengi-5,Нет,Нет,Есть,2025-07-01
844,92,121,7000000.0,999999999.0,18.5,Азиатско-Тихоокеанский Банк,АТБ. ВИП. Вклад,Вклад,1810,https://bankiros.ru/bank/atb/deposits/atb-vip-vklad,Нет,Нет,Нет,2025-07-01
845,122,181,7000000.0,999999999.0,18.7,Азиатско-Тихоокеанский Банк,АТБ. ВИП. Вклад,Вклад,1810,https://bankiros.ru/bank/atb/deposits/atb-vip-vklad,Нет,Нет,Нет,2025-07-01
846,182,272,7000000.0,999999999.0,19.2,Азиатско-Тихоокеанский Банк,АТБ. ВИП. Вклад,Вклад,1810,https://bankiros.ru/bank/atb/deposits/atb-vip-vklad,Нет,Нет,Нет,2025-07-01
847,273,366,7000000.0,999999999.0,19.2,Азиатско-Тихоокеанский Банк,АТБ. ВИП. Вклад,Вклад,1810,https://bankiros.ru/bank/atb/deposits/atb-vip-vklad,Нет,Нет,Нет,2025-07-01
848,367,730,7000000.0,999999999.0,19.2,Азиатско-Тихоокеанский Банк,АТБ. ВИП. Вклад,Вклад,1810,https://bankiros.ru/bank/atb/deposits/atb-vip-vklad,Нет,Нет,Нет,2025-07-01
849,731,1097,7000000.0,999999999.0,16.7,Азиатско-Тихоокеанский Банк,АТБ. ВИП. Вклад,Вклад,1810,https://bankiros.ru/bank/atb/deposits/atb-vip-vklad,Нет,Нет,Нет,2025-07-01
850,1098,9999,7000000.0,999999999.0,16.7,Азиатско-Тихоокеанский Банк,АТБ. ВИП. Вклад,Вклад,1810,https://bankiros.ru/bank/atb/deposits/atb-vip-vklad,Нет,Нет,Нет,2025-07-01
851,182,366,50000.0,999999999.0,19.0,Азиатско-Тихоокеанский Банк,Ключевой,Вклад,1810,https://bankiros.ru/bank/atb/deposits/klucevoj-21,Есть,Нет,Есть,2025-07-01
852,367,730,50000.0,999999999.0,19.0,Азиатско-Тихоокеанский Банк,Ключевой,Вклад,1810,https://bankiros.ru/bank/atb/deposits/klucevoj-21,Есть,Нет,Есть,2025-07-01
853,731,1097,50000.0,999999999.0,19.0,Азиатско-Тихоокеанский Банк,Ключевой,Вклад,1810,https://bankiros.ru/bank/atb/deposits/klucevoj-21,Есть,Нет,Есть,2025-07-01
854,1098,9999,50000.0,999999999.0,19.0,Азиатско-Тихоокеанский Банк,Ключевой,Вклад,1810,https://bankiros.ru/bank/atb/deposits/klucevoj-21,Есть,Нет,Есть,2025-07-01
855,1,9999,1.0,30000000.0,19.0,Азиатско-Тихоокеанский Банк,Накопительный счёт Статус,Накопительный счет,1810,https://bankiros.ru/bank/atb/deposits/nakopitelnyj-scet-status-3,Есть,Есть,Нет,2025-07-01
856,92,121,50000.0,999999999.0,17.8,Азиатско-Тихоокеанский Банк,Доходный,Вклад,1810,https://bankiros.ru/bank/atb/deposits/dohodnyj-159,Нет,Нет,Есть,2025-07-01
857,122,181,50000.0,999999999.0,18.0,Азиатско-Тихоокеанский Банк,Доходный,Вклад,1810,https://bankiros.ru/bank/atb/deposits/dohodnyj-159,Нет,Нет,Есть,2025-07-01
858,182,272,50000.0,999999999.0,18.5,Азиатско-Тихоокеанский Банк,Доходный,Вклад,1810,https://bankiros.ru/bank/atb/deposits/dohodnyj-159,Нет,Нет,Есть,2025-07-01
859,273,366,50000.0,999999999.0,18.5,Азиатско-Тихоокеанский Банк,Доходный,Вклад,1810,https://bankiros.ru/bank/atb/deposits/dohodnyj-159,Нет,Нет,Есть,2025-07-01
860,367,730,50000.0,999999999.0,18.5,Азиатско-Тихоокеанский Банк,Доходный,Вклад,1810,https://bankiros.ru/bank/atb/deposits/dohodnyj-159,Нет,Нет,Есть,2025-07-01
861,731,1097,50000.0,999999999.0,16.0,Азиатско-Тихоокеанский Банк,Доходный,Вклад,1810,https://bankiros.ru/bank/atb/deposits/dohodnyj-159,Нет,Нет,Есть,2025-07-01
862,1098,9999,50000.0,999999999.0,16.0,Азиатско-Тихоокеанский Банк,Доходный,Вклад,1810,https://bankiros.ru/bank/atb/deposits/dohodnyj-159,Нет,Нет,Есть,2025-07-01
863,1,9999,1.0,3000000.0,18.0,Азиатско-Тихоокеанский Банк,Накопительный счёт АТБ. Счёт +,Накопительный счет,1810,https://bankiros.ru/bank/atb/deposits/super-kopilka,Есть,Есть,Нет,2025-07-01
864,1,9999,3000010.0,999999999.0,10.0,Азиатско-Тихоокеанский Банк,Накопительный счёт АТБ. Счёт +,Накопительный счет,1810,https://bankiros.ru/bank/atb/deposits/super-kopilka,Есть,Есть,Нет,2025-07-01
865,92,121,50000.0,999999999.0,17.0,Азиатско-Тихоокеанский Банк,Пополняемый,Вклад,1810,https://bankiros.ru/bank/atb/deposits/popolnaemyj-47,Есть,Нет,Есть,2025-07-01
866,122,181,50000.0,999999999.0,16.5,Азиатско-Тихоокеанский Банк,Пополняемый,Вклад,1810,https://bankiros.ru/bank/atb/deposits/popolnaemyj-47,Есть,Нет,Есть,2025-07-01
867,182,272,50000.0,999999999.0,14.5,Азиатско-Тихоокеанский Банк,Пополняемый,Вклад,1810,https://bankiros.ru/bank/atb/deposits/popolnaemyj-47,Есть,Нет,Есть,2025-07-01
868,273,366,50000.0,999999999.0,13.5,Азиатско-Тихоокеанский Банк,Пополняемый,Вклад,1810,https://bankiros.ru/bank/atb/deposits/popolnaemyj-47,Есть,Нет,Есть,2025-07-01
869,367,730,50000.0,999999999.0,12.0,Азиатско-Тихоокеанский Банк,Пополняемый,Вклад,1810,https://bankiros.ru/bank/atb/deposits/popolnaemyj-47,Есть,Нет,Есть,2025-07-01
870,731,1097,50000.0,999999999.0,9.1,Азиатско-Тихоокеанский Банк,Пополняемый,Вклад,1810,https://bankiros.ru/bank/atb/deposits/popolnaemyj-47,Есть,Нет,Есть,2025-07-01
871,1098,9999,50000.0,999999999.0,9.2,Азиатско-Тихоокеанский Банк,Пополняемый,Вклад,1810,https://bankiros.ru/bank/atb/deposits/popolnaemyj-47,Есть,Нет,Есть,2025-07-01
872,1,61,100.0,99.0,,Банк Финам,Накопительный счёт Cтавка на стабильность,Накопительный счет,2799,https://bankiros.ru/bank/finambank/deposits/nakopitelnyj-scet-206,Есть,Есть,Нет,2025-07-01
873,1,61,100.0,1500000.0,14.5,Банк Финам,Накопительный счёт Cтавка на стабильность,Накопительный счет,2799,https://bankiros.ru/bank/finambank/deposits/nakopitelnyj-scet-206,Есть,Есть,Нет,2025-07-01
874,62,9999,100.0,99.0,22.0,Банк Финам,Накопительный счёт Cтавка на стабильность,Накопительный счет,2799,https://bankiros.ru/bank/finambank/deposits/nakopitelnyj-scet-206,Есть,Есть,Нет,2025-07-01
875,62,9999,100.0,1500000.0,,Банк Финам,Накопительный счёт Cтавка на стабильность,Накопительный счет,2799,https://bankiros.ru/bank/finambank/deposits/nakopitelnyj-scet-206,Есть,Есть,Нет,2025-07-01
876,31,59,30000.0,999999999.0,15.0,Банк Финам,Ваши правила (с пополнением и снятием % в конце срока),Вклад,2799,https://bankiros.ru/bank/finambank/deposits/vasi-pravila,Есть,Есть,Есть,2025-07-01
877,60,89,30000.0,999999999.0,16.0,Банк Финам,Ваши правила (с пополнением и снятием % в конце срока),Вклад,2799,https://bankiros.ru/bank/finambank/deposits/vasi-pravila,Есть,Есть,Есть,2025-07-01
878,90,179,30000.0,999999999.0,16.3,Банк Финам,Ваши правила (с пополнением и снятием % в конце срока),Вклад,2799,https://bankiros.ru/bank/finambank/deposits/vasi-pravila,Есть,Есть,Есть,2025-07-01
879,180,269,30000.0,999999999.0,17.0,Банк Финам,Ваши правила (с пополнением и снятием % в конце срока),Вклад,2799,https://bankiros.ru/bank/finambank/deposits/vasi-pravila,Есть,Есть,Есть,2025-07-01
880,270,363,30000.0,999999999.0,15.5,Банк Финам,Ваши правила (с пополнением и снятием % в конце срока),Вклад,2799,https://bankiros.ru/bank/finambank/deposits/vasi-pravila,Есть,Есть,Есть,2025-07-01
881,364,549,30000.0,999999999.0,14.0,Банк Финам,Ваши правила (с пополнением и снятием % в конце срока),Вклад,2799,https://bankiros.ru/bank/finambank/deposits/vasi-pravila,Есть,Есть,Есть,2025-07-01
882,550,730,30000.0,999999999.0,8.75,Банк Финам,Ваши правила (с пополнением и снятием % в конце срока),Вклад,2799,https://bankiros.ru/bank/finambank/deposits/vasi-pravila,Есть,Есть,Есть,2025-07-01
883,731,9999,30000.0,999999999.0,7.0,Банк Финам,Ваши правила (с пополнением и снятием % в конце срока),Вклад,2799,https://bankiros.ru/bank/finambank/deposits/vasi-pravila,Есть,Есть,Есть,2025-07-01
884,60,89,30000.0,999999999.0,15.8,Банк Финам,Ваши правила (с пополнением и снятием % ежемесячно),Вклад,2799,https://bankiros.ru/bank/finambank/deposits/vasi-pravila-3,Есть,Есть,Есть,2025-07-01
885,90,179,30000.0,999999999.0,16.0,Банк Финам,Ваши правила (с пополнением и снятием % ежемесячно),Вклад,2799,https://bankiros.ru/bank/finambank/deposits/vasi-pravila-3,Есть,Есть,Есть,2025-07-01
886,180,269,30000.0,999999999.0,16.2,Банк Финам,Ваши правила (с пополнением и снятием % ежемесячно),Вклад,2799,https://bankiros.ru/bank/finambank/deposits/vasi-pravila-3,Есть,Есть,Есть,2025-07-01
887,270,363,30000.0,999999999.0,14.45,Банк Финам,Ваши правила (с пополнением и снятием % ежемесячно),Вклад,2799,https://bankiros.ru/bank/finambank/deposits/vasi-pravila-3,Есть,Есть,Есть,2025-07-01
888,364,549,30000.0,999999999.0,12.7,Банк Финам,Ваши правила (с пополнением и снятием % ежемесячно),Вклад,2799,https://bankiros.ru/bank/finambank/deposits/vasi-pravila-3,Есть,Есть,Есть,2025-07-01
889,550,730,30000.0,999999999.0,6.8,Банк Финам,Ваши правила (с пополнением и снятием % ежемесячно),Вклад,2799,https://bankiros.ru/bank/finambank/deposits/vasi-pravila-3,Есть,Есть,Есть,2025-07-01
890,731,9999,30000.0,999999999.0,4.4,Банк Финам,Ваши правила (с пополнением и снятием % ежемесячно),Вклад,2799,https://bankiros.ru/bank/finambank/deposits/vasi-pravila-3,Есть,Есть,Есть,2025-07-01
891,30,9999,1.0,1000000.0,21.0,УБРиР,Накопительный счет,Накопительный счет,429,https://bankiros.ru/bank/ubrir/deposits/nakopitelnyj-scet-21,Есть,Есть,Нет,2025-07-01
892,30,9999,1000010.0,999999999.0,5.5,УБРиР,Накопительный счет,Накопительный счет,429,https://bankiros.ru/bank/ubrir/deposits/nakopitelnyj-scet-21,Есть,Есть,Нет,2025-07-01
893,91,9999,50000.0,1000000.0,20.5,УБРиР,в будущее,Вклад,429,https://bankiros.ru/bank/ubrir/deposits/vklad-v-budusee-2,Нет,Нет,Нет,2025-07-01
894,90,119,50000.0,999999999.0,19.2,УБРиР,Правильный выбор с пакетом услуг «Всё под контролем. Лайт»,Вклад,429,https://bankiros.ru/bank/ubrir/deposits/pravilnyj-vybor-s-paketom-uslug-vse-pod-kontrolem-lajt,Есть,Есть,Есть,2025-07-01
895,120,149,50000.0,999999999.0,19.05,УБРиР,Правильный выбор с пакетом услуг «Всё под контролем. Лайт»,Вклад,429,https://bankiros.ru/bank/ubrir/deposits/pravilnyj-vybor-s-paketom-uslug-vse-pod-kontrolem-lajt,Есть,Есть,Есть,2025-07-01
896,150,179,50000.0,999999999.0,18.67,УБРиР,Правильный выбор с пакетом услуг «Всё под контролем. Лайт»,Вклад,429,https://bankiros.ru/bank/ubrir/deposits/pravilnyj-vybor-s-paketom-uslug-vse-pod-kontrolem-lajt,Есть,Есть,Есть,2025-07-01
897,180,209,50000.0,999999999.0,18.33,УБРиР,Правильный выбор с пакетом услуг «Всё под контролем. Лайт»,Вклад,429,https://bankiros.ru/bank/ubrir/deposits/pravilnyj-vybor-s-paketom-uslug-vse-pod-kontrolem-lajt,Есть,Есть,Есть,2025-07-01
898,210,269,50000.0,999999999.0,17.72,УБРиР,Правильный выбор с пакетом услуг «Всё под контролем. Лайт»,Вклад,429,https://bankiros.ru/bank/ubrir/deposits/pravilnyj-vybor-s-paketom-uslug-vse-pod-kontrolem-lajt,Есть,Есть,Есть,2025-07-01
899,270,359,50000.0,999999999.0,17.11,УБРиР,Правильный выбор с пакетом услуг «Всё под контролем. Лайт»,Вклад,429,https://bankiros.ru/bank/ubrir/deposits/pravilnyj-vybor-s-paketom-uslug-vse-pod-kontrolem-lajt,Есть,Есть,Есть,2025-07-01
900,360,9999,50000.0,999999999.0,16.68,УБРиР,Правильный выбор с пакетом услуг «Всё под контролем. Лайт»,Вклад,429,https://bankiros.ru/bank/ubrir/deposits/pravilnyj-vybor-s-paketom-uslug-vse-pod-kontrolem-lajt,Есть,Есть,Есть,2025-07-01
901,181,9999,50000.0,999999999.0,16.55,УБРиР,Пенсионный доход,Вклад,429,https://bankiros.ru/bank/ubrir/deposits/pensionnyj-69,Нет,Нет,Есть,2025-07-01
902,90,119,1000.0,999999999.0,17.67,УБРиР,Правильный выбор онлайн,Вклад,429,https://bankiros.ru/bank/ubrir/deposits/pravilnyj-vybor-11,Нет,Нет,Нет,2025-07-01
903,120,149,1000.0,999999999.0,17.05,УБРиР,Правильный выбор онлайн,Вклад,429,https://bankiros.ru/bank/ubrir/deposits/pravilnyj-vybor-11,Нет,Нет,Нет,2025-07-01
904,150,179,1000.0,999999999.0,16.67,УБРиР,Правильный выбор онлайн,Вклад,429,https://bankiros.ru/bank/ubrir/deposits/pravilnyj-vybor-11,Нет,Нет,Нет,2025-07-01
905,180,209,1000.0,999999999.0,16.33,УБРиР,Правильный выбор онлайн,Вклад,429,https://bankiros.ru/bank/ubrir/deposits/pravilnyj-vybor-11,Нет,Нет,Нет,2025-07-01
906,210,269,1000.0,999999999.0,15.72,УБРиР,Правильный выбор онлайн,Вклад,429,https://bankiros.ru/bank/ubrir/deposits/pravilnyj-vybor-11,Нет,Нет,Нет,2025-07-01
907,270,359,1000.0,999999999.0,15.11,УБРиР,Правильный выбор онлайн,Вклад,429,https://bankiros.ru/bank/ubrir/deposits/pravilnyj-vybor-11,Нет,Нет,Нет,2025-07-01
908,360,9999,1000.0,999999999.0,14.68,УБРиР,Правильный выбор онлайн,Вклад,429,https://bankiros.ru/bank/ubrir/deposits/pravilnyj-vybor-11,Нет,Нет,Нет,2025-07-01
909,90,119,50000.0,999999999.0,17.2,УБРиР,Правильный выбор,Вклад,429,https://bankiros.ru/bank/ubrir/deposits/pravilnyj-vybor-13,Нет,Нет,Есть,2025-07-01
910,120,149,50000.0,999999999.0,17.05,УБРиР,Правильный выбор,Вклад,429,https://bankiros.ru/bank/ubrir/deposits/pravilnyj-vybor-13,Нет,Нет,Есть,2025-07-01
911,150,179,50000.0,999999999.0,16.67,УБРиР,Правильный выбор,Вклад,429,https://bankiros.ru/bank/ubrir/deposits/pravilnyj-vybor-13,Нет,Нет,Есть,2025-07-01
912,180,209,50000.0,999999999.0,16.33,УБРиР,Правильный выбор,Вклад,429,https://bankiros.ru/bank/ubrir/deposits/pravilnyj-vybor-13,Нет,Нет,Есть,2025-07-01
913,210,269,50000.0,999999999.0,15.72,УБРиР,Правильный выбор,Вклад,429,https://bankiros.ru/bank/ubrir/deposits/pravilnyj-vybor-13,Нет,Нет,Есть,2025-07-01
914,270,359,50000.0,999999999.0,15.11,УБРиР,Правильный выбор,Вклад,429,https://bankiros.ru/bank/ubrir/deposits/pravilnyj-vybor-13,Нет,Нет,Есть,2025-07-01
915,360,9999,50000.0,999999999.0,14.68,УБРиР,Правильный выбор,Вклад,429,https://bankiros.ru/bank/ubrir/deposits/pravilnyj-vybor-13,Нет,Нет,Есть,2025-07-01
916,210,9999,50000.0,999999999.0,12.0,УБРиР,Мультивалютный,Вклад,429,https://bankiros.ru/bank/ubrir/deposits/vklad-multivalutnyj-v-rublah,Есть,Есть,Есть,2025-07-01
917,90,119,1000.0,999999999.0,18.67,УБРиР,Правильный выбор онлайн с опцией «Больше плюсов»,Вклад,429,https://bankiros.ru/bank/ubrir/deposits/pravilnyj-vybor-3,Нет,Нет,Нет,2025-07-01
918,120,149,1000.0,999999999.0,18.05,УБРиР,Правильный выбор онлайн с опцией «Больше плюсов»,Вклад,429,https://bankiros.ru/bank/ubrir/deposits/pravilnyj-vybor-3,Нет,Нет,Нет,2025-07-01
919,150,179,1000.0,999999999.0,17.67,УБРиР,Правильный выбор онлайн с опцией «Больше плюсов»,Вклад,429,https://bankiros.ru/bank/ubrir/deposits/pravilnyj-vybor-3,Нет,Нет,Нет,2025-07-01
920,180,209,1000.0,999999999.0,17.33,УБРиР,Правильный выбор онлайн с опцией «Больше плюсов»,Вклад,429,https://bankiros.ru/bank/ubrir/deposits/pravilnyj-vybor-3,Нет,Нет,Нет,2025-07-01
921,210,269,1000.0,999999999.0,16.72,УБРиР,Правильный выбор онлайн с опцией «Больше плюсов»,Вклад,429,https://bankiros.ru/bank/ubrir/deposits/pravilnyj-vybor-3,Нет,Нет,Нет,2025-07-01
922,270,359,1000.0,999999999.0,16.11,УБРиР,Правильный выбор онлайн с опцией «Больше плюсов»,Вклад,429,https://bankiros.ru/bank/ubrir/deposits/pravilnyj-vybor-3,Нет,Нет,Нет,2025-07-01
923,360,9999,1000.0,999999999.0,15.68,УБРиР,Правильный выбор онлайн с опцией «Больше плюсов»,Вклад,429,https://bankiros.ru/bank/ubrir/deposits/pravilnyj-vybor-3,Нет,Нет,Нет,2025-07-01
924,1,9999,0.0,999999999.0,14.0,УБРиР,Накопительный счёт «Ежедневный доход»,Накопительный счет,429,https://bankiros.ru/bank/ubrir/deposits/nakopitelnyj-scet-ezednevnyj-dohod,Есть,Есть,Нет,2025-07-01
925,1,9999,0.0,999999999.0,3.5,УБРиР,До востребования (для зачисления пенсий и соц.выплат),Вклад,429,https://bankiros.ru/bank/ubrir/deposits/vklad-do-vostrebovania-rubli-dollary-ssa-evro,Есть,Есть,Нет,2025-07-01
926,1,31,100000.0,999999999.0,21.0,Интерпрогрессбанк,Максимальный процент,Вклад,600,https://bankiros.ru/bank/ipb/deposits/maksimalnyj-procent-2,Нет,Нет,Нет,2025-07-01
927,32,367,100000.0,999999999.0,19.0,Интерпрогрессбанк,Максимальный процент,Вклад,600,https://bankiros.ru/bank/ipb/deposits/maksimalnyj-procent-2,Нет,Нет,Нет,2025-07-01
928,1,31,5000000.0,9999999.0,19.0,Интерпрогрессбанк,Оптимальный Промо,Вклад,600,https://bankiros.ru/bank/ipb/deposits/optimalnyj-promo,Есть,Есть,Нет,2025-07-01
929,1,31,10000000.0,99999999.0,18.5,Интерпрогрессбанк,Оптимальный Промо,Вклад,600,https://bankiros.ru/bank/ipb/deposits/optimalnyj-promo,Есть,Есть,Нет,2025-07-01
930,1,31,100000000.0,999999999.0,19.5,Интерпрогрессбанк,Оптимальный Промо,Вклад,600,https://bankiros.ru/bank/ipb/deposits/optimalnyj-promo,Есть,Есть,Нет,2025-07-01
931,32,367,5000000.0,9999999.0,19.0,Интерпрогрессбанк,Оптимальный Промо,Вклад,600,https://bankiros.ru/bank/ipb/deposits/optimalnyj-promo,Есть,Есть,Нет,2025-07-01
932,32,367,10000000.0,99999999.0,20.0,Интерпрогрессбанк,Оптимальный Промо,Вклад,600,https://bankiros.ru/bank/ipb/deposits/optimalnyj-promo,Есть,Есть,Нет,2025-07-01
933,32,367,100000000.0,999999999.0,19.5,Интерпрогрессбанк,Оптимальный Промо,Вклад,600,https://bankiros.ru/bank/ipb/deposits/optimalnyj-promo,Есть,Есть,Нет,2025-07-01
934,91,180,100000.0,999999.0,17.75,Интерпрогрессбанк,Капитал,Вклад,600,https://bankiros.ru/bank/ipb/deposits/kapital-21,Нет,Нет,Есть,2025-07-01
935,91,180,1000000.0,999999999.0,15.75,Интерпрогрессбанк,Капитал,Вклад,600,https://bankiros.ru/bank/ipb/deposits/kapital-21,Нет,Нет,Есть,2025-07-01
936,181,366,100000.0,999999.0,14.75,Интерпрогрессбанк,Капитал,Вклад,600,https://bankiros.ru/bank/ipb/deposits/kapital-21,Нет,Нет,Есть,2025-07-01
937,181,366,1000000.0,999999999.0,18.0,Интерпрогрессбанк,Капитал,Вклад,600,https://bankiros.ru/bank/ipb/deposits/kapital-21,Нет,Нет,Есть,2025-07-01
938,367,9999,100000.0,999999.0,16.0,Интерпрогрессбанк,Капитал,Вклад,600,https://bankiros.ru/bank/ipb/deposits/kapital-21,Нет,Нет,Есть,2025-07-01
939,367,9999,1000000.0,999999999.0,15.0,Интерпрогрессбанк,Капитал,Вклад,600,https://bankiros.ru/bank/ipb/deposits/kapital-21,Нет,Нет,Есть,2025-07-01
940,1,31,10000.0,999999999.0,17.0,Интерпрогрессбанк,ИПБ-Онлайн Промо,Вклад,600,https://bankiros.ru/bank/ipb/deposits/ipb-onlajn-promo,Есть,Есть,Нет,2025-07-01
941,32,367,10000.0,999999999.0,17.5,Интерпрогрессбанк,ИПБ-Онлайн Промо,Вклад,600,https://bankiros.ru/bank/ipb/deposits/ipb-onlajn-promo,Есть,Есть,Нет,2025-07-01
942,1,9999,1.0,5000000.0,11.0,Интерпрогрессбанк,Накопительный счет,Накопительный счет,600,https://bankiros.ru/bank/ipb/deposits/nakopitelnyj-scet-136,Есть,Есть,Нет,2025-07-01
943,1,9999,5000010.0,999999999.0,0.1,Интерпрогрессбанк,Накопительный счет,Накопительный счет,600,https://bankiros.ru/bank/ipb/deposits/nakopitelnyj-scet-136,Есть,Есть,Нет,2025-07-01
944,375,9999,30000.0,999999999.0,21.0,РостФинанс,Умный Рост,Вклад,481,https://bankiros.ru/bank/rostfinance/deposits/umnyj-rost,Нет,Нет,Нет,2025-07-01
945,375,9999,10000.0,600000.0,20.3,РостФинанс,Формула Роста,Вклад,481,https://bankiros.ru/bank/rostfinance/deposits/formula-rosta,Нет,Нет,Нет,2025-07-01
946,65,94,50000.0,999999999.0,17.7,РостФинанс,Классический Рост,Вклад,481,https://bankiros.ru/bank/rostfinance/deposits/klassiceskij-rost,Нет,Нет,Нет,2025-07-01
947,95,184,50000.0,999999999.0,19.0,РостФинанс,Классический Рост,Вклад,481,https://bankiros.ru/bank/rostfinance/deposits/klassiceskij-rost,Нет,Нет,Нет,2025-07-01
948,185,374,50000.0,999999999.0,19.5,РостФинанс,Классический Рост,Вклад,481,https://bankiros.ru/bank/rostfinance/deposits/klassiceskij-rost,Нет,Нет,Нет,2025-07-01
949,375,9999,50000.0,999999999.0,17.5,РостФинанс,Классический Рост,Вклад,481,https://bankiros.ru/bank/rostfinance/deposits/klassiceskij-rost,Нет,Нет,Нет,2025-07-01
950,1,9999,1.0,2999.0,0.1,РостФинанс,Накопительный счёт,Накопительный счет,481,https://bankiros.ru/bank/rostfinance/deposits/nakopitelnyj-scet-134,Есть,Есть,Нет,2025-07-01
951,1,9999,3000.0,49999.0,4.0,РостФинанс,Накопительный счёт,Накопительный счет,481,https://bankiros.ru/bank/rostfinance/deposits/nakopitelnyj-scet-134,Есть,Есть,Нет,2025-07-01
952,1,9999,50000.0,9999990.0,5.0,РостФинанс,Накопительный счёт,Накопительный счет,481,https://bankiros.ru/bank/rostfinance/deposits/nakopitelnyj-scet-134,Есть,Есть,Нет,2025-07-01
953,1,9999,10000000.0,999999999.0,6.0,РостФинанс,Накопительный счёт,Накопительный счет,481,https://bankiros.ru/bank/rostfinance/deposits/nakopitelnyj-scet-134,Есть,Есть,Нет,2025-07-01
954,1,60,10000.0,999999999.0,21.0,Владбизнесбанк,Первый,Вклад,903,https://bankiros.ru/bank/vladbiznesbank/deposits/pervyj-12,Нет,Нет,Нет,2025-07-01
955,61,180,10000.0,999999999.0,17.5,Владбизнесбанк,Первый,Вклад,903,https://bankiros.ru/bank/vladbiznesbank/deposits/pervyj-12,Нет,Нет,Нет,2025-07-01
956,181,360,10000.0,999999999.0,17.0,Владбизнесбанк,Первый,Вклад,903,https://bankiros.ru/bank/vladbiznesbank/deposits/pervyj-12,Нет,Нет,Нет,2025-07-01
957,361,800,10000.0,999999999.0,15.0,Владбизнесбанк,Первый,Вклад,903,https://bankiros.ru/bank/vladbiznesbank/deposits/pervyj-12,Нет,Нет,Нет,2025-07-01
958,1,100,10000.0,999999999.0,19.0,Владбизнесбанк,Выгодный,Вклад,903,https://bankiros.ru/bank/vladbiznesbank/deposits/vygodnyj-45,Нет,Нет,Нет,2025-07-01
959,101,300,10000.0,999999999.0,14.5,Владбизнесбанк,Выгодный,Вклад,903,https://bankiros.ru/bank/vladbiznesbank/deposits/vygodnyj-45,Нет,Нет,Нет,2025-07-01
960,301,800,10000.0,999999999.0,8.5,Владбизнесбанк,Выгодный,Вклад,903,https://bankiros.ru/bank/vladbiznesbank/deposits/vygodnyj-45,Нет,Нет,Нет,2025-07-01
961,1095,9999,50000.0,999999999.0,18.5,Владбизнесбанк,вКЛЮЧайся,Вклад,903,https://bankiros.ru/bank/vladbiznesbank/deposits/vklucajsa,Нет,Есть,Нет,2025-07-01
962,2555,9999,250.0,999999999.0,3.0,Владбизнесбанк,Пенсионный классический,Вклад,903,https://bankiros.ru/bank/vladbiznesbank/deposits/pensionnyj-klassiceskij-3,Есть,Есть,Нет,2025-07-01
963,425,546,100000.0,999999999.0,20.8,Фора-Банк,Ключ к успеху,Вклад,1885,https://bankiros.ru/bank/forabank/deposits/kluc-k-uspehu-2,Есть,Нет,Нет,2025-07-01
964,547,9999,100000.0,999999999.0,21.0,Фора-Банк,Ключ к успеху,Вклад,1885,https://bankiros.ru/bank/forabank/deposits/kluc-k-uspehu-2,Есть,Нет,Нет,2025-07-01
965,31,60,5000.0,1499999.0,15.7,Фора-Банк,Сберегательный,Вклад,1885,https://bankiros.ru/bank/forabank/deposits/sberegatelnyj-plus-moskva,Есть,Нет,Нет,2025-07-01
966,31,60,1500000.0,2999999.0,18.6,Фора-Банк,Сберегательный,Вклад,1885,https://bankiros.ru/bank/forabank/deposits/sberegatelnyj-plus-moskva,Есть,Нет,Нет,2025-07-01
967,31,60,3000000.0,999999999.0,18.9,Фора-Банк,Сберегательный,Вклад,1885,https://bankiros.ru/bank/forabank/deposits/sberegatelnyj-plus-moskva,Есть,Нет,Нет,2025-07-01
968,61,91,5000.0,1499999.0,19.05,Фора-Банк,Сберегательный,Вклад,1885,https://bankiros.ru/bank/forabank/deposits/sberegatelnyj-plus-moskva,Есть,Нет,Нет,2025-07-01
969,61,91,1500000.0,2999999.0,19.15,Фора-Банк,Сберегательный,Вклад,1885,https://bankiros.ru/bank/forabank/deposits/sberegatelnyj-plus-moskva,Есть,Нет,Нет,2025-07-01
970,61,91,3000000.0,999999999.0,19.35,Фора-Банк,Сберегательный,Вклад,1885,https://bankiros.ru/bank/forabank/deposits/sberegatelnyj-plus-moskva,Есть,Нет,Нет,2025-07-01
971,92,119,5000.0,1499999.0,19.15,Фора-Банк,Сберегательный,Вклад,1885,https://bankiros.ru/bank/forabank/deposits/sberegatelnyj-plus-moskva,Есть,Нет,Нет,2025-07-01
972,92,119,1500000.0,2999999.0,18.95,Фора-Банк,Сберегательный,Вклад,1885,https://bankiros.ru/bank/forabank/deposits/sberegatelnyj-plus-moskva,Есть,Нет,Нет,2025-07-01
973,92,119,3000000.0,999999999.0,18.8,Фора-Банк,Сберегательный,Вклад,1885,https://bankiros.ru/bank/forabank/deposits/sberegatelnyj-plus-moskva,Есть,Нет,Нет,2025-07-01
974,120,149,5000.0,1499999.0,18.65,Фора-Банк,Сберегательный,Вклад,1885,https://bankiros.ru/bank/forabank/deposits/sberegatelnyj-plus-moskva,Есть,Нет,Нет,2025-07-01
975,120,149,1500000.0,2999999.0,18.55,Фора-Банк,Сберегательный,Вклад,1885,https://bankiros.ru/bank/forabank/deposits/sberegatelnyj-plus-moskva,Есть,Нет,Нет,2025-07-01
976,120,149,3000000.0,999999999.0,17.85,Фора-Банк,Сберегательный,Вклад,1885,https://bankiros.ru/bank/forabank/deposits/sberegatelnyj-plus-moskva,Есть,Нет,Нет,2025-07-01
977,150,181,5000.0,1499999.0,17.35,Фора-Банк,Сберегательный,Вклад,1885,https://bankiros.ru/bank/forabank/deposits/sberegatelnyj-plus-moskva,Есть,Нет,Нет,2025-07-01
978,150,181,1500000.0,2999999.0,9.15,Фора-Банк,Сберегательный,Вклад,1885,https://bankiros.ru/bank/forabank/deposits/sberegatelnyj-plus-moskva,Есть,Нет,Нет,2025-07-01
979,150,181,3000000.0,999999999.0,15.8,Фора-Банк,Сберегательный,Вклад,1885,https://bankiros.ru/bank/forabank/deposits/sberegatelnyj-plus-moskva,Есть,Нет,Нет,2025-07-01
980,182,209,5000.0,1499999.0,18.7,Фора-Банк,Сберегательный,Вклад,1885,https://bankiros.ru/bank/forabank/deposits/sberegatelnyj-plus-moskva,Есть,Нет,Нет,2025-07-01
981,182,209,1500000.0,2999999.0,19.0,Фора-Банк,Сберегательный,Вклад,1885,https://bankiros.ru/bank/forabank/deposits/sberegatelnyj-plus-moskva,Есть,Нет,Нет,2025-07-01
982,182,209,3000000.0,999999999.0,19.15,Фора-Банк,Сберегательный,Вклад,1885,https://bankiros.ru/bank/forabank/deposits/sberegatelnyj-plus-moskva,Есть,Нет,Нет,2025-07-01
983,210,239,5000.0,1499999.0,19.25,Фора-Банк,Сберегательный,Вклад,1885,https://bankiros.ru/bank/forabank/deposits/sberegatelnyj-plus-moskva,Есть,Нет,Нет,2025-07-01
984,210,239,1500000.0,2999999.0,19.45,Фора-Банк,Сберегательный,Вклад,1885,https://bankiros.ru/bank/forabank/deposits/sberegatelnyj-plus-moskva,Есть,Нет,Нет,2025-07-01
985,210,239,3000000.0,999999999.0,19.25,Фора-Банк,Сберегательный,Вклад,1885,https://bankiros.ru/bank/forabank/deposits/sberegatelnyj-plus-moskva,Есть,Нет,Нет,2025-07-01
986,240,273,5000.0,1499999.0,19.05,Фора-Банк,Сберегательный,Вклад,1885,https://bankiros.ru/bank/forabank/deposits/sberegatelnyj-plus-moskva,Есть,Нет,Нет,2025-07-01
987,240,273,1500000.0,2999999.0,18.9,Фора-Банк,Сберегательный,Вклад,1885,https://bankiros.ru/bank/forabank/deposits/sberegatelnyj-plus-moskva,Есть,Нет,Нет,2025-07-01
988,240,273,3000000.0,999999999.0,18.75,Фора-Банк,Сберегательный,Вклад,1885,https://bankiros.ru/bank/forabank/deposits/sberegatelnyj-plus-moskva,Есть,Нет,Нет,2025-07-01
989,274,299,5000.0,1499999.0,18.65,Фора-Банк,Сберегательный,Вклад,1885,https://bankiros.ru/bank/forabank/deposits/sberegatelnyj-plus-moskva,Есть,Нет,Нет,2025-07-01
990,274,299,1500000.0,2999999.0,17.95,Фора-Банк,Сберегательный,Вклад,1885,https://bankiros.ru/bank/forabank/deposits/sberegatelnyj-plus-moskva,Есть,Нет,Нет,2025-07-01
991,274,299,3000000.0,999999999.0,17.45,Фора-Банк,Сберегательный,Вклад,1885,https://bankiros.ru/bank/forabank/deposits/sberegatelnyj-plus-moskva,Есть,Нет,Нет,2025-07-01
992,300,365,5000.0,1499999.0,9.25,Фора-Банк,Сберегательный,Вклад,1885,https://bankiros.ru/bank/forabank/deposits/sberegatelnyj-plus-moskva,Есть,Нет,Нет,2025-07-01
993,300,365,1500000.0,2999999.0,15.9,Фора-Банк,Сберегательный,Вклад,1885,https://bankiros.ru/bank/forabank/deposits/sberegatelnyj-plus-moskva,Есть,Нет,Нет,2025-07-01
994,300,365,3000000.0,999999999.0,18.8,Фора-Банк,Сберегательный,Вклад,1885,https://bankiros.ru/bank/forabank/deposits/sberegatelnyj-plus-moskva,Есть,Нет,Нет,2025-07-01
995,366,419,5000.0,1499999.0,19.1,Фора-Банк,Сберегательный,Вклад,1885,https://bankiros.ru/bank/forabank/deposits/sberegatelnyj-plus-moskva,Есть,Нет,Нет,2025-07-01
996,366,419,1500000.0,2999999.0,19.25,Фора-Банк,Сберегательный,Вклад,1885,https://bankiros.ru/bank/forabank/deposits/sberegatelnyj-plus-moskva,Есть,Нет,Нет,2025-07-01
997,366,419,3000000.0,999999999.0,19.35,Фора-Банк,Сберегательный,Вклад,1885,https://bankiros.ru/bank/forabank/deposits/sberegatelnyj-plus-moskva,Есть,Нет,Нет,2025-07-01
998,420,539,5000.0,1499999.0,19.55,Фора-Банк,Сберегательный,Вклад,1885,https://bankiros.ru/bank/forabank/deposits/sberegatelnyj-plus-moskva,Есть,Нет,Нет,2025-07-01
999,420,539,1500000.0,2999999.0,19.35,Фора-Банк,Сберегательный,Вклад,1885,https://bankiros.ru/bank/forabank/deposits/sberegatelnyj-plus-moskva,Есть,Нет,Нет,2025-07-01
1000,420,539,3000000.0,999999999.0,19.15,Фора-Банк,Сберегательный,Вклад,1885,https://bankiros.ru/bank/forabank/deposits/sberegatelnyj-plus-moskva,Есть,Нет,Нет,2025-07-01
1001,540,729,5000.0,1499999.0,19.0,Фора-Банк,Сберегательный,Вклад,1885,https://bankiros.ru/bank/forabank/deposits/sberegatelnyj-plus-moskva,Есть,Нет,Нет,2025-07-01
1002,540,729,1500000.0,2999999.0,18.85,Фора-Банк,Сберегательный,Вклад,1885,https://bankiros.ru/bank/forabank/deposits/sberegatelnyj-plus-moskva,Есть,Нет,Нет,2025-07-01
1003,540,729,3000000.0,999999999.0,18.75,Фора-Банк,Сберегательный,Вклад,1885,https://bankiros.ru/bank/forabank/deposits/sberegatelnyj-plus-moskva,Есть,Нет,Нет,2025-07-01
1004,730,9999,5000.0,1499999.0,18.05,Фора-Банк,Сберегательный,Вклад,1885,https://bankiros.ru/bank/forabank/deposits/sberegatelnyj-plus-moskva,Есть,Нет,Нет,2025-07-01
1005,730,9999,1500000.0,2999999.0,17.55,Фора-Банк,Сберегательный,Вклад,1885,https://bankiros.ru/bank/forabank/deposits/sberegatelnyj-plus-moskva,Есть,Нет,Нет,2025-07-01
1006,730,9999,3000000.0,999999999.0,9.35,Фора-Банк,Сберегательный,Вклад,1885,https://bankiros.ru/bank/forabank/deposits/sberegatelnyj-plus-moskva,Есть,Нет,Нет,2025-07-01
1007,31,60,5000.0,999999999.0,15.8,Фора-Банк,Сберегательный онлайн,Вклад,1885,https://bankiros.ru/bank/forabank/deposits/sberegatelnyj-onlajn-4,Есть,Нет,Нет,2025-07-01
1008,61,91,5000.0,999999999.0,18.7,Фора-Банк,Сберегательный онлайн,Вклад,1885,https://bankiros.ru/bank/forabank/deposits/sberegatelnyj-onlajn-4,Есть,Нет,Нет,2025-07-01
1009,92,119,5000.0,999999999.0,19.0,Фора-Банк,Сберегательный онлайн,Вклад,1885,https://bankiros.ru/bank/forabank/deposits/sberegatelnyj-onlajn-4,Есть,Нет,Нет,2025-07-01
1010,120,149,5000.0,999999999.0,19.15,Фора-Банк,Сберегательный онлайн,Вклад,1885,https://bankiros.ru/bank/forabank/deposits/sberegatelnyj-onlajn-4,Есть,Нет,Нет,2025-07-01
1011,150,181,5000.0,999999999.0,19.25,Фора-Банк,Сберегательный онлайн,Вклад,1885,https://bankiros.ru/bank/forabank/deposits/sberegatelnyj-onlajn-4,Есть,Нет,Нет,2025-07-01
1012,182,209,5000.0,999999999.0,19.45,Фора-Банк,Сберегательный онлайн,Вклад,1885,https://bankiros.ru/bank/forabank/deposits/sberegatelnyj-onlajn-4,Есть,Нет,Нет,2025-07-01
1013,210,239,5000.0,999999999.0,19.25,Фора-Банк,Сберегательный онлайн,Вклад,1885,https://bankiros.ru/bank/forabank/deposits/sberegatelnyj-onlajn-4,Есть,Нет,Нет,2025-07-01
1014,240,273,5000.0,999999999.0,19.05,Фора-Банк,Сберегательный онлайн,Вклад,1885,https://bankiros.ru/bank/forabank/deposits/sberegatelnyj-onlajn-4,Есть,Нет,Нет,2025-07-01
1015,274,299,5000.0,999999999.0,18.9,Фора-Банк,Сберегательный онлайн,Вклад,1885,https://bankiros.ru/bank/forabank/deposits/sberegatelnyj-onlajn-4,Есть,Нет,Нет,2025-07-01
1016,300,364,5000.0,999999999.0,18.75,Фора-Банк,Сберегательный онлайн,Вклад,1885,https://bankiros.ru/bank/forabank/deposits/sberegatelnyj-onlajn-4,Есть,Нет,Нет,2025-07-01
1017,365,419,5000.0,999999999.0,18.65,Фора-Банк,Сберегательный онлайн,Вклад,1885,https://bankiros.ru/bank/forabank/deposits/sberegatelnyj-onlajn-4,Есть,Нет,Нет,2025-07-01
1018,420,539,5000.0,999999999.0,17.95,Фора-Банк,Сберегательный онлайн,Вклад,1885,https://bankiros.ru/bank/forabank/deposits/sberegatelnyj-onlajn-4,Есть,Нет,Нет,2025-07-01
1019,540,729,5000.0,999999999.0,17.45,Фора-Банк,Сберегательный онлайн,Вклад,1885,https://bankiros.ru/bank/forabank/deposits/sberegatelnyj-onlajn-4,Есть,Нет,Нет,2025-07-01
1020,730,9999,5000.0,999999999.0,9.25,Фора-Банк,Сберегательный онлайн,Вклад,1885,https://bankiros.ru/bank/forabank/deposits/sberegatelnyj-onlajn-4,Есть,Нет,Нет,2025-07-01
1021,182,364,100000.0,1499999.0,18.9,Фора-Банк,Фаворит,Вклад,1885,https://bankiros.ru/bank/forabank/deposits/favorit,Нет,Есть,Нет,2025-07-01
1022,182,364,1500000.0,2999999.0,7.7,Фора-Банк,Фаворит,Вклад,1885,https://bankiros.ru/bank/forabank/deposits/favorit,Нет,Есть,Нет,2025-07-01
1023,182,364,3000000.0,999999999.0,7.5,Фора-Банк,Фаворит,Вклад,1885,https://bankiros.ru/bank/forabank/deposits/favorit,Нет,Есть,Нет,2025-07-01
1024,365,539,100000.0,1499999.0,7.6,Фора-Банк,Фаворит,Вклад,1885,https://bankiros.ru/bank/forabank/deposits/favorit,Нет,Есть,Нет,2025-07-01
1025,365,539,1500000.0,2999999.0,19.0,Фора-Банк,Фаворит,Вклад,1885,https://bankiros.ru/bank/forabank/deposits/favorit,Нет,Есть,Нет,2025-07-01
1026,365,539,3000000.0,999999999.0,7.8,Фора-Банк,Фаворит,Вклад,1885,https://bankiros.ru/bank/forabank/deposits/favorit,Нет,Есть,Нет,2025-07-01
1027,540,729,100000.0,1499999.0,7.6,Фора-Банк,Фаворит,Вклад,1885,https://bankiros.ru/bank/forabank/deposits/favorit,Нет,Есть,Нет,2025-07-01
1028,540,729,1500000.0,2999999.0,7.7,Фора-Банк,Фаворит,Вклад,1885,https://bankiros.ru/bank/forabank/deposits/favorit,Нет,Есть,Нет,2025-07-01
1029,540,729,3000000.0,999999999.0,19.1,Фора-Банк,Фаворит,Вклад,1885,https://bankiros.ru/bank/forabank/deposits/favorit,Нет,Есть,Нет,2025-07-01
1030,730,9999,100000.0,1499999.0,7.9,Фора-Банк,Фаворит,Вклад,1885,https://bankiros.ru/bank/forabank/deposits/favorit,Нет,Есть,Нет,2025-07-01
1031,730,9999,1500000.0,2999999.0,7.7,Фора-Банк,Фаворит,Вклад,1885,https://bankiros.ru/bank/forabank/deposits/favorit,Нет,Есть,Нет,2025-07-01
1032,730,9999,3000000.0,999999999.0,7.8,Фора-Банк,Фаворит,Вклад,1885,https://bankiros.ru/bank/forabank/deposits/favorit,Нет,Есть,Нет,2025-07-01
1033,425,9999,100000.0,999999999.0,19.0,Фора-Банк,Процент под ключ,Вклад,1885,https://bankiros.ru/bank/forabank/deposits/procent-pod-kluc,Есть,Нет,Нет,2025-07-01
1034,120,364,2000.0,1499999.0,18.5,Фора-Банк,Пенсионный,Вклад,1885,https://bankiros.ru/bank/forabank/deposits/fora-pensionnyj-moskva,Нет,Нет,Нет,2025-07-01
1035,120,364,1500000.0,2999999.0,7.5,Фора-Банк,Пенсионный,Вклад,1885,https://bankiros.ru/bank/forabank/deposits/fora-pensionnyj-moskva,Нет,Нет,Нет,2025-07-01
1036,120,364,3000000.0,999999999.0,7.3,Фора-Банк,Пенсионный,Вклад,1885,https://bankiros.ru/bank/forabank/deposits/fora-pensionnyj-moskva,Нет,Нет,Нет,2025-07-01
1037,365,539,2000.0,1499999.0,18.6,Фора-Банк,Пенсионный,Вклад,1885,https://bankiros.ru/bank/forabank/deposits/fora-pensionnyj-moskva,Нет,Нет,Нет,2025-07-01
1038,365,539,1500000.0,2999999.0,7.6,Фора-Банк,Пенсионный,Вклад,1885,https://bankiros.ru/bank/forabank/deposits/fora-pensionnyj-moskva,Нет,Нет,Нет,2025-07-01
1039,365,539,3000000.0,999999999.0,7.4,Фора-Банк,Пенсионный,Вклад,1885,https://bankiros.ru/bank/forabank/deposits/fora-pensionnyj-moskva,Нет,Нет,Нет,2025-07-01
1040,540,9999,2000.0,1499999.0,18.7,Фора-Банк,Пенсионный,Вклад,1885,https://bankiros.ru/bank/forabank/deposits/fora-pensionnyj-moskva,Нет,Нет,Нет,2025-07-01
1041,540,9999,1500000.0,2999999.0,7.7,Фора-Банк,Пенсионный,Вклад,1885,https://bankiros.ru/bank/forabank/deposits/fora-pensionnyj-moskva,Нет,Нет,Нет,2025-07-01
1042,540,9999,3000000.0,999999999.0,7.5,Фора-Банк,Пенсионный,Вклад,1885,https://bankiros.ru/bank/forabank/deposits/fora-pensionnyj-moskva,Нет,Нет,Нет,2025-07-01
1043,120,364,10000.0,1499999.0,18.5,Фора-Банк,Фора-Хит,Вклад,1885,https://bankiros.ru/bank/forabank/deposits/fora-hit,Есть,Есть,Нет,2025-07-01
1044,120,364,1500000.0,2999999.0,7.5,Фора-Банк,Фора-Хит,Вклад,1885,https://bankiros.ru/bank/forabank/deposits/fora-hit,Есть,Есть,Нет,2025-07-01
1045,120,364,3000000.0,999999999.0,7.3,Фора-Банк,Фора-Хит,Вклад,1885,https://bankiros.ru/bank/forabank/deposits/fora-hit,Есть,Есть,Нет,2025-07-01
1046,365,539,10000.0,1499999.0,18.6,Фора-Банк,Фора-Хит,Вклад,1885,https://bankiros.ru/bank/forabank/deposits/fora-hit,Есть,Есть,Нет,2025-07-01
1047,365,539,1500000.0,2999999.0,7.6,Фора-Банк,Фора-Хит,Вклад,1885,https://bankiros.ru/bank/forabank/deposits/fora-hit,Есть,Есть,Нет,2025-07-01
1048,365,539,3000000.0,999999999.0,7.4,Фора-Банк,Фора-Хит,Вклад,1885,https://bankiros.ru/bank/forabank/deposits/fora-hit,Есть,Есть,Нет,2025-07-01
1049,540,9999,10000.0,1499999.0,18.7,Фора-Банк,Фора-Хит,Вклад,1885,https://bankiros.ru/bank/forabank/deposits/fora-hit,Есть,Есть,Нет,2025-07-01
1050,540,9999,1500000.0,2999999.0,7.7,Фора-Банк,Фора-Хит,Вклад,1885,https://bankiros.ru/bank/forabank/deposits/fora-hit,Есть,Есть,Нет,2025-07-01
1051,540,9999,3000000.0,999999999.0,7.5,Фора-Банк,Фора-Хит,Вклад,1885,https://bankiros.ru/bank/forabank/deposits/fora-hit,Есть,Есть,Нет,2025-07-01
1052,182,273,300000.0,999999999.0,18.55,Фора-Банк,Рантье,Вклад,1885,https://bankiros.ru/bank/forabank/deposits/rante-5,Есть,Есть,Нет,2025-07-01
1053,274,364,300000.0,999999999.0,18.2,Фора-Банк,Рантье,Вклад,1885,https://bankiros.ru/bank/forabank/deposits/rante-5,Есть,Есть,Нет,2025-07-01
1054,365,419,300000.0,999999999.0,17.85,Фора-Банк,Рантье,Вклад,1885,https://bankiros.ru/bank/forabank/deposits/rante-5,Есть,Есть,Нет,2025-07-01
1055,420,539,300000.0,999999999.0,17.15,Фора-Банк,Рантье,Вклад,1885,https://bankiros.ru/bank/forabank/deposits/rante-5,Есть,Есть,Нет,2025-07-01
1056,540,729,300000.0,999999999.0,16.55,Фора-Банк,Рантье,Вклад,1885,https://bankiros.ru/bank/forabank/deposits/rante-5,Есть,Есть,Нет,2025-07-01
1057,730,1094,300000.0,999999999.0,8.35,Фора-Банк,Рантье,Вклад,1885,https://bankiros.ru/bank/forabank/deposits/rante-5,Есть,Есть,Нет,2025-07-01
1058,1095,9999,300000.0,999999999.0,8.3,Фора-Банк,Рантье,Вклад,1885,https://bankiros.ru/bank/forabank/deposits/rante-5,Есть,Есть,Нет,2025-07-01
1059,365,9999,25000.0,999999999.0,18.5,Фора-Банк,Перспектива,Вклад,1885,https://bankiros.ru/bank/forabank/deposits/perspektiva-38,Нет,Нет,Нет,2025-07-01
1060,1,9999,1.0,1500000.0,14.0,Фора-Банк,Накопительный счёт,Накопительный счет,1885,https://bankiros.ru/bank/forabank/deposits/nakopitelnyj-scet-236,Есть,Есть,Нет,2025-07-01
1061,540,9999,2000000.0,999999999.0,6.0,Фора-Банк,Комфортный,Вклад,1885,https://bankiros.ru/bank/forabank/deposits/komfortnyj,Есть,Есть,Нет,2025-07-01
1062,1,60,50000.0,999999999.0,18.0,Солидарность,Солидарность. Яркий,Вклад,554,https://bankiros.ru/bank/solid/deposits/sezonnyj-79,Нет,Нет,Нет,2025-07-01
1063,61,120,50000.0,999999999.0,18.4,Солидарность,Солидарность. Яркий,Вклад,554,https://bankiros.ru/bank/solid/deposits/sezonnyj-79,Нет,Нет,Нет,2025-07-01
1064,121,181,50000.0,999999999.0,20.6,Солидарность,Солидарность. Яркий,Вклад,554,https://bankiros.ru/bank/solid/deposits/sezonnyj-79,Нет,Нет,Нет,2025-07-01
1065,1,90,25000.0,999999999.0,18.5,Солидарность,Солидарность. Доходный,Вклад,554,https://bankiros.ru/bank/solid/deposits/solidnyj-rost,Есть,Нет,Нет,2025-07-01
1066,91,180,25000.0,999999999.0,17.5,Солидарность,Солидарность. Доходный,Вклад,554,https://bankiros.ru/bank/solid/deposits/solidnyj-rost,Есть,Нет,Нет,2025-07-01
1067,181,270,25000.0,999999999.0,16.0,Солидарность,Солидарность. Доходный,Вклад,554,https://bankiros.ru/bank/solid/deposits/solidnyj-rost,Есть,Нет,Нет,2025-07-01
1068,271,360,25000.0,999999999.0,15.0,Солидарность,Солидарность. Доходный,Вклад,554,https://bankiros.ru/bank/solid/deposits/solidnyj-rost,Есть,Нет,Нет,2025-07-01
1069,361,450,25000.0,999999999.0,14.0,Солидарность,Солидарность. Доходный,Вклад,554,https://bankiros.ru/bank/solid/deposits/solidnyj-rost,Есть,Нет,Нет,2025-07-01
1070,91,180,100000.0,999999999.0,18.5,Солидарность,Солидарность. Оптимальный,Вклад,554,https://bankiros.ru/bank/solid/deposits/solidarnost-optimalnyj,Нет,Нет,Нет,2025-07-01
1071,181,269,100000.0,999999999.0,18.5,Солидарность,Солидарность. Оптимальный,Вклад,554,https://bankiros.ru/bank/solid/deposits/solidarnost-optimalnyj,Нет,Нет,Нет,2025-07-01
1072,270,369,100000.0,999999999.0,18.3,Солидарность,Солидарность. Оптимальный,Вклад,554,https://bankiros.ru/bank/solid/deposits/solidarnost-optimalnyj,Нет,Нет,Нет,2025-07-01
1073,370,539,100000.0,999999999.0,17.3,Солидарность,Солидарность. Оптимальный,Вклад,554,https://bankiros.ru/bank/solid/deposits/solidarnost-optimalnyj,Нет,Нет,Нет,2025-07-01
1074,540,9999,100000.0,999999999.0,15.5,Солидарность,Солидарность. Оптимальный,Вклад,554,https://bankiros.ru/bank/solid/deposits/solidarnost-optimalnyj,Нет,Нет,Нет,2025-07-01
1075,395,539,10000.0,999999999.0,18.1,Солидарность,Солидарность. Пенсионный,Вклад,554,https://bankiros.ru/bank/solid/deposits/pensionnyj-depozit-2,Есть,Есть,Нет,2025-07-01
1076,540,749,10000.0,999999999.0,15.2,Солидарность,Солидарность. Пенсионный,Вклад,554,https://bankiros.ru/bank/solid/deposits/pensionnyj-depozit-2,Есть,Есть,Нет,2025-07-01
1077,750,9999,10000.0,999999999.0,14.7,Солидарность,Солидарность. Пенсионный,Вклад,554,https://bankiros.ru/bank/solid/deposits/pensionnyj-depozit-2,Есть,Есть,Нет,2025-07-01
1078,1,9999,1000.0,1000000.0,16.5,Солидарность,Накопительный счет «Солидный счет»,Накопительный счет,554,https://bankiros.ru/bank/solid/deposits/nakopitelnyj-53,Есть,Есть,Нет,2025-07-01
1079,1,9999,1000010.0,999999999.0,17.0,Солидарность,Накопительный счет «Солидный счет»,Накопительный счет,554,https://bankiros.ru/bank/solid/deposits/nakopitelnyj-53,Есть,Есть,Нет,2025-07-01
1080,395,9999,3000000.0,999999999.0,16.5,Солидарность,Солидарность. Премиальный,Вклад,554,https://bankiros.ru/bank/solid/deposits/premialnyj-12,Нет,Есть,Нет,2025-07-01
1081,250,549,10000.0,1499990.0,19.2,Новиком банк,Рантье,Вклад,2546,https://bankiros.ru/bank/novikombank/deposits/rante-3,Есть,Нет,Есть,2025-07-01
1082,250,549,1500000.0,4999990.0,20.0,Новиком банк,Рантье,Вклад,2546,https://bankiros.ru/bank/novikombank/deposits/rante-3,Есть,Нет,Есть,2025-07-01
1083,250,549,5000000.0,29999900.0,20.0,Новиком банк,Рантье,Вклад,2546,https://bankiros.ru/bank/novikombank/deposits/rante-3,Есть,Нет,Есть,2025-07-01
1084,250,549,30000000.0,999999999.0,19.4,Новиком банк,Рантье,Вклад,2546,https://bankiros.ru/bank/novikombank/deposits/rante-3,Есть,Нет,Есть,2025-07-01
1085,550,1099,10000.0,1499990.0,20.0,Новиком банк,Рантье,Вклад,2546,https://bankiros.ru/bank/novikombank/deposits/rante-3,Есть,Нет,Есть,2025-07-01
1086,550,1099,1500000.0,4999990.0,20.2,Новиком банк,Рантье,Вклад,2546,https://bankiros.ru/bank/novikombank/deposits/rante-3,Есть,Нет,Есть,2025-07-01
1087,550,1099,5000000.0,29999900.0,19.5,Новиком банк,Рантье,Вклад,2546,https://bankiros.ru/bank/novikombank/deposits/rante-3,Есть,Нет,Есть,2025-07-01
1088,550,1099,30000000.0,999999999.0,20.1,Новиком банк,Рантье,Вклад,2546,https://bankiros.ru/bank/novikombank/deposits/rante-3,Есть,Нет,Есть,2025-07-01
1089,1100,9999,10000.0,1499990.0,20.3,Новиком банк,Рантье,Вклад,2546,https://bankiros.ru/bank/novikombank/deposits/rante-3,Есть,Нет,Есть,2025-07-01
1090,1100,9999,1500000.0,4999990.0,19.6,Новиком банк,Рантье,Вклад,2546,https://bankiros.ru/bank/novikombank/deposits/rante-3,Есть,Нет,Есть,2025-07-01
1091,1100,9999,5000000.0,29999900.0,20.2,Новиком банк,Рантье,Вклад,2546,https://bankiros.ru/bank/novikombank/deposits/rante-3,Есть,Нет,Есть,2025-07-01
1092,1100,9999,30000000.0,999999999.0,20.5,Новиком банк,Рантье,Вклад,2546,https://bankiros.ru/bank/novikombank/deposits/rante-3,Есть,Нет,Есть,2025-07-01
1093,91,180,3500000.0,9999990.0,19.1,Новиком банк,Premium капитал,Вклад,2546,https://bankiros.ru/bank/novikombank/deposits/premium-kapital,Нет,Нет,Есть,2025-07-01
1094,91,180,10000000.0,9999999.0,19.0,Новиком банк,Premium капитал,Вклад,2546,https://bankiros.ru/bank/novikombank/deposits/premium-kapital,Нет,Нет,Есть,2025-07-01
1095,91,180,10000000.0,99999900.0,18.0,Новиком банк,Premium капитал,Вклад,2546,https://bankiros.ru/bank/novikombank/deposits/premium-kapital,Нет,Нет,Есть,2025-07-01
1096,91,180,100000000.0,999999999.0,13.0,Новиком банк,Premium капитал,Вклад,2546,https://bankiros.ru/bank/novikombank/deposits/premium-kapital,Нет,Нет,Есть,2025-07-01
1097,181,366,3500000.0,9999990.0,13.0,Новиком банк,Premium капитал,Вклад,2546,https://bankiros.ru/bank/novikombank/deposits/premium-kapital,Нет,Нет,Есть,2025-07-01
1098,181,366,10000000.0,9999999.0,,Новиком банк,Premium капитал,Вклад,2546,https://bankiros.ru/bank/novikombank/deposits/premium-kapital,Нет,Нет,Есть,2025-07-01
1099,181,366,10000000.0,99999900.0,,Новиком банк,Premium капитал,Вклад,2546,https://bankiros.ru/bank/novikombank/deposits/premium-kapital,Нет,Нет,Есть,2025-07-01
1100,181,366,100000000.0,999999999.0,,Новиком банк,Premium капитал,Вклад,2546,https://bankiros.ru/bank/novikombank/deposits/premium-kapital,Нет,Нет,Есть,2025-07-01
1101,367,729,3500000.0,9999990.0,,Новиком банк,Premium капитал,Вклад,2546,https://bankiros.ru/bank/novikombank/deposits/premium-kapital,Нет,Нет,Есть,2025-07-01
1102,367,729,10000000.0,9999999.0,13.0,Новиком банк,Premium капитал,Вклад,2546,https://bankiros.ru/bank/novikombank/deposits/premium-kapital,Нет,Нет,Есть,2025-07-01
1103,367,729,10000000.0,99999900.0,19.4,Новиком банк,Premium капитал,Вклад,2546,https://bankiros.ru/bank/novikombank/deposits/premium-kapital,Нет,Нет,Есть,2025-07-01
1104,367,729,100000000.0,999999999.0,19.3,Новиком банк,Premium капитал,Вклад,2546,https://bankiros.ru/bank/novikombank/deposits/premium-kapital,Нет,Нет,Есть,2025-07-01
1105,730,1099,3500000.0,9999990.0,18.3,Новиком банк,Premium капитал,Вклад,2546,https://bankiros.ru/bank/novikombank/deposits/premium-kapital,Нет,Нет,Есть,2025-07-01
1106,730,1099,10000000.0,9999999.0,13.0,Новиком банк,Premium капитал,Вклад,2546,https://bankiros.ru/bank/novikombank/deposits/premium-kapital,Нет,Нет,Есть,2025-07-01
1107,730,1099,10000000.0,99999900.0,13.0,Новиком банк,Premium капитал,Вклад,2546,https://bankiros.ru/bank/novikombank/deposits/premium-kapital,Нет,Нет,Есть,2025-07-01
1108,730,1099,100000000.0,999999999.0,19.6,Новиком банк,Premium капитал,Вклад,2546,https://bankiros.ru/bank/novikombank/deposits/premium-kapital,Нет,Нет,Есть,2025-07-01
1109,1100,9999,3500000.0,9999990.0,19.5,Новиком банк,Premium капитал,Вклад,2546,https://bankiros.ru/bank/novikombank/deposits/premium-kapital,Нет,Нет,Есть,2025-07-01
1110,1100,9999,10000000.0,9999999.0,18.5,Новиком банк,Premium капитал,Вклад,2546,https://bankiros.ru/bank/novikombank/deposits/premium-kapital,Нет,Нет,Есть,2025-07-01
1111,1100,9999,10000000.0,99999900.0,13.0,Новиком банк,Premium капитал,Вклад,2546,https://bankiros.ru/bank/novikombank/deposits/premium-kapital,Нет,Нет,Есть,2025-07-01
1112,1100,9999,100000000.0,999999999.0,,Новиком банк,Premium капитал,Вклад,2546,https://bankiros.ru/bank/novikombank/deposits/premium-kapital,Нет,Нет,Есть,2025-07-01
1113,91,180,10000.0,999999.0,18.9,Новиком банк,Капитал Социальный,Вклад,2546,https://bankiros.ru/bank/novikombank/deposits/kapital-socialnyj,Нет,Нет,Есть,2025-07-01
1114,91,180,1000000.0,999999999.0,18.8,Новиком банк,Капитал Социальный,Вклад,2546,https://bankiros.ru/bank/novikombank/deposits/kapital-socialnyj,Нет,Нет,Есть,2025-07-01
1115,181,366,10000.0,999999.0,17.8,Новиком банк,Капитал Социальный,Вклад,2546,https://bankiros.ru/bank/novikombank/deposits/kapital-socialnyj,Нет,Нет,Есть,2025-07-01
1116,181,366,1000000.0,999999999.0,13.0,Новиком банк,Капитал Социальный,Вклад,2546,https://bankiros.ru/bank/novikombank/deposits/kapital-socialnyj,Нет,Нет,Есть,2025-07-01
1117,367,729,10000.0,999999.0,13.0,Новиком банк,Капитал Социальный,Вклад,2546,https://bankiros.ru/bank/novikombank/deposits/kapital-socialnyj,Нет,Нет,Есть,2025-07-01
1118,367,729,1000000.0,999999999.0,19.1,Новиком банк,Капитал Социальный,Вклад,2546,https://bankiros.ru/bank/novikombank/deposits/kapital-socialnyj,Нет,Нет,Есть,2025-07-01
1119,730,1099,10000.0,999999.0,19.0,Новиком банк,Капитал Социальный,Вклад,2546,https://bankiros.ru/bank/novikombank/deposits/kapital-socialnyj,Нет,Нет,Есть,2025-07-01
1120,730,1099,1000000.0,999999999.0,18.0,Новиком банк,Капитал Социальный,Вклад,2546,https://bankiros.ru/bank/novikombank/deposits/kapital-socialnyj,Нет,Нет,Есть,2025-07-01
1121,1100,9999,10000.0,999999.0,13.0,Новиком банк,Капитал Социальный,Вклад,2546,https://bankiros.ru/bank/novikombank/deposits/kapital-socialnyj,Нет,Нет,Есть,2025-07-01
1122,1100,9999,1000000.0,999999999.0,13.0,Новиком банк,Капитал Социальный,Вклад,2546,https://bankiros.ru/bank/novikombank/deposits/kapital-socialnyj,Нет,Нет,Есть,2025-07-01
1123,91,180,10000.0,999999.0,18.7,Новиком банк,Капитал,Вклад,2546,https://bankiros.ru/bank/novikombank/deposits/kapital-2,Нет,Нет,Есть,2025-07-01
1124,91,180,1000000.0,999999999.0,18.6,Новиком банк,Капитал,Вклад,2546,https://bankiros.ru/bank/novikombank/deposits/kapital-2,Нет,Нет,Есть,2025-07-01
1125,181,366,10000.0,999999.0,17.6,Новиком банк,Капитал,Вклад,2546,https://bankiros.ru/bank/novikombank/deposits/kapital-2,Нет,Нет,Есть,2025-07-01
1126,181,366,1000000.0,999999999.0,13.0,Новиком банк,Капитал,Вклад,2546,https://bankiros.ru/bank/novikombank/deposits/kapital-2,Нет,Нет,Есть,2025-07-01
1127,367,729,10000.0,999999.0,13.0,Новиком банк,Капитал,Вклад,2546,https://bankiros.ru/bank/novikombank/deposits/kapital-2,Нет,Нет,Есть,2025-07-01
1128,367,729,1000000.0,999999999.0,18.9,Новиком банк,Капитал,Вклад,2546,https://bankiros.ru/bank/novikombank/deposits/kapital-2,Нет,Нет,Есть,2025-07-01
1129,730,1099,10000.0,999999.0,18.8,Новиком банк,Капитал,Вклад,2546,https://bankiros.ru/bank/novikombank/deposits/kapital-2,Нет,Нет,Есть,2025-07-01
1130,730,1099,1000000.0,999999999.0,17.8,Новиком банк,Капитал,Вклад,2546,https://bankiros.ru/bank/novikombank/deposits/kapital-2,Нет,Нет,Есть,2025-07-01
1131,1100,9999,10000.0,999999.0,13.0,Новиком банк,Капитал,Вклад,2546,https://bankiros.ru/bank/novikombank/deposits/kapital-2,Нет,Нет,Есть,2025-07-01
1132,1100,9999,1000000.0,999999999.0,13.0,Новиком банк,Капитал,Вклад,2546,https://bankiros.ru/bank/novikombank/deposits/kapital-2,Нет,Нет,Есть,2025-07-01
1133,61,180,3500000.0,9999990.0,16.7,Новиком банк,Premium Рост,Вклад,2546,https://bankiros.ru/bank/novikombank/deposits/premium-rost,Есть,Нет,Есть,2025-07-01
1134,61,180,10000000.0,99999900.0,15.7,Новиком банк,Premium Рост,Вклад,2546,https://bankiros.ru/bank/novikombank/deposits/premium-rost,Есть,Нет,Есть,2025-07-01
1135,61,180,100000000.0,999999999.0,13.2,Новиком банк,Premium Рост,Вклад,2546,https://bankiros.ru/bank/novikombank/deposits/premium-rost,Есть,Нет,Есть,2025-07-01
1136,181,365,3500000.0,9999990.0,13.2,Новиком банк,Premium Рост,Вклад,2546,https://bankiros.ru/bank/novikombank/deposits/premium-rost,Есть,Нет,Есть,2025-07-01
1137,181,365,10000000.0,99999900.0,17.0,Новиком банк,Premium Рост,Вклад,2546,https://bankiros.ru/bank/novikombank/deposits/premium-rost,Есть,Нет,Есть,2025-07-01
1138,181,365,100000000.0,999999999.0,16.0,Новиком банк,Premium Рост,Вклад,2546,https://bankiros.ru/bank/novikombank/deposits/premium-rost,Есть,Нет,Есть,2025-07-01
1139,367,550,3500000.0,9999990.0,13.4,Новиком банк,Premium Рост,Вклад,2546,https://bankiros.ru/bank/novikombank/deposits/premium-rost,Есть,Нет,Есть,2025-07-01
1140,367,550,10000000.0,99999900.0,13.4,Новиком банк,Premium Рост,Вклад,2546,https://bankiros.ru/bank/novikombank/deposits/premium-rost,Есть,Нет,Есть,2025-07-01
1141,367,550,100000000.0,999999999.0,17.2,Новиком банк,Premium Рост,Вклад,2546,https://bankiros.ru/bank/novikombank/deposits/premium-rost,Есть,Нет,Есть,2025-07-01
1142,551,730,3500000.0,9999990.0,16.2,Новиком банк,Premium Рост,Вклад,2546,https://bankiros.ru/bank/novikombank/deposits/premium-rost,Есть,Нет,Есть,2025-07-01
1143,551,730,10000000.0,99999900.0,13.7,Новиком банк,Premium Рост,Вклад,2546,https://bankiros.ru/bank/novikombank/deposits/premium-rost,Есть,Нет,Есть,2025-07-01
1144,551,730,100000000.0,999999999.0,13.7,Новиком банк,Premium Рост,Вклад,2546,https://bankiros.ru/bank/novikombank/deposits/premium-rost,Есть,Нет,Есть,2025-07-01
1145,61,180,10000.0,999999.0,16.0,Новиком банк,Рост,Вклад,2546,https://bankiros.ru/bank/novikombank/deposits/rost,Есть,Нет,Есть,2025-07-01
1146,61,180,1000000.0,999999999.0,15.0,Новиком банк,Рост,Вклад,2546,https://bankiros.ru/bank/novikombank/deposits/rost,Есть,Нет,Есть,2025-07-01
1147,181,365,10000.0,999999.0,12.0,Новиком банк,Рост,Вклад,2546,https://bankiros.ru/bank/novikombank/deposits/rost,Есть,Нет,Есть,2025-07-01
1148,181,365,1000000.0,999999999.0,12.0,Новиком банк,Рост,Вклад,2546,https://bankiros.ru/bank/novikombank/deposits/rost,Есть,Нет,Есть,2025-07-01
1149,367,550,10000.0,999999.0,16.3,Новиком банк,Рост,Вклад,2546,https://bankiros.ru/bank/novikombank/deposits/rost,Есть,Нет,Есть,2025-07-01
1150,367,550,1000000.0,999999999.0,15.3,Новиком банк,Рост,Вклад,2546,https://bankiros.ru/bank/novikombank/deposits/rost,Есть,Нет,Есть,2025-07-01
1151,551,730,10000.0,999999.0,12.2,Новиком банк,Рост,Вклад,2546,https://bankiros.ru/bank/novikombank/deposits/rost,Есть,Нет,Есть,2025-07-01
1152,551,730,1000000.0,999999999.0,12.2,Новиком банк,Рост,Вклад,2546,https://bankiros.ru/bank/novikombank/deposits/rost,Есть,Нет,Есть,2025-07-01
1153,61,180,3500000.0,9999990.0,16.2,Новиком банк,Premium Комфорт,Вклад,2546,https://bankiros.ru/bank/novikombank/deposits/premium-komfort,Есть,Есть,Есть,2025-07-01
1154,61,180,10000000.0,99999900.0,15.5,Новиком банк,Premium Комфорт,Вклад,2546,https://bankiros.ru/bank/novikombank/deposits/premium-komfort,Есть,Есть,Есть,2025-07-01
1155,61,180,100000000.0,999999999.0,14.0,Новиком банк,Premium Комфорт,Вклад,2546,https://bankiros.ru/bank/novikombank/deposits/premium-komfort,Есть,Есть,Есть,2025-07-01
1156,181,366,3500000.0,9999990.0,12.0,Новиком банк,Premium Комфорт,Вклад,2546,https://bankiros.ru/bank/novikombank/deposits/premium-komfort,Есть,Есть,Есть,2025-07-01
1157,181,366,10000000.0,99999900.0,10.7,Новиком банк,Premium Комфорт,Вклад,2546,https://bankiros.ru/bank/novikombank/deposits/premium-komfort,Есть,Есть,Есть,2025-07-01
1158,181,366,100000000.0,999999999.0,16.2,Новиком банк,Premium Комфорт,Вклад,2546,https://bankiros.ru/bank/novikombank/deposits/premium-komfort,Есть,Есть,Есть,2025-07-01
1159,367,549,3500000.0,9999990.0,15.7,Новиком банк,Premium Комфорт,Вклад,2546,https://bankiros.ru/bank/novikombank/deposits/premium-komfort,Есть,Есть,Есть,2025-07-01
1160,367,549,10000000.0,99999900.0,14.3,Новиком банк,Premium Комфорт,Вклад,2546,https://bankiros.ru/bank/novikombank/deposits/premium-komfort,Есть,Есть,Есть,2025-07-01
1161,367,549,100000000.0,999999999.0,12.5,Новиком банк,Premium Комфорт,Вклад,2546,https://bankiros.ru/bank/novikombank/deposits/premium-komfort,Есть,Есть,Есть,2025-07-01
1162,550,729,3500000.0,9999990.0,10.8,Новиком банк,Premium Комфорт,Вклад,2546,https://bankiros.ru/bank/novikombank/deposits/premium-komfort,Есть,Есть,Есть,2025-07-01
1163,550,729,10000000.0,99999900.0,16.2,Новиком банк,Premium Комфорт,Вклад,2546,https://bankiros.ru/bank/novikombank/deposits/premium-komfort,Есть,Есть,Есть,2025-07-01
1164,550,729,100000000.0,999999999.0,16.0,Новиком банк,Premium Комфорт,Вклад,2546,https://bankiros.ru/bank/novikombank/deposits/premium-komfort,Есть,Есть,Есть,2025-07-01
1165,730,9999,3500000.0,9999990.0,14.5,Новиком банк,Premium Комфорт,Вклад,2546,https://bankiros.ru/bank/novikombank/deposits/premium-komfort,Есть,Есть,Есть,2025-07-01
1166,730,9999,10000000.0,99999900.0,13.0,Новиком банк,Premium Комфорт,Вклад,2546,https://bankiros.ru/bank/novikombank/deposits/premium-komfort,Есть,Есть,Есть,2025-07-01
1167,730,9999,100000000.0,999999999.0,11.0,Новиком банк,Premium Комфорт,Вклад,2546,https://bankiros.ru/bank/novikombank/deposits/premium-komfort,Есть,Есть,Есть,2025-07-01
1168,61,180,10000.0,999999.0,16.0,Новиком банк,Комфорт,Вклад,2546,https://bankiros.ru/bank/novikombank/deposits/komfort-2,Есть,Есть,Есть,2025-07-01
1169,61,180,1000000.0,999999999.0,15.0,Новиком банк,Комфорт,Вклад,2546,https://bankiros.ru/bank/novikombank/deposits/komfort-2,Есть,Есть,Есть,2025-07-01
1170,181,366,10000.0,999999.0,12.5,Новиком банк,Комфорт,Вклад,2546,https://bankiros.ru/bank/novikombank/deposits/komfort-2,Есть,Есть,Есть,2025-07-01
1171,181,366,1000000.0,999999999.0,11.0,Новиком банк,Комфорт,Вклад,2546,https://bankiros.ru/bank/novikombank/deposits/komfort-2,Есть,Есть,Есть,2025-07-01
1172,367,549,10000.0,999999.0,10.0,Новиком банк,Комфорт,Вклад,2546,https://bankiros.ru/bank/novikombank/deposits/komfort-2,Есть,Есть,Есть,2025-07-01
1173,367,549,1000000.0,999999999.0,16.0,Новиком банк,Комфорт,Вклад,2546,https://bankiros.ru/bank/novikombank/deposits/komfort-2,Есть,Есть,Есть,2025-07-01
1174,550,729,10000.0,999999.0,15.5,Новиком банк,Комфорт,Вклад,2546,https://bankiros.ru/bank/novikombank/deposits/komfort-2,Есть,Есть,Есть,2025-07-01
1175,550,729,1000000.0,999999999.0,13.0,Новиком банк,Комфорт,Вклад,2546,https://bankiros.ru/bank/novikombank/deposits/komfort-2,Есть,Есть,Есть,2025-07-01
1176,730,9999,10000.0,999999.0,11.5,Новиком банк,Комфорт,Вклад,2546,https://bankiros.ru/bank/novikombank/deposits/komfort-2,Есть,Есть,Есть,2025-07-01
1177,730,9999,1000000.0,999999999.0,10.5,Новиком банк,Комфорт,Вклад,2546,https://bankiros.ru/bank/novikombank/deposits/komfort-2,Есть,Есть,Есть,2025-07-01
1178,31,90,10000000.0,9999999.0,20.2,Всероссийский Банк Развития Регионов,Сила энергии,Вклад,3287,https://bankiros.ru/bank/vbrr/deposits/sila-energii,Нет,Нет,Есть,2025-07-01
1179,31,90,10000000.0,499999000.0,,Всероссийский Банк Развития Регионов,Сила энергии,Вклад,3287,https://bankiros.ru/bank/vbrr/deposits/sila-energii,Нет,Нет,Есть,2025-07-01
1180,31,90,500000000.0,999999999.0,,Всероссийский Банк Развития Регионов,Сила энергии,Вклад,3287,https://bankiros.ru/bank/vbrr/deposits/sila-energii,Нет,Нет,Есть,2025-07-01
1181,91,180,10000000.0,9999999.0,,Всероссийский Банк Развития Регионов,Сила энергии,Вклад,3287,https://bankiros.ru/bank/vbrr/deposits/sila-energii,Нет,Нет,Есть,2025-07-01
1182,91,180,10000000.0,499999000.0,,Всероссийский Банк Развития Регионов,Сила энергии,Вклад,3287,https://bankiros.ru/bank/vbrr/deposits/sila-energii,Нет,Нет,Есть,2025-07-01
1183,91,180,500000000.0,999999999.0,,Всероссийский Банк Развития Регионов,Сила энергии,Вклад,3287,https://bankiros.ru/bank/vbrr/deposits/sila-energii,Нет,Нет,Есть,2025-07-01
1184,181,365,10000000.0,9999999.0,,Всероссийский Банк Развития Регионов,Сила энергии,Вклад,3287,https://bankiros.ru/bank/vbrr/deposits/sila-energii,Нет,Нет,Есть,2025-07-01
1185,181,365,10000000.0,499999000.0,19.75,Всероссийский Банк Развития Регионов,Сила энергии,Вклад,3287,https://bankiros.ru/bank/vbrr/deposits/sila-energii,Нет,Нет,Есть,2025-07-01
1186,181,365,500000000.0,999999999.0,18.75,Всероссийский Банк Развития Регионов,Сила энергии,Вклад,3287,https://bankiros.ru/bank/vbrr/deposits/sila-energii,Нет,Нет,Есть,2025-07-01
1187,366,547,10000000.0,9999999.0,17.2,Всероссийский Банк Развития Регионов,Сила энергии,Вклад,3287,https://bankiros.ru/bank/vbrr/deposits/sila-energii,Нет,Нет,Есть,2025-07-01
1188,366,547,10000000.0,499999000.0,15.2,Всероссийский Банк Развития Регионов,Сила энергии,Вклад,3287,https://bankiros.ru/bank/vbrr/deposits/sila-energii,Нет,Нет,Есть,2025-07-01
1189,366,547,500000000.0,999999999.0,12.0,Всероссийский Банк Развития Регионов,Сила энергии,Вклад,3287,https://bankiros.ru/bank/vbrr/deposits/sila-energii,Нет,Нет,Есть,2025-07-01
1190,548,732,10000000.0,9999999.0,20.2,Всероссийский Банк Развития Регионов,Сила энергии,Вклад,3287,https://bankiros.ru/bank/vbrr/deposits/sila-energii,Нет,Нет,Есть,2025-07-01
1191,548,732,10000000.0,499999000.0,19.75,Всероссийский Банк Развития Регионов,Сила энергии,Вклад,3287,https://bankiros.ru/bank/vbrr/deposits/sila-energii,Нет,Нет,Есть,2025-07-01
1192,548,732,500000000.0,999999999.0,18.75,Всероссийский Банк Развития Регионов,Сила энергии,Вклад,3287,https://bankiros.ru/bank/vbrr/deposits/sila-energii,Нет,Нет,Есть,2025-07-01
1193,733,1096,10000000.0,9999999.0,17.2,Всероссийский Банк Развития Регионов,Сила энергии,Вклад,3287,https://bankiros.ru/bank/vbrr/deposits/sila-energii,Нет,Нет,Есть,2025-07-01
1194,733,1096,10000000.0,499999000.0,15.2,Всероссийский Банк Развития Регионов,Сила энергии,Вклад,3287,https://bankiros.ru/bank/vbrr/deposits/sila-energii,Нет,Нет,Есть,2025-07-01
1195,733,1096,500000000.0,999999999.0,12.0,Всероссийский Банк Развития Регионов,Сила энергии,Вклад,3287,https://bankiros.ru/bank/vbrr/deposits/sila-energii,Нет,Нет,Есть,2025-07-01
1196,31,90,3000000.0,999999999.0,20.0,Всероссийский Банк Развития Регионов,Прайм-М,Вклад,3287,https://bankiros.ru/bank/vbrr/deposits/prajm-m,Есть,Нет,Есть,2025-07-01
1197,91,180,3000000.0,999999999.0,19.6,Всероссийский Банк Развития Регионов,Прайм-М,Вклад,3287,https://bankiros.ru/bank/vbrr/deposits/prajm-m,Есть,Нет,Есть,2025-07-01
1198,181,365,3000000.0,999999999.0,18.5,Всероссийский Банк Развития Регионов,Прайм-М,Вклад,3287,https://bankiros.ru/bank/vbrr/deposits/prajm-m,Есть,Нет,Есть,2025-07-01
1199,366,545,3000000.0,999999999.0,17.0,Всероссийский Банк Развития Регионов,Прайм-М,Вклад,3287,https://bankiros.ru/bank/vbrr/deposits/prajm-m,Есть,Нет,Есть,2025-07-01
1200,546,732,3000000.0,999999999.0,15.0,Всероссийский Банк Развития Регионов,Прайм-М,Вклад,3287,https://bankiros.ru/bank/vbrr/deposits/prajm-m,Есть,Нет,Есть,2025-07-01
1201,31,90,10000.0,999999999.0,18.5,Всероссийский Банк Развития Регионов,Доходный,Вклад,3287,https://bankiros.ru/bank/vbrr/deposits/dohodnyj-76,Нет,Нет,Есть,2025-07-01
1202,91,180,10000.0,999999999.0,18.2,Всероссийский Банк Развития Регионов,Доходный,Вклад,3287,https://bankiros.ru/bank/vbrr/deposits/dohodnyj-76,Нет,Нет,Есть,2025-07-01
1203,181,365,10000.0,999999999.0,17.4,Всероссийский Банк Развития Регионов,Доходный,Вклад,3287,https://bankiros.ru/bank/vbrr/deposits/dohodnyj-76,Нет,Нет,Есть,2025-07-01
1204,366,545,10000.0,999999999.0,16.0,Всероссийский Банк Развития Регионов,Доходный,Вклад,3287,https://bankiros.ru/bank/vbrr/deposits/dohodnyj-76,Нет,Нет,Есть,2025-07-01
1205,546,732,10000.0,999999999.0,12.0,Всероссийский Банк Развития Регионов,Доходный,Вклад,3287,https://bankiros.ru/bank/vbrr/deposits/dohodnyj-76,Нет,Нет,Есть,2025-07-01
1206,91,180,3000000.0,60000099.0,19.1,Всероссийский Банк Развития Регионов,Особый статус,Вклад,3287,https://bankiros.ru/bank/vbrr/deposits/osobyj-status,Есть,Есть,Есть,2025-07-01
1207,91,180,60000100.0,999999999.0,15.3,Всероссийский Банк Развития Регионов,Особый статус,Вклад,3287,https://bankiros.ru/bank/vbrr/deposits/osobyj-status,Есть,Есть,Есть,2025-07-01
1208,181,365,3000000.0,60000099.0,8.0,Всероссийский Банк Развития Регионов,Особый статус,Вклад,3287,https://bankiros.ru/bank/vbrr/deposits/osobyj-status,Есть,Есть,Есть,2025-07-01
1209,181,365,60000100.0,999999999.0,4.6,Всероссийский Банк Развития Регионов,Особый статус,Вклад,3287,https://bankiros.ru/bank/vbrr/deposits/osobyj-status,Есть,Есть,Есть,2025-07-01
1210,366,545,3000000.0,60000099.0,19.3,Всероссийский Банк Развития Регионов,Особый статус,Вклад,3287,https://bankiros.ru/bank/vbrr/deposits/osobyj-status,Есть,Есть,Есть,2025-07-01
1211,366,545,60000100.0,999999999.0,15.5,Всероссийский Банк Развития Регионов,Особый статус,Вклад,3287,https://bankiros.ru/bank/vbrr/deposits/osobyj-status,Есть,Есть,Есть,2025-07-01
1212,546,732,3000000.0,60000099.0,8.1,Всероссийский Банк Развития Регионов,Особый статус,Вклад,3287,https://bankiros.ru/bank/vbrr/deposits/osobyj-status,Есть,Есть,Есть,2025-07-01
1213,546,732,60000100.0,999999999.0,,Всероссийский Банк Развития Регионов,Особый статус,Вклад,3287,https://bankiros.ru/bank/vbrr/deposits/osobyj-status,Есть,Есть,Есть,2025-07-01
1214,91,180,3000000.0,60000099.0,17.8,Всероссийский Банк Развития Регионов,Привилегия,Вклад,3287,https://bankiros.ru/bank/vbrr/deposits/privilegia-3,Есть,Нет,Есть,2025-07-01
1215,91,180,60000100.0,999999999.0,13.2,Всероссийский Банк Развития Регионов,Привилегия,Вклад,3287,https://bankiros.ru/bank/vbrr/deposits/privilegia-3,Есть,Нет,Есть,2025-07-01
1216,181,365,3000000.0,60000099.0,8.1,Всероссийский Банк Развития Регионов,Привилегия,Вклад,3287,https://bankiros.ru/bank/vbrr/deposits/privilegia-3,Есть,Нет,Есть,2025-07-01
1217,181,365,60000100.0,999999999.0,4.8,Всероссийский Банк Развития Регионов,Привилегия,Вклад,3287,https://bankiros.ru/bank/vbrr/deposits/privilegia-3,Есть,Нет,Есть,2025-07-01
1218,366,545,3000000.0,60000099.0,18.0,Всероссийский Банк Развития Регионов,Привилегия,Вклад,3287,https://bankiros.ru/bank/vbrr/deposits/privilegia-3,Есть,Нет,Есть,2025-07-01
1219,366,545,60000100.0,999999999.0,13.4,Всероссийский Банк Развития Регионов,Привилегия,Вклад,3287,https://bankiros.ru/bank/vbrr/deposits/privilegia-3,Есть,Нет,Есть,2025-07-01
1220,546,732,3000000.0,60000099.0,8.3,Всероссийский Банк Развития Регионов,Привилегия,Вклад,3287,https://bankiros.ru/bank/vbrr/deposits/privilegia-3,Есть,Нет,Есть,2025-07-01
1221,546,732,60000100.0,999999999.0,,Всероссийский Банк Развития Регионов,Привилегия,Вклад,3287,https://bankiros.ru/bank/vbrr/deposits/privilegia-3,Есть,Нет,Есть,2025-07-01
1222,31,90,10000.0,100000.0,16.85,Всероссийский Банк Развития Регионов,Накопительный,Накопительный счет,3287,https://bankiros.ru/bank/vbrr/deposits/nakopitelnyj-35,Есть,Нет,Есть,2025-07-01
1223,31,90,100001.0,500000.0,16.85,Всероссийский Банк Развития Регионов,Накопительный,Накопительный счет,3287,https://bankiros.ru/bank/vbrr/deposits/nakopitelnyj-35,Есть,Нет,Есть,2025-07-01
1224,31,90,500001.0,1500009.0,12.05,Всероссийский Банк Развития Регионов,Накопительный,Накопительный счет,3287,https://bankiros.ru/bank/vbrr/deposits/nakopitelnyj-35,Есть,Нет,Есть,2025-07-01
1225,31,90,1500010.0,999999999.0,5.55,Всероссийский Банк Развития Регионов,Накопительный,Накопительный счет,3287,https://bankiros.ru/bank/vbrr/deposits/nakopitelnyj-35,Есть,Нет,Есть,2025-07-01
1226,91,180,10000.0,100000.0,4.65,Всероссийский Банк Развития Регионов,Накопительный,Накопительный счет,3287,https://bankiros.ru/bank/vbrr/deposits/nakopitelnyj-35,Есть,Нет,Есть,2025-07-01
1227,91,180,100001.0,500000.0,16.9,Всероссийский Банк Развития Регионов,Накопительный,Накопительный счет,3287,https://bankiros.ru/bank/vbrr/deposits/nakopitelnyj-35,Есть,Нет,Есть,2025-07-01
1228,91,180,500001.0,1500009.0,16.9,Всероссийский Банк Развития Регионов,Накопительный,Накопительный счет,3287,https://bankiros.ru/bank/vbrr/deposits/nakopitelnyj-35,Есть,Нет,Есть,2025-07-01
1229,91,180,1500010.0,999999999.0,12.1,Всероссийский Банк Развития Регионов,Накопительный,Накопительный счет,3287,https://bankiros.ru/bank/vbrr/deposits/nakopitelnyj-35,Есть,Нет,Есть,2025-07-01
1230,181,365,10000.0,100000.0,5.6,Всероссийский Банк Развития Регионов,Накопительный,Накопительный счет,3287,https://bankiros.ru/bank/vbrr/deposits/nakopitelnyj-35,Есть,Нет,Есть,2025-07-01
1231,181,365,100001.0,500000.0,4.7,Всероссийский Банк Развития Регионов,Накопительный,Накопительный счет,3287,https://bankiros.ru/bank/vbrr/deposits/nakopitelnyj-35,Есть,Нет,Есть,2025-07-01
1232,181,365,500001.0,1500009.0,16.95,Всероссийский Банк Развития Регионов,Накопительный,Накопительный счет,3287,https://bankiros.ru/bank/vbrr/deposits/nakopitelnyj-35,Есть,Нет,Есть,2025-07-01
1233,181,365,1500010.0,999999999.0,16.95,Всероссийский Банк Развития Регионов,Накопительный,Накопительный счет,3287,https://bankiros.ru/bank/vbrr/deposits/nakopitelnyj-35,Есть,Нет,Есть,2025-07-01
1234,366,545,10000.0,100000.0,12.15,Всероссийский Банк Развития Регионов,Накопительный,Накопительный счет,3287,https://bankiros.ru/bank/vbrr/deposits/nakopitelnyj-35,Есть,Нет,Есть,2025-07-01
1235,366,545,100001.0,500000.0,5.65,Всероссийский Банк Развития Регионов,Накопительный,Накопительный счет,3287,https://bankiros.ru/bank/vbrr/deposits/nakopitelnyj-35,Есть,Нет,Есть,2025-07-01
1236,366,545,500001.0,1500009.0,4.75,Всероссийский Банк Развития Регионов,Накопительный,Накопительный счет,3287,https://bankiros.ru/bank/vbrr/deposits/nakopitelnyj-35,Есть,Нет,Есть,2025-07-01
1237,366,545,1500010.0,999999999.0,17.0,Всероссийский Банк Развития Регионов,Накопительный,Накопительный счет,3287,https://bankiros.ru/bank/vbrr/deposits/nakopitelnyj-35,Есть,Нет,Есть,2025-07-01
1238,546,732,10000.0,100000.0,17.0,Всероссийский Банк Развития Регионов,Накопительный,Накопительный счет,3287,https://bankiros.ru/bank/vbrr/deposits/nakopitelnyj-35,Есть,Нет,Есть,2025-07-01
1239,546,732,100001.0,500000.0,12.2,Всероссийский Банк Развития Регионов,Накопительный,Накопительный счет,3287,https://bankiros.ru/bank/vbrr/deposits/nakopitelnyj-35,Есть,Нет,Есть,2025-07-01
1240,546,732,500001.0,1500009.0,5.7,Всероссийский Банк Развития Регионов,Накопительный,Накопительный счет,3287,https://bankiros.ru/bank/vbrr/deposits/nakopitelnyj-35,Есть,Нет,Есть,2025-07-01
1241,546,732,1500010.0,999999999.0,4.8,Всероссийский Банк Развития Регионов,Накопительный,Накопительный счет,3287,https://bankiros.ru/bank/vbrr/deposits/nakopitelnyj-35,Есть,Нет,Есть,2025-07-01
1242,91,180,3000.0,100000.0,15.35,Всероссийский Банк Развития Регионов,Комфортный,Вклад,3287,https://bankiros.ru/bank/vbrr/deposits/komfortnyj-otkrytie-v-banke,Есть,Есть,Есть,2025-07-01
1243,91,180,100001.0,500000.0,12.85,Всероссийский Банк Развития Регионов,Комфортный,Вклад,3287,https://bankiros.ru/bank/vbrr/deposits/komfortnyj-otkrytie-v-banke,Есть,Есть,Есть,2025-07-01
1244,91,180,500001.0,1499999.0,5.05,Всероссийский Банк Развития Регионов,Комфортный,Вклад,3287,https://bankiros.ru/bank/vbrr/deposits/komfortnyj-otkrytie-v-banke,Есть,Есть,Есть,2025-07-01
1245,91,180,1500000.0,999999999.0,4.15,Всероссийский Банк Развития Регионов,Комфортный,Вклад,3287,https://bankiros.ru/bank/vbrr/deposits/komfortnyj-otkrytie-v-banke,Есть,Есть,Есть,2025-07-01
1246,181,365,3000.0,100000.0,15.4,Всероссийский Банк Развития Регионов,Комфортный,Вклад,3287,https://bankiros.ru/bank/vbrr/deposits/komfortnyj-otkrytie-v-banke,Есть,Есть,Есть,2025-07-01
1247,181,365,100001.0,500000.0,12.9,Всероссийский Банк Развития Регионов,Комфортный,Вклад,3287,https://bankiros.ru/bank/vbrr/deposits/komfortnyj-otkrytie-v-banke,Есть,Есть,Есть,2025-07-01
1248,181,365,500001.0,1499999.0,5.1,Всероссийский Банк Развития Регионов,Комфортный,Вклад,3287,https://bankiros.ru/bank/vbrr/deposits/komfortnyj-otkrytie-v-banke,Есть,Есть,Есть,2025-07-01
1249,181,365,1500000.0,999999999.0,4.2,Всероссийский Банк Развития Регионов,Комфортный,Вклад,3287,https://bankiros.ru/bank/vbrr/deposits/komfortnyj-otkrytie-v-banke,Есть,Есть,Есть,2025-07-01
1250,366,545,3000.0,100000.0,15.45,Всероссийский Банк Развития Регионов,Комфортный,Вклад,3287,https://bankiros.ru/bank/vbrr/deposits/komfortnyj-otkrytie-v-banke,Есть,Есть,Есть,2025-07-01
1251,366,545,100001.0,500000.0,12.95,Всероссийский Банк Развития Регионов,Комфортный,Вклад,3287,https://bankiros.ru/bank/vbrr/deposits/komfortnyj-otkrytie-v-banke,Есть,Есть,Есть,2025-07-01
1252,366,545,500001.0,1499999.0,5.15,Всероссийский Банк Развития Регионов,Комфортный,Вклад,3287,https://bankiros.ru/bank/vbrr/deposits/komfortnyj-otkrytie-v-banke,Есть,Есть,Есть,2025-07-01
1253,366,545,1500000.0,999999999.0,4.25,Всероссийский Банк Развития Регионов,Комфортный,Вклад,3287,https://bankiros.ru/bank/vbrr/deposits/komfortnyj-otkrytie-v-banke,Есть,Есть,Есть,2025-07-01
1254,546,732,3000.0,100000.0,15.5,Всероссийский Банк Развития Регионов,Комфортный,Вклад,3287,https://bankiros.ru/bank/vbrr/deposits/komfortnyj-otkrytie-v-banke,Есть,Есть,Есть,2025-07-01
1255,546,732,100001.0,500000.0,13.0,Всероссийский Банк Развития Регионов,Комфортный,Вклад,3287,https://bankiros.ru/bank/vbrr/deposits/komfortnyj-otkrytie-v-banke,Есть,Есть,Есть,2025-07-01
1256,546,732,500001.0,1499999.0,5.2,Всероссийский Банк Развития Регионов,Комфортный,Вклад,3287,https://bankiros.ru/bank/vbrr/deposits/komfortnyj-otkrytie-v-banke,Есть,Есть,Есть,2025-07-01
1257,546,732,1500000.0,999999999.0,4.3,Всероссийский Банк Развития Регионов,Комфортный,Вклад,3287,https://bankiros.ru/bank/vbrr/deposits/komfortnyj-otkrytie-v-banke,Есть,Есть,Есть,2025-07-01
1258,91,180,3000.0,100000.0,15.35,Всероссийский Банк Развития Регионов,Семейная копилка,Вклад,3287,https://bankiros.ru/bank/vbrr/deposits/semejnaa-kopilka,Есть,Есть,Есть,2025-07-01
1259,91,180,100001.0,500000.0,12.85,Всероссийский Банк Развития Регионов,Семейная копилка,Вклад,3287,https://bankiros.ru/bank/vbrr/deposits/semejnaa-kopilka,Есть,Есть,Есть,2025-07-01
1260,91,180,500001.0,1500000.0,5.05,Всероссийский Банк Развития Регионов,Семейная копилка,Вклад,3287,https://bankiros.ru/bank/vbrr/deposits/semejnaa-kopilka,Есть,Есть,Есть,2025-07-01
1261,91,180,1500010.0,999999999.0,4.15,Всероссийский Банк Развития Регионов,Семейная копилка,Вклад,3287,https://bankiros.ru/bank/vbrr/deposits/semejnaa-kopilka,Есть,Есть,Есть,2025-07-01
1262,181,365,3000.0,100000.0,15.4,Всероссийский Банк Развития Регионов,Семейная копилка,Вклад,3287,https://bankiros.ru/bank/vbrr/deposits/semejnaa-kopilka,Есть,Есть,Есть,2025-07-01
1263,181,365,100001.0,500000.0,12.9,Всероссийский Банк Развития Регионов,Семейная копилка,Вклад,3287,https://bankiros.ru/bank/vbrr/deposits/semejnaa-kopilka,Есть,Есть,Есть,2025-07-01
1264,181,365,500001.0,1500000.0,5.1,Всероссийский Банк Развития Регионов,Семейная копилка,Вклад,3287,https://bankiros.ru/bank/vbrr/deposits/semejnaa-kopilka,Есть,Есть,Есть,2025-07-01
1265,181,365,1500010.0,999999999.0,4.2,Всероссийский Банк Развития Регионов,Семейная копилка,Вклад,3287,https://bankiros.ru/bank/vbrr/deposits/semejnaa-kopilka,Есть,Есть,Есть,2025-07-01
1266,366,731,3000.0,100000.0,15.45,Всероссийский Банк Развития Регионов,Семейная копилка,Вклад,3287,https://bankiros.ru/bank/vbrr/deposits/semejnaa-kopilka,Есть,Есть,Есть,2025-07-01
1267,366,731,100001.0,500000.0,12.95,Всероссийский Банк Развития Регионов,Семейная копилка,Вклад,3287,https://bankiros.ru/bank/vbrr/deposits/semejnaa-kopilka,Есть,Есть,Есть,2025-07-01
1268,366,731,500001.0,1500000.0,5.15,Всероссийский Банк Развития Регионов,Семейная копилка,Вклад,3287,https://bankiros.ru/bank/vbrr/deposits/semejnaa-kopilka,Есть,Есть,Есть,2025-07-01
1269,366,731,1500010.0,999999999.0,4.25,Всероссийский Банк Развития Регионов,Семейная копилка,Вклад,3287,https://bankiros.ru/bank/vbrr/deposits/semejnaa-kopilka,Есть,Есть,Есть,2025-07-01
1270,732,9999,3000.0,100000.0,15.5,Всероссийский Банк Развития Регионов,Семейная копилка,Вклад,3287,https://bankiros.ru/bank/vbrr/deposits/semejnaa-kopilka,Есть,Есть,Есть,2025-07-01
1271,732,9999,100001.0,500000.0,13.0,Всероссийский Банк Развития Регионов,Семейная копилка,Вклад,3287,https://bankiros.ru/bank/vbrr/deposits/semejnaa-kopilka,Есть,Есть,Есть,2025-07-01
1272,732,9999,500001.0,1500000.0,5.2,Всероссийский Банк Развития Регионов,Семейная копилка,Вклад,3287,https://bankiros.ru/bank/vbrr/deposits/semejnaa-kopilka,Есть,Есть,Есть,2025-07-01
1273,732,9999,1500010.0,999999999.0,4.3,Всероссийский Банк Развития Регионов,Семейная копилка,Вклад,3287,https://bankiros.ru/bank/vbrr/deposits/semejnaa-kopilka,Есть,Есть,Есть,2025-07-01
1274,365,9999,10000.0,99999.0,11.85,Всероссийский Банк Развития Регионов,Растем вместе,Вклад,3287,https://bankiros.ru/bank/vbrr/deposits/rastem-vmeste,Есть,Нет,Есть,2025-07-01
1275,365,9999,100000.0,699999.0,11.9,Всероссийский Банк Развития Регионов,Растем вместе,Вклад,3287,https://bankiros.ru/bank/vbrr/deposits/rastem-vmeste,Есть,Нет,Есть,2025-07-01
1276,365,9999,700000.0,1499999.0,11.95,Всероссийский Банк Развития Регионов,Растем вместе,Вклад,3287,https://bankiros.ru/bank/vbrr/deposits/rastem-vmeste,Есть,Нет,Есть,2025-07-01
1277,365,9999,1500000.0,999999999.0,12.0,Всероссийский Банк Развития Регионов,Растем вместе,Вклад,3287,https://bankiros.ru/bank/vbrr/deposits/rastem-vmeste,Есть,Нет,Есть,2025-07-01
1278,365,9999,1000.0,29999.0,8.4,Всероссийский Банк Развития Регионов,Пенсионный капитал,Вклад,3287,https://bankiros.ru/bank/vbrr/deposits/pensionnyj-kapital-6,Есть,Есть,Есть,2025-07-01
1279,365,9999,30000.0,99999.0,8.45,Всероссийский Банк Развития Регионов,Пенсионный капитал,Вклад,3287,https://bankiros.ru/bank/vbrr/deposits/pensionnyj-kapital-6,Есть,Есть,Есть,2025-07-01
1280,365,9999,100000.0,999999999.0,8.5,Всероссийский Банк Развития Регионов,Пенсионный капитал,Вклад,3287,https://bankiros.ru/bank/vbrr/deposits/pensionnyj-kapital-6,Есть,Есть,Есть,2025-07-01
1281,91,180,10000.0,999999999.0,19.5,Всероссийский Банк Развития Регионов,Солнечный,Вклад,3287,https://bankiros.ru/bank/vbrr/deposits/sezonnyj-67,Нет,Нет,Есть,2025-07-01
1282,181,366,10000.0,999999999.0,18.5,Всероссийский Банк Развития Регионов,Солнечный,Вклад,3287,https://bankiros.ru/bank/vbrr/deposits/sezonnyj-67,Нет,Нет,Есть,2025-07-01
1283,367,9999,10000.0,999999999.0,17.3,Всероссийский Банк Развития Регионов,Солнечный,Вклад,3287,https://bankiros.ru/bank/vbrr/deposits/sezonnyj-67,Нет,Нет,Есть,2025-07-01
1284,1,95,30000.0,999999999.0,20.1,БЖФ Банк,Специальный Хит,Вклад,3138,https://bankiros.ru/bank/bgfbank/deposits/sezonnyj-59,Нет,Нет,Нет,2025-07-01
1285,96,185,30000.0,999999999.0,9.0,БЖФ Банк,Специальный Хит,Вклад,3138,https://bankiros.ru/bank/bgfbank/deposits/sezonnyj-59,Нет,Нет,Нет,2025-07-01
1286,186,370,30000.0,999999999.0,6.0,БЖФ Банк,Специальный Хит,Вклад,3138,https://bankiros.ru/bank/bgfbank/deposits/sezonnyj-59,Нет,Нет,Нет,2025-07-01
1287,371,550,30000.0,999999999.0,5.0,БЖФ Банк,Специальный Хит,Вклад,3138,https://bankiros.ru/bank/bgfbank/deposits/sezonnyj-59,Нет,Нет,Нет,2025-07-01
1288,95,9999,30000.0,999999999.0,20.0,БЖФ Банк,Доходный,Вклад,3138,https://bankiros.ru/bank/bgfbank/deposits/sezonnyj-19,Нет,Нет,Есть,2025-07-01
1289,1,190,30000.0,999999999.0,19.09,БЖФ Банк,Выгодный+,Вклад,3138,https://bankiros.ru/bank/bgfbank/deposits/vygodnyj-51,Нет,Нет,Есть,2025-07-01
1290,191,370,30000.0,999999999.0,10.0,БЖФ Банк,Выгодный+,Вклад,3138,https://bankiros.ru/bank/bgfbank/deposits/vygodnyj-51,Нет,Нет,Есть,2025-07-01
1291,371,550,30000.0,999999999.0,7.5,БЖФ Банк,Выгодный+,Вклад,3138,https://bankiros.ru/bank/bgfbank/deposits/vygodnyj-51,Нет,Нет,Есть,2025-07-01
1292,1,370,30000.0,999999999.0,17.0,БЖФ Банк,Успешный,Вклад,3138,https://bankiros.ru/bank/bgfbank/deposits/uspesnyj-4,Нет,Нет,Нет,2025-07-01
1293,371,730,30000.0,999999999.0,7.0,БЖФ Банк,Успешный,Вклад,3138,https://bankiros.ru/bank/bgfbank/deposits/uspesnyj-4,Нет,Нет,Нет,2025-07-01
1294,731,1110,30000.0,999999999.0,6.0,БЖФ Банк,Успешный,Вклад,3138,https://bankiros.ru/bank/bgfbank/deposits/uspesnyj-4,Нет,Нет,Нет,2025-07-01
1295,370,549,30000.0,30000000.0,16.9,БЖФ Банк,Классический с пролонгацией,Вклад,3138,https://bankiros.ru/bank/bgfbank/deposits/klassiceskij-9,Нет,Нет,Есть,2025-07-01
1296,550,729,30000.0,30000000.0,6.7,БЖФ Банк,Классический с пролонгацией,Вклад,3138,https://bankiros.ru/bank/bgfbank/deposits/klassiceskij-9,Нет,Нет,Есть,2025-07-01
1297,730,1109,30000.0,30000000.0,8.8,БЖФ Банк,Классический с пролонгацией,Вклад,3138,https://bankiros.ru/bank/bgfbank/deposits/klassiceskij-9,Нет,Нет,Есть,2025-07-01
1298,1110,9999,30000.0,30000000.0,8.18,БЖФ Банк,Классический с пролонгацией,Вклад,3138,https://bankiros.ru/bank/bgfbank/deposits/klassiceskij-9,Нет,Нет,Есть,2025-07-01
1299,190,9999,30000.0,999999999.0,16.1,БЖФ Банк,Классический весна,Вклад,3138,https://bankiros.ru/bank/bgfbank/deposits/vesna-plus,Нет,Нет,Нет,2025-07-01
1300,31,60,50000.0,999999999.0,20.0,Урал ФД,Срочный,Вклад,249,https://bankiros.ru/bank/uralfd/deposits/srocnyj-10,Нет,Нет,Нет,2025-07-01
1301,61,90,50000.0,999999999.0,20.0,Урал ФД,Срочный,Вклад,249,https://bankiros.ru/bank/uralfd/deposits/srocnyj-10,Нет,Нет,Нет,2025-07-01
1302,91,180,50000.0,999999999.0,20.0,Урал ФД,Срочный,Вклад,249,https://bankiros.ru/bank/uralfd/deposits/srocnyj-10,Нет,Нет,Нет,2025-07-01
1303,181,365,50000.0,999999999.0,18.5,Урал ФД,Срочный,Вклад,249,https://bankiros.ru/bank/uralfd/deposits/srocnyj-10,Нет,Нет,Нет,2025-07-01
1304,30,9999,200000.0,999999999.0,19.5,Урал ФД,Краткосрочный,Вклад,249,https://bankiros.ru/bank/uralfd/deposits/kratkosrocnyj,Нет,Нет,Нет,2025-07-01
1305,31,60,50000.0,999999999.0,17.0,Урал ФД,Управляемый,Вклад,249,https://bankiros.ru/bank/uralfd/deposits/universalnyj-18,Есть,Есть,Нет,2025-07-01
1306,61,90,50000.0,999999999.0,17.0,Урал ФД,Управляемый,Вклад,249,https://bankiros.ru/bank/uralfd/deposits/universalnyj-18,Есть,Есть,Нет,2025-07-01
1307,91,180,50000.0,999999999.0,17.5,Урал ФД,Управляемый,Вклад,249,https://bankiros.ru/bank/uralfd/deposits/universalnyj-18,Есть,Есть,Нет,2025-07-01
1308,181,365,50000.0,999999999.0,17.5,Урал ФД,Управляемый,Вклад,249,https://bankiros.ru/bank/uralfd/deposits/universalnyj-18,Есть,Есть,Нет,2025-07-01
1309,31,90,30000.0,300000.0,17.55,Национальный Стандарт,Новый стандарт,Вклад,3421,https://bankiros.ru/bank/ns-bank/deposits/novyi-standart,Нет,Нет,Есть,2025-07-01
1310,31,90,300001.0,500000.0,19.4,Национальный Стандарт,Новый стандарт,Вклад,3421,https://bankiros.ru/bank/ns-bank/deposits/novyi-standart,Нет,Нет,Есть,2025-07-01
1311,31,90,500001.0,999999.0,19.55,Национальный Стандарт,Новый стандарт,Вклад,3421,https://bankiros.ru/bank/ns-bank/deposits/novyi-standart,Нет,Нет,Есть,2025-07-01
1312,31,90,1000000.0,49999999.0,19.3,Национальный Стандарт,Новый стандарт,Вклад,3421,https://bankiros.ru/bank/ns-bank/deposits/novyi-standart,Нет,Нет,Есть,2025-07-01
1313,31,90,50000000.0,999999999.0,19.05,Национальный Стандарт,Новый стандарт,Вклад,3421,https://bankiros.ru/bank/ns-bank/deposits/novyi-standart,Нет,Нет,Есть,2025-07-01
1314,91,120,30000.0,300000.0,16.9,Национальный Стандарт,Новый стандарт,Вклад,3421,https://bankiros.ru/bank/ns-bank/deposits/novyi-standart,Нет,Нет,Есть,2025-07-01
1315,91,120,300001.0,500000.0,16.9,Национальный Стандарт,Новый стандарт,Вклад,3421,https://bankiros.ru/bank/ns-bank/deposits/novyi-standart,Нет,Нет,Есть,2025-07-01
1316,91,120,500001.0,999999.0,17.6,Национальный Стандарт,Новый стандарт,Вклад,3421,https://bankiros.ru/bank/ns-bank/deposits/novyi-standart,Нет,Нет,Есть,2025-07-01
1317,91,120,1000000.0,49999999.0,19.5,Национальный Стандарт,Новый стандарт,Вклад,3421,https://bankiros.ru/bank/ns-bank/deposits/novyi-standart,Нет,Нет,Есть,2025-07-01
1318,91,120,50000000.0,999999999.0,19.6,Национальный Стандарт,Новый стандарт,Вклад,3421,https://bankiros.ru/bank/ns-bank/deposits/novyi-standart,Нет,Нет,Есть,2025-07-01
1319,121,150,30000.0,300000.0,19.35,Национальный Стандарт,Новый стандарт,Вклад,3421,https://bankiros.ru/bank/ns-bank/deposits/novyi-standart,Нет,Нет,Есть,2025-07-01
1320,121,150,300001.0,500000.0,19.1,Национальный Стандарт,Новый стандарт,Вклад,3421,https://bankiros.ru/bank/ns-bank/deposits/novyi-standart,Нет,Нет,Есть,2025-07-01
1321,121,150,500001.0,999999.0,17.0,Национальный Стандарт,Новый стандарт,Вклад,3421,https://bankiros.ru/bank/ns-bank/deposits/novyi-standart,Нет,Нет,Есть,2025-07-01
1322,121,150,1000000.0,49999999.0,17.0,Национальный Стандарт,Новый стандарт,Вклад,3421,https://bankiros.ru/bank/ns-bank/deposits/novyi-standart,Нет,Нет,Есть,2025-07-01
1323,121,150,50000000.0,999999999.0,17.65,Национальный Стандарт,Новый стандарт,Вклад,3421,https://bankiros.ru/bank/ns-bank/deposits/novyi-standart,Нет,Нет,Есть,2025-07-01
1324,151,180,30000.0,300000.0,19.55,Национальный Стандарт,Новый стандарт,Вклад,3421,https://bankiros.ru/bank/ns-bank/deposits/novyi-standart,Нет,Нет,Есть,2025-07-01
1325,151,180,300001.0,500000.0,19.65,Национальный Стандарт,Новый стандарт,Вклад,3421,https://bankiros.ru/bank/ns-bank/deposits/novyi-standart,Нет,Нет,Есть,2025-07-01
1326,151,180,500001.0,999999.0,19.4,Национальный Стандарт,Новый стандарт,Вклад,3421,https://bankiros.ru/bank/ns-bank/deposits/novyi-standart,Нет,Нет,Есть,2025-07-01
1327,151,180,1000000.0,49999999.0,19.15,Национальный Стандарт,Новый стандарт,Вклад,3421,https://bankiros.ru/bank/ns-bank/deposits/novyi-standart,Нет,Нет,Есть,2025-07-01
1328,151,180,50000000.0,999999999.0,17.1,Национальный Стандарт,Новый стандарт,Вклад,3421,https://bankiros.ru/bank/ns-bank/deposits/novyi-standart,Нет,Нет,Есть,2025-07-01
1329,181,270,30000.0,300000.0,17.1,Национальный Стандарт,Новый стандарт,Вклад,3421,https://bankiros.ru/bank/ns-bank/deposits/novyi-standart,Нет,Нет,Есть,2025-07-01
1330,181,270,300001.0,500000.0,17.7,Национальный Стандарт,Новый стандарт,Вклад,3421,https://bankiros.ru/bank/ns-bank/deposits/novyi-standart,Нет,Нет,Есть,2025-07-01
1331,181,270,500001.0,999999.0,19.6,Национальный Стандарт,Новый стандарт,Вклад,3421,https://bankiros.ru/bank/ns-bank/deposits/novyi-standart,Нет,Нет,Есть,2025-07-01
1332,181,270,1000000.0,49999999.0,19.7,Национальный Стандарт,Новый стандарт,Вклад,3421,https://bankiros.ru/bank/ns-bank/deposits/novyi-standart,Нет,Нет,Есть,2025-07-01
1333,181,270,50000000.0,999999999.0,19.45,Национальный Стандарт,Новый стандарт,Вклад,3421,https://bankiros.ru/bank/ns-bank/deposits/novyi-standart,Нет,Нет,Есть,2025-07-01
1334,271,359,30000.0,300000.0,19.2,Национальный Стандарт,Новый стандарт,Вклад,3421,https://bankiros.ru/bank/ns-bank/deposits/novyi-standart,Нет,Нет,Есть,2025-07-01
1335,271,359,300001.0,500000.0,17.2,Национальный Стандарт,Новый стандарт,Вклад,3421,https://bankiros.ru/bank/ns-bank/deposits/novyi-standart,Нет,Нет,Есть,2025-07-01
1336,271,359,500001.0,999999.0,17.2,Национальный Стандарт,Новый стандарт,Вклад,3421,https://bankiros.ru/bank/ns-bank/deposits/novyi-standart,Нет,Нет,Есть,2025-07-01
1337,271,359,1000000.0,49999999.0,18.0,Национальный Стандарт,Новый стандарт,Вклад,3421,https://bankiros.ru/bank/ns-bank/deposits/novyi-standart,Нет,Нет,Есть,2025-07-01
1338,271,359,50000000.0,999999999.0,19.9,Национальный Стандарт,Новый стандарт,Вклад,3421,https://bankiros.ru/bank/ns-bank/deposits/novyi-standart,Нет,Нет,Есть,2025-07-01
1339,360,9999,30000.0,300000.0,20.0,Национальный Стандарт,Новый стандарт,Вклад,3421,https://bankiros.ru/bank/ns-bank/deposits/novyi-standart,Нет,Нет,Есть,2025-07-01
1340,360,9999,300001.0,500000.0,19.75,Национальный Стандарт,Новый стандарт,Вклад,3421,https://bankiros.ru/bank/ns-bank/deposits/novyi-standart,Нет,Нет,Есть,2025-07-01
1341,360,9999,500001.0,999999.0,19.5,Национальный Стандарт,Новый стандарт,Вклад,3421,https://bankiros.ru/bank/ns-bank/deposits/novyi-standart,Нет,Нет,Есть,2025-07-01
1342,360,9999,1000000.0,49999999.0,17.5,Национальный Стандарт,Новый стандарт,Вклад,3421,https://bankiros.ru/bank/ns-bank/deposits/novyi-standart,Нет,Нет,Есть,2025-07-01
1343,360,9999,50000000.0,999999999.0,17.5,Национальный Стандарт,Новый стандарт,Вклад,3421,https://bankiros.ru/bank/ns-bank/deposits/novyi-standart,Нет,Нет,Есть,2025-07-01
1344,31,90,30000.0,300000.0,17.85,Национальный Стандарт,Новый стандарт онлайн,Вклад,3421,https://bankiros.ru/bank/ns-bank/deposits/new-standart,Нет,Нет,Есть,2025-07-01
1345,31,90,300001.0,500000.0,19.7,Национальный Стандарт,Новый стандарт онлайн,Вклад,3421,https://bankiros.ru/bank/ns-bank/deposits/new-standart,Нет,Нет,Есть,2025-07-01
1346,31,90,500001.0,999999.0,19.85,Национальный Стандарт,Новый стандарт онлайн,Вклад,3421,https://bankiros.ru/bank/ns-bank/deposits/new-standart,Нет,Нет,Есть,2025-07-01
1347,31,90,1000000.0,999999999.0,19.6,Национальный Стандарт,Новый стандарт онлайн,Вклад,3421,https://bankiros.ru/bank/ns-bank/deposits/new-standart,Нет,Нет,Есть,2025-07-01
1348,91,120,30000.0,300000.0,19.35,Национальный Стандарт,Новый стандарт онлайн,Вклад,3421,https://bankiros.ru/bank/ns-bank/deposits/new-standart,Нет,Нет,Есть,2025-07-01
1349,91,120,300001.0,500000.0,17.2,Национальный Стандарт,Новый стандарт онлайн,Вклад,3421,https://bankiros.ru/bank/ns-bank/deposits/new-standart,Нет,Нет,Есть,2025-07-01
1350,91,120,500001.0,999999.0,17.2,Национальный Стандарт,Новый стандарт онлайн,Вклад,3421,https://bankiros.ru/bank/ns-bank/deposits/new-standart,Нет,Нет,Есть,2025-07-01
1351,91,120,1000000.0,999999999.0,17.9,Национальный Стандарт,Новый стандарт онлайн,Вклад,3421,https://bankiros.ru/bank/ns-bank/deposits/new-standart,Нет,Нет,Есть,2025-07-01
1352,121,150,30000.0,300000.0,19.8,Национальный Стандарт,Новый стандарт онлайн,Вклад,3421,https://bankiros.ru/bank/ns-bank/deposits/new-standart,Нет,Нет,Есть,2025-07-01
1353,121,150,300001.0,500000.0,19.9,Национальный Стандарт,Новый стандарт онлайн,Вклад,3421,https://bankiros.ru/bank/ns-bank/deposits/new-standart,Нет,Нет,Есть,2025-07-01
1354,121,150,500001.0,999999.0,19.65,Национальный Стандарт,Новый стандарт онлайн,Вклад,3421,https://bankiros.ru/bank/ns-bank/deposits/new-standart,Нет,Нет,Есть,2025-07-01
1355,121,150,1000000.0,999999999.0,19.4,Национальный Стандарт,Новый стандарт онлайн,Вклад,3421,https://bankiros.ru/bank/ns-bank/deposits/new-standart,Нет,Нет,Есть,2025-07-01
1356,151,180,30000.0,300000.0,17.3,Национальный Стандарт,Новый стандарт онлайн,Вклад,3421,https://bankiros.ru/bank/ns-bank/deposits/new-standart,Нет,Нет,Есть,2025-07-01
1357,151,180,300001.0,500000.0,17.3,Национальный Стандарт,Новый стандарт онлайн,Вклад,3421,https://bankiros.ru/bank/ns-bank/deposits/new-standart,Нет,Нет,Есть,2025-07-01
1358,151,180,500001.0,999999.0,17.95,Национальный Стандарт,Новый стандарт онлайн,Вклад,3421,https://bankiros.ru/bank/ns-bank/deposits/new-standart,Нет,Нет,Есть,2025-07-01
1359,151,180,1000000.0,999999999.0,19.85,Национальный Стандарт,Новый стандарт онлайн,Вклад,3421,https://bankiros.ru/bank/ns-bank/deposits/new-standart,Нет,Нет,Есть,2025-07-01
1360,181,270,30000.0,300000.0,19.95,Национальный Стандарт,Новый стандарт онлайн,Вклад,3421,https://bankiros.ru/bank/ns-bank/deposits/new-standart,Нет,Нет,Есть,2025-07-01
1361,181,270,300001.0,500000.0,19.7,Национальный Стандарт,Новый стандарт онлайн,Вклад,3421,https://bankiros.ru/bank/ns-bank/deposits/new-standart,Нет,Нет,Есть,2025-07-01
1362,181,270,500001.0,999999.0,19.45,Национальный Стандарт,Новый стандарт онлайн,Вклад,3421,https://bankiros.ru/bank/ns-bank/deposits/new-standart,Нет,Нет,Есть,2025-07-01
1363,181,270,1000000.0,999999999.0,17.4,Национальный Стандарт,Новый стандарт онлайн,Вклад,3421,https://bankiros.ru/bank/ns-bank/deposits/new-standart,Нет,Нет,Есть,2025-07-01
1364,271,359,30000.0,300000.0,17.4,Национальный Стандарт,Новый стандарт онлайн,Вклад,3421,https://bankiros.ru/bank/ns-bank/deposits/new-standart,Нет,Нет,Есть,2025-07-01
1365,271,359,300001.0,500000.0,18.0,Национальный Стандарт,Новый стандарт онлайн,Вклад,3421,https://bankiros.ru/bank/ns-bank/deposits/new-standart,Нет,Нет,Есть,2025-07-01
1366,271,359,500001.0,999999.0,19.9,Национальный Стандарт,Новый стандарт онлайн,Вклад,3421,https://bankiros.ru/bank/ns-bank/deposits/new-standart,Нет,Нет,Есть,2025-07-01
1367,271,359,1000000.0,999999999.0,20.0,Национальный Стандарт,Новый стандарт онлайн,Вклад,3421,https://bankiros.ru/bank/ns-bank/deposits/new-standart,Нет,Нет,Есть,2025-07-01
1368,360,9999,30000.0,300000.0,19.75,Национальный Стандарт,Новый стандарт онлайн,Вклад,3421,https://bankiros.ru/bank/ns-bank/deposits/new-standart,Нет,Нет,Есть,2025-07-01
1369,360,9999,300001.0,500000.0,19.5,Национальный Стандарт,Новый стандарт онлайн,Вклад,3421,https://bankiros.ru/bank/ns-bank/deposits/new-standart,Нет,Нет,Есть,2025-07-01
1370,360,9999,500001.0,999999.0,17.5,Национальный Стандарт,Новый стандарт онлайн,Вклад,3421,https://bankiros.ru/bank/ns-bank/deposits/new-standart,Нет,Нет,Есть,2025-07-01
1371,360,9999,1000000.0,999999999.0,17.5,Национальный Стандарт,Новый стандарт онлайн,Вклад,3421,https://bankiros.ru/bank/ns-bank/deposits/new-standart,Нет,Нет,Есть,2025-07-01
1372,370,9999,15000.0,999999999.0,17.0,Национальный Стандарт,Здоровый стандарт онлайн,Вклад,3421,https://bankiros.ru/bank/ns-bank/deposits/zdorovyi-standart-onlain,Нет,Нет,Есть,2025-07-01
1373,31,90,10000.0,999999999.0,16.6,Национальный Стандарт,Пенсионный стандарт,Вклад,3421,https://bankiros.ru/bank/ns-bank/deposits/pensionnyj-standart-2,Есть,Нет,Есть,2025-07-01
1374,91,180,10000.0,999999999.0,13.7,Национальный Стандарт,Пенсионный стандарт,Вклад,3421,https://bankiros.ru/bank/ns-bank/deposits/pensionnyj-standart-2,Есть,Нет,Есть,2025-07-01
1375,181,270,10000.0,999999999.0,13.2,Национальный Стандарт,Пенсионный стандарт,Вклад,3421,https://bankiros.ru/bank/ns-bank/deposits/pensionnyj-standart-2,Есть,Нет,Есть,2025-07-01
1376,271,366,10000.0,999999999.0,10.5,Национальный Стандарт,Пенсионный стандарт,Вклад,3421,https://bankiros.ru/bank/ns-bank/deposits/pensionnyj-standart-2,Есть,Нет,Есть,2025-07-01
1377,367,550,10000.0,999999999.0,7.5,Национальный Стандарт,Пенсионный стандарт,Вклад,3421,https://bankiros.ru/bank/ns-bank/deposits/pensionnyj-standart-2,Есть,Нет,Есть,2025-07-01
1378,31,90,10000.0,99999.0,16.3,Национальный Стандарт,Сберегательный стандарт онлайн,Вклад,3421,https://bankiros.ru/bank/ns-bank/deposits/sberegatelnyj-standart-onlain,Есть,Нет,Есть,2025-07-01
1379,31,90,100000.0,499999.0,13.4,Национальный Стандарт,Сберегательный стандарт онлайн,Вклад,3421,https://bankiros.ru/bank/ns-bank/deposits/sberegatelnyj-standart-onlain,Есть,Нет,Есть,2025-07-01
1380,31,90,500000.0,999999.0,12.9,Национальный Стандарт,Сберегательный стандарт онлайн,Вклад,3421,https://bankiros.ru/bank/ns-bank/deposits/sberegatelnyj-standart-onlain,Есть,Нет,Есть,2025-07-01
1381,31,90,1000000.0,999999999.0,10.1,Национальный Стандарт,Сберегательный стандарт онлайн,Вклад,3421,https://bankiros.ru/bank/ns-bank/deposits/sberegatelnyj-standart-onlain,Есть,Нет,Есть,2025-07-01
1382,91,180,10000.0,99999.0,7.1,Национальный Стандарт,Сберегательный стандарт онлайн,Вклад,3421,https://bankiros.ru/bank/ns-bank/deposits/sberegatelnyj-standart-onlain,Есть,Нет,Есть,2025-07-01
1383,91,180,100000.0,499999.0,16.4,Национальный Стандарт,Сберегательный стандарт онлайн,Вклад,3421,https://bankiros.ru/bank/ns-bank/deposits/sberegatelnyj-standart-onlain,Есть,Нет,Есть,2025-07-01
1384,91,180,500000.0,999999.0,13.5,Национальный Стандарт,Сберегательный стандарт онлайн,Вклад,3421,https://bankiros.ru/bank/ns-bank/deposits/sberegatelnyj-standart-onlain,Есть,Нет,Есть,2025-07-01
1385,91,180,1000000.0,999999999.0,13.0,Национальный Стандарт,Сберегательный стандарт онлайн,Вклад,3421,https://bankiros.ru/bank/ns-bank/deposits/sberegatelnyj-standart-onlain,Есть,Нет,Есть,2025-07-01
1386,181,270,10000.0,99999.0,10.2,Национальный Стандарт,Сберегательный стандарт онлайн,Вклад,3421,https://bankiros.ru/bank/ns-bank/deposits/sberegatelnyj-standart-onlain,Есть,Нет,Есть,2025-07-01
1387,181,270,100000.0,499999.0,7.2,Национальный Стандарт,Сберегательный стандарт онлайн,Вклад,3421,https://bankiros.ru/bank/ns-bank/deposits/sberegatelnyj-standart-onlain,Есть,Нет,Есть,2025-07-01
1388,181,270,500000.0,999999.0,16.5,Национальный Стандарт,Сберегательный стандарт онлайн,Вклад,3421,https://bankiros.ru/bank/ns-bank/deposits/sberegatelnyj-standart-onlain,Есть,Нет,Есть,2025-07-01
1389,181,270,1000000.0,999999999.0,13.6,Национальный Стандарт,Сберегательный стандарт онлайн,Вклад,3421,https://bankiros.ru/bank/ns-bank/deposits/sberegatelnyj-standart-onlain,Есть,Нет,Есть,2025-07-01
1390,271,366,10000.0,99999.0,13.1,Национальный Стандарт,Сберегательный стандарт онлайн,Вклад,3421,https://bankiros.ru/bank/ns-bank/deposits/sberegatelnyj-standart-onlain,Есть,Нет,Есть,2025-07-01
1391,271,366,100000.0,499999.0,10.3,Национальный Стандарт,Сберегательный стандарт онлайн,Вклад,3421,https://bankiros.ru/bank/ns-bank/deposits/sberegatelnyj-standart-onlain,Есть,Нет,Есть,2025-07-01
1392,271,366,500000.0,999999.0,7.3,Национальный Стандарт,Сберегательный стандарт онлайн,Вклад,3421,https://bankiros.ru/bank/ns-bank/deposits/sberegatelnyj-standart-onlain,Есть,Нет,Есть,2025-07-01
1393,271,366,1000000.0,999999999.0,16.6,Национальный Стандарт,Сберегательный стандарт онлайн,Вклад,3421,https://bankiros.ru/bank/ns-bank/deposits/sberegatelnyj-standart-onlain,Есть,Нет,Есть,2025-07-01
1394,367,550,10000.0,99999.0,13.7,Национальный Стандарт,Сберегательный стандарт онлайн,Вклад,3421,https://bankiros.ru/bank/ns-bank/deposits/sberegatelnyj-standart-onlain,Есть,Нет,Есть,2025-07-01
1395,367,550,100000.0,499999.0,13.2,Национальный Стандарт,Сберегательный стандарт онлайн,Вклад,3421,https://bankiros.ru/bank/ns-bank/deposits/sberegatelnyj-standart-onlain,Есть,Нет,Есть,2025-07-01
1396,367,550,500000.0,999999.0,10.5,Национальный Стандарт,Сберегательный стандарт онлайн,Вклад,3421,https://bankiros.ru/bank/ns-bank/deposits/sberegatelnyj-standart-onlain,Есть,Нет,Есть,2025-07-01
1397,367,550,1000000.0,999999999.0,7.5,Национальный Стандарт,Сберегательный стандарт онлайн,Вклад,3421,https://bankiros.ru/bank/ns-bank/deposits/sberegatelnyj-standart-onlain,Есть,Нет,Есть,2025-07-01
1398,190,369,3000000.0,9999999.0,15.5,Национальный Стандарт,Платиновый стандарт,Вклад,3421,https://bankiros.ru/bank/ns-bank/deposits/platinovyj-standart,Есть,Есть,Есть,2025-07-01
1399,190,369,10000000.0,999999999.0,11.2,Национальный Стандарт,Платиновый стандарт,Вклад,3421,https://bankiros.ru/bank/ns-bank/deposits/platinovyj-standart,Есть,Есть,Есть,2025-07-01
1400,370,9999,3000000.0,9999999.0,16.5,Национальный Стандарт,Платиновый стандарт,Вклад,3421,https://bankiros.ru/bank/ns-bank/deposits/platinovyj-standart,Есть,Есть,Есть,2025-07-01
1401,370,9999,10000000.0,999999999.0,11.3,Национальный Стандарт,Платиновый стандарт,Вклад,3421,https://bankiros.ru/bank/ns-bank/deposits/platinovyj-standart,Есть,Есть,Есть,2025-07-01
1402,31,90,10000.0,100000.0,16.1,Национальный Стандарт,Сберегательный стандарт,Вклад,3421,https://bankiros.ru/bank/ns-bank/deposits/sberegatelnyj-standart,Есть,Нет,Есть,2025-07-01
1403,31,90,100001.0,500009.0,13.2,Национальный Стандарт,Сберегательный стандарт,Вклад,3421,https://bankiros.ru/bank/ns-bank/deposits/sberegatelnyj-standart,Есть,Нет,Есть,2025-07-01
1404,31,90,500010.0,999999.0,12.8,Национальный Стандарт,Сберегательный стандарт,Вклад,3421,https://bankiros.ru/bank/ns-bank/deposits/sberegatelnyj-standart,Есть,Нет,Есть,2025-07-01
1405,31,90,1000000.0,999999999.0,9.85,Национальный Стандарт,Сберегательный стандарт,Вклад,3421,https://bankiros.ru/bank/ns-bank/deposits/sberegatelnyj-standart,Есть,Нет,Есть,2025-07-01
1406,91,180,10000.0,100000.0,6.85,Национальный Стандарт,Сберегательный стандарт,Вклад,3421,https://bankiros.ru/bank/ns-bank/deposits/sberegatelnyj-standart,Есть,Нет,Есть,2025-07-01
1407,91,180,100001.0,500009.0,16.2,Национальный Стандарт,Сберегательный стандарт,Вклад,3421,https://bankiros.ru/bank/ns-bank/deposits/sberegatelnyj-standart,Есть,Нет,Есть,2025-07-01
1408,91,180,500010.0,999999.0,13.3,Национальный Стандарт,Сберегательный стандарт,Вклад,3421,https://bankiros.ru/bank/ns-bank/deposits/sberegatelnyj-standart,Есть,Нет,Есть,2025-07-01
1409,91,180,1000000.0,999999999.0,12.9,Национальный Стандарт,Сберегательный стандарт,Вклад,3421,https://bankiros.ru/bank/ns-bank/deposits/sberegatelnyj-standart,Есть,Нет,Есть,2025-07-01
1410,181,270,10000.0,100000.0,9.95,Национальный Стандарт,Сберегательный стандарт,Вклад,3421,https://bankiros.ru/bank/ns-bank/deposits/sberegatelnyj-standart,Есть,Нет,Есть,2025-07-01
1411,181,270,100001.0,500009.0,6.95,Национальный Стандарт,Сберегательный стандарт,Вклад,3421,https://bankiros.ru/bank/ns-bank/deposits/sberegatelnyj-standart,Есть,Нет,Есть,2025-07-01
1412,181,270,500010.0,999999.0,16.3,Национальный Стандарт,Сберегательный стандарт,Вклад,3421,https://bankiros.ru/bank/ns-bank/deposits/sberegatelnyj-standart,Есть,Нет,Есть,2025-07-01
1413,181,270,1000000.0,999999999.0,13.4,Национальный Стандарт,Сберегательный стандарт,Вклад,3421,https://bankiros.ru/bank/ns-bank/deposits/sberegatelnyj-standart,Есть,Нет,Есть,2025-07-01
1414,271,366,10000.0,100000.0,13.0,Национальный Стандарт,Сберегательный стандарт,Вклад,3421,https://bankiros.ru/bank/ns-bank/deposits/sberegatelnyj-standart,Есть,Нет,Есть,2025-07-01
1415,271,366,100001.0,500009.0,10.05,Национальный Стандарт,Сберегательный стандарт,Вклад,3421,https://bankiros.ru/bank/ns-bank/deposits/sberegatelnyj-standart,Есть,Нет,Есть,2025-07-01
1416,271,366,500010.0,999999.0,7.05,Национальный Стандарт,Сберегательный стандарт,Вклад,3421,https://bankiros.ru/bank/ns-bank/deposits/sberegatelnyj-standart,Есть,Нет,Есть,2025-07-01
1417,271,366,1000000.0,999999999.0,16.4,Национальный Стандарт,Сберегательный стандарт,Вклад,3421,https://bankiros.ru/bank/ns-bank/deposits/sberegatelnyj-standart,Есть,Нет,Есть,2025-07-01
1418,367,550,10000.0,100000.0,13.5,Национальный Стандарт,Сберегательный стандарт,Вклад,3421,https://bankiros.ru/bank/ns-bank/deposits/sberegatelnyj-standart,Есть,Нет,Есть,2025-07-01
1419,367,550,100001.0,500009.0,13.1,Национальный Стандарт,Сберегательный стандарт,Вклад,3421,https://bankiros.ru/bank/ns-bank/deposits/sberegatelnyj-standart,Есть,Нет,Есть,2025-07-01
1420,367,550,500010.0,999999.0,10.25,Национальный Стандарт,Сберегательный стандарт,Вклад,3421,https://bankiros.ru/bank/ns-bank/deposits/sberegatelnyj-standart,Есть,Нет,Есть,2025-07-01
1421,367,550,1000000.0,999999999.0,7.25,Национальный Стандарт,Сберегательный стандарт,Вклад,3421,https://bankiros.ru/bank/ns-bank/deposits/sberegatelnyj-standart,Есть,Нет,Есть,2025-07-01
1422,190,369,5000.0,29999.0,14.0,Национальный Стандарт,Универсальный стандарт онлайн,Вклад,3421,https://bankiros.ru/bank/ns-bank/deposits/universalnyj-standart-onlain,Есть,Есть,Есть,2025-07-01
1423,190,369,30000.0,99999.0,10.5,Национальный Стандарт,Универсальный стандарт онлайн,Вклад,3421,https://bankiros.ru/bank/ns-bank/deposits/universalnyj-standart-onlain,Есть,Есть,Есть,2025-07-01
1424,190,369,100000.0,1500000.0,14.5,Национальный Стандарт,Универсальный стандарт онлайн,Вклад,3421,https://bankiros.ru/bank/ns-bank/deposits/universalnyj-standart-onlain,Есть,Есть,Есть,2025-07-01
1425,190,369,1500000.0,999999999.0,10.6,Национальный Стандарт,Универсальный стандарт онлайн,Вклад,3421,https://bankiros.ru/bank/ns-bank/deposits/universalnyj-standart-onlain,Есть,Есть,Есть,2025-07-01
1426,370,9999,5000.0,29999.0,14.75,Национальный Стандарт,Универсальный стандарт онлайн,Вклад,3421,https://bankiros.ru/bank/ns-bank/deposits/universalnyj-standart-onlain,Есть,Есть,Есть,2025-07-01
1427,370,9999,30000.0,99999.0,10.7,Национальный Стандарт,Универсальный стандарт онлайн,Вклад,3421,https://bankiros.ru/bank/ns-bank/deposits/universalnyj-standart-onlain,Есть,Есть,Есть,2025-07-01
1428,370,9999,100000.0,1500000.0,15.0,Национальный Стандарт,Универсальный стандарт онлайн,Вклад,3421,https://bankiros.ru/bank/ns-bank/deposits/universalnyj-standart-onlain,Есть,Есть,Есть,2025-07-01
1429,370,9999,1500000.0,999999999.0,10.8,Национальный Стандарт,Универсальный стандарт онлайн,Вклад,3421,https://bankiros.ru/bank/ns-bank/deposits/universalnyj-standart-onlain,Есть,Есть,Есть,2025-07-01
1430,190,369,5000.0,29999.0,13.8,Национальный Стандарт,Универсальный стандарт,Вклад,3421,https://bankiros.ru/bank/ns-bank/deposits/universalnyj-standart,Есть,Есть,Есть,2025-07-01
1431,190,369,30000.0,99999.0,10.3,Национальный Стандарт,Универсальный стандарт,Вклад,3421,https://bankiros.ru/bank/ns-bank/deposits/universalnyj-standart,Есть,Есть,Есть,2025-07-01
1432,190,369,100000.0,1499999.0,14.3,Национальный Стандарт,Универсальный стандарт,Вклад,3421,https://bankiros.ru/bank/ns-bank/deposits/universalnyj-standart,Есть,Есть,Есть,2025-07-01
1433,190,369,1500000.0,999999999.0,10.4,Национальный Стандарт,Универсальный стандарт,Вклад,3421,https://bankiros.ru/bank/ns-bank/deposits/universalnyj-standart,Есть,Есть,Есть,2025-07-01
1434,370,9999,5000.0,29999.0,14.55,Национальный Стандарт,Универсальный стандарт,Вклад,3421,https://bankiros.ru/bank/ns-bank/deposits/universalnyj-standart,Есть,Есть,Есть,2025-07-01
1435,370,9999,30000.0,99999.0,10.5,Национальный Стандарт,Универсальный стандарт,Вклад,3421,https://bankiros.ru/bank/ns-bank/deposits/universalnyj-standart,Есть,Есть,Есть,2025-07-01
1436,370,9999,100000.0,1499999.0,14.8,Национальный Стандарт,Универсальный стандарт,Вклад,3421,https://bankiros.ru/bank/ns-bank/deposits/universalnyj-standart,Есть,Есть,Есть,2025-07-01
1437,370,9999,1500000.0,999999999.0,10.6,Национальный Стандарт,Универсальный стандарт,Вклад,3421,https://bankiros.ru/bank/ns-bank/deposits/universalnyj-standart,Есть,Есть,Есть,2025-07-01
1438,550,9999,15000.0,999999999.0,14.0,Национальный Стандарт,Здоровый стандарт,Вклад,3421,https://bankiros.ru/bank/ns-bank/deposits/zdorovyi-standart,Нет,Нет,Есть,2025-07-01
1439,1,61,1.0,5000000.0,20.0,Локо-Банк,Накопительный счёт Локо-Счёт на минимальный остаток,Накопительный счет,2707,https://bankiros.ru/bank/locko-bank/deposits/nakopitelnyj-scet-loko-moj-vybor,Есть,Есть,Нет,2025-07-01
1440,62,9999,1.0,5000000.0,16.0,Локо-Банк,Накопительный счёт Локо-Счёт на минимальный остаток,Накопительный счет,2707,https://bankiros.ru/bank/locko-bank/deposits/nakopitelnyj-scet-loko-moj-vybor,Есть,Есть,Нет,2025-07-01
1441,1,31,300000.0,30000000.0,21.0,Локо-Банк,Локо-Вклад Промо (182 дня),Вклад,2707,https://bankiros.ru/bank/locko-bank/deposits/loko-vklad-promo,Нет,Нет,Есть,2025-07-01
1442,32,182,300000.0,30000000.0,18.5,Локо-Банк,Локо-Вклад Промо (182 дня),Вклад,2707,https://bankiros.ru/bank/locko-bank/deposits/loko-vklad-promo,Нет,Нет,Есть,2025-07-01
1443,1,31,300000.0,30000000.0,21.0,Локо-Банк,Локо-Вклад Промо (370 дней),Вклад,2707,https://bankiros.ru/bank/locko-bank/deposits/loko-vklad-promo-3,Нет,Нет,Есть,2025-07-01
1444,32,370,300000.0,30000000.0,17.0,Локо-Банк,Локо-Вклад Промо (370 дней),Вклад,2707,https://bankiros.ru/bank/locko-bank/deposits/loko-vklad-promo-3,Нет,Нет,Есть,2025-07-01
1445,100,181,300000.0,1199990.0,18.0,Локо-Банк,Локо-Вклад (% в конце срока),Вклад,2707,https://bankiros.ru/bank/locko-bank/deposits/loko-vklad-9,Нет,Нет,Есть,2025-07-01
1446,100,181,1200000.0,30000000.0,19.0,Локо-Банк,Локо-Вклад (% в конце срока),Вклад,2707,https://bankiros.ru/bank/locko-bank/deposits/loko-vklad-9,Нет,Нет,Есть,2025-07-01
1447,182,369,300000.0,1199990.0,17.3,Локо-Банк,Локо-Вклад (% в конце срока),Вклад,2707,https://bankiros.ru/bank/locko-bank/deposits/loko-vklad-9,Нет,Нет,Есть,2025-07-01
1448,182,369,1200000.0,30000000.0,18.2,Локо-Банк,Локо-Вклад (% в конце срока),Вклад,2707,https://bankiros.ru/bank/locko-bank/deposits/loko-vklad-9,Нет,Нет,Есть,2025-07-01
1449,370,9999,300000.0,1199990.0,19.1,Локо-Банк,Локо-Вклад (% в конце срока),Вклад,2707,https://bankiros.ru/bank/locko-bank/deposits/loko-vklad-9,Нет,Нет,Есть,2025-07-01
1450,370,9999,1200000.0,30000000.0,17.4,Локо-Банк,Локо-Вклад (% в конце срока),Вклад,2707,https://bankiros.ru/bank/locko-bank/deposits/loko-vklad-9,Нет,Нет,Есть,2025-07-01
1451,1,182,300000.0,1199990.0,18.8,Локо-Банк,Локо-Вклад (% в конце срока 740 дней),Вклад,2707,https://bankiros.ru/bank/locko-bank/deposits/loko-vklad-11,Нет,Нет,Есть,2025-07-01
1452,1,182,1200000.0,30000000.0,9.0,Локо-Банк,Локо-Вклад (% в конце срока 740 дней),Вклад,2707,https://bankiros.ru/bank/locko-bank/deposits/loko-vklad-11,Нет,Нет,Есть,2025-07-01
1453,183,740,300000.0,1199990.0,19.0,Локо-Банк,Локо-Вклад (% в конце срока 740 дней),Вклад,2707,https://bankiros.ru/bank/locko-bank/deposits/loko-vklad-11,Нет,Нет,Есть,2025-07-01
1454,183,740,1200000.0,30000000.0,9.0,Локо-Банк,Локо-Вклад (% в конце срока 740 дней),Вклад,2707,https://bankiros.ru/bank/locko-bank/deposits/loko-vklad-11,Нет,Нет,Есть,2025-07-01
1455,1,182,300000.0,1199990.0,18.5,Локо-Банк,Локо-Вклад (% ежемесячно 740 дней),Вклад,2707,https://bankiros.ru/bank/locko-bank/deposits/loko-vklad-5,Нет,Нет,Есть,2025-07-01
1456,1,182,1200000.0,30000000.0,9.0,Локо-Банк,Локо-Вклад (% ежемесячно 740 дней),Вклад,2707,https://bankiros.ru/bank/locko-bank/deposits/loko-vklad-5,Нет,Нет,Есть,2025-07-01
1457,183,740,300000.0,1199990.0,18.7,Локо-Банк,Локо-Вклад (% ежемесячно 740 дней),Вклад,2707,https://bankiros.ru/bank/locko-bank/deposits/loko-vklad-5,Нет,Нет,Есть,2025-07-01
1458,183,740,1200000.0,30000000.0,9.0,Локо-Банк,Локо-Вклад (% ежемесячно 740 дней),Вклад,2707,https://bankiros.ru/bank/locko-bank/deposits/loko-vklad-5,Нет,Нет,Есть,2025-07-01
1459,100,181,300000.0,1199990.0,17.8,Локо-Банк,Локо-Вклад (% ежемесячно),Вклад,2707,https://bankiros.ru/bank/locko-bank/deposits/loko-vklad-3,Нет,Нет,Есть,2025-07-01
1460,100,181,1200000.0,30000000.0,18.4,Локо-Банк,Локо-Вклад (% ежемесячно),Вклад,2707,https://bankiros.ru/bank/locko-bank/deposits/loko-vklad-3,Нет,Нет,Есть,2025-07-01
1461,182,369,300000.0,1199990.0,16.9,Локо-Банк,Локо-Вклад (% ежемесячно),Вклад,2707,https://bankiros.ru/bank/locko-bank/deposits/loko-vklad-3,Нет,Нет,Есть,2025-07-01
1462,182,369,1200000.0,30000000.0,18.0,Локо-Банк,Локо-Вклад (% ежемесячно),Вклад,2707,https://bankiros.ru/bank/locko-bank/deposits/loko-vklad-3,Нет,Нет,Есть,2025-07-01
1463,370,9999,300000.0,1199990.0,18.6,Локо-Банк,Локо-Вклад (% ежемесячно),Вклад,2707,https://bankiros.ru/bank/locko-bank/deposits/loko-vklad-3,Нет,Нет,Есть,2025-07-01
1464,370,9999,1200000.0,30000000.0,17.1,Локо-Банк,Локо-Вклад (% ежемесячно),Вклад,2707,https://bankiros.ru/bank/locko-bank/deposits/loko-vklad-3,Нет,Нет,Есть,2025-07-01
1465,1,9999,1.0,50000000.0,18.0,Локо-Банк,Накопительный счёт Локо-Счёт на ежедневный остаток,Накопительный счет,2707,https://bankiros.ru/bank/locko-bank/deposits/nakopitelnyj-scet-43,Есть,Есть,Нет,2025-07-01
1466,1,370,300000.0,1199990.0,17.4,Локо-Банк,Локо-Вклад (% в конце срока 1100 дней),Вклад,2707,https://bankiros.ru/bank/locko-bank/deposits/loko-vklad-13,Нет,Нет,Есть,2025-07-01
1467,1,370,1200000.0,30000000.0,9.0,Локо-Банк,Локо-Вклад (% в конце срока 1100 дней),Вклад,2707,https://bankiros.ru/bank/locko-bank/deposits/loko-vklad-13,Нет,Нет,Есть,2025-07-01
1468,371,730,300000.0,1199990.0,6.0,Локо-Банк,Локо-Вклад (% в конце срока 1100 дней),Вклад,2707,https://bankiros.ru/bank/locko-bank/deposits/loko-vklad-13,Нет,Нет,Есть,2025-07-01
1469,371,730,1200000.0,30000000.0,17.5,Локо-Банк,Локо-Вклад (% в конце срока 1100 дней),Вклад,2707,https://bankiros.ru/bank/locko-bank/deposits/loko-vklad-13,Нет,Нет,Есть,2025-07-01
1470,731,1100,300000.0,1199990.0,9.0,Локо-Банк,Локо-Вклад (% в конце срока 1100 дней),Вклад,2707,https://bankiros.ru/bank/locko-bank/deposits/loko-vklad-13,Нет,Нет,Есть,2025-07-01
1471,731,1100,1200000.0,30000000.0,6.0,Локо-Банк,Локо-Вклад (% в конце срока 1100 дней),Вклад,2707,https://bankiros.ru/bank/locko-bank/deposits/loko-vklad-13,Нет,Нет,Есть,2025-07-01
1472,1,370,300000.0,1199990.0,17.0,Локо-Банк,Локо-Вклад (% ежемесячно 1100 дней),Вклад,2707,https://bankiros.ru/bank/locko-bank/deposits/loko-vklad-7,Нет,Нет,Есть,2025-07-01
1473,1,370,1200000.0,30000000.0,9.0,Локо-Банк,Локо-Вклад (% ежемесячно 1100 дней),Вклад,2707,https://bankiros.ru/bank/locko-bank/deposits/loko-vklad-7,Нет,Нет,Есть,2025-07-01
1474,371,730,300000.0,1199990.0,6.0,Локо-Банк,Локо-Вклад (% ежемесячно 1100 дней),Вклад,2707,https://bankiros.ru/bank/locko-bank/deposits/loko-vklad-7,Нет,Нет,Есть,2025-07-01
1475,371,730,1200000.0,30000000.0,17.2,Локо-Банк,Локо-Вклад (% ежемесячно 1100 дней),Вклад,2707,https://bankiros.ru/bank/locko-bank/deposits/loko-vklad-7,Нет,Нет,Есть,2025-07-01
1476,731,1100,300000.0,1199990.0,9.0,Локо-Банк,Локо-Вклад (% ежемесячно 1100 дней),Вклад,2707,https://bankiros.ru/bank/locko-bank/deposits/loko-vklad-7,Нет,Нет,Есть,2025-07-01
1477,731,1100,1200000.0,30000000.0,6.0,Локо-Банк,Локо-Вклад (% ежемесячно 1100 дней),Вклад,2707,https://bankiros.ru/bank/locko-bank/deposits/loko-vklad-7,Нет,Нет,Есть,2025-07-01
1478,1,61,0.0,999999999.0,20.0,Ozon Банк,Накопительный счёт,Накопительный счет,3542,https://bankiros.ru/bank/ozon/deposits/nakopitelnyj-scet-138,Есть,Есть,Нет,2025-07-01
1479,91,9999,0.0,999999999.0,14.0,Ozon Банк,Накопительный счёт,Накопительный счет,3542,https://bankiros.ru/bank/ozon/deposits/nakopitelnyj-scet-138,Есть,Есть,Нет,2025-07-01
1480,91,180,10000.0,999999999.0,18.2,Ozon Банк,Вклад,Вклад,3542,https://bankiros.ru/bank/ozon/deposits/vklad-8,Нет,Нет,Есть,2025-07-01
1481,181,364,10000.0,999999999.0,17.2,Ozon Банк,Вклад,Вклад,3542,https://bankiros.ru/bank/ozon/deposits/vklad-8,Нет,Нет,Есть,2025-07-01
1482,365,729,10000.0,999999999.0,14.9,Ozon Банк,Вклад,Вклад,3542,https://bankiros.ru/bank/ozon/deposits/vklad-8,Нет,Нет,Есть,2025-07-01
1483,730,9999,10000.0,999999999.0,14.9,Ozon Банк,Вклад,Вклад,3542,https://bankiros.ru/bank/ozon/deposits/vklad-8,Нет,Нет,Есть,2025-07-01
1484,1,9999,10001.0,50000.0,19.6,ББР Банк,Накопительный счёт Биплан Плюс,Накопительный счет,2929,https://bankiros.ru/bank/bbrbank/deposits/scet-biplan-plus,Есть,Есть,Нет,2025-07-01
1485,1,9999,50001.0,150000.0,19.85,ББР Банк,Накопительный счёт Биплан Плюс,Накопительный счет,2929,https://bankiros.ru/bank/bbrbank/deposits/scet-biplan-plus,Есть,Есть,Нет,2025-07-01
1486,1,9999,150001.0,5000000.0,20.0,ББР Банк,Накопительный счёт Биплан Плюс,Накопительный счет,2929,https://bankiros.ru/bank/bbrbank/deposits/scet-biplan-plus,Есть,Есть,Нет,2025-07-01
1487,1,61,1.0,9999.0,7.0,ББР Банк,Накопительный счёт Сберегательный,Накопительный счет,2929,https://bankiros.ru/bank/bbrbank/deposits/scet-sberegatelnyj,Есть,Есть,Нет,2025-07-01
1488,1,61,10000.0,50000.0,,ББР Банк,Накопительный счёт Сберегательный,Накопительный счет,2929,https://bankiros.ru/bank/bbrbank/deposits/scet-sberegatelnyj,Есть,Есть,Нет,2025-07-01
1489,1,61,50001.0,5000000.0,17.5,ББР Банк,Накопительный счёт Сберегательный,Накопительный счет,2929,https://bankiros.ru/bank/bbrbank/deposits/scet-sberegatelnyj,Есть,Есть,Нет,2025-07-01
1490,1,61,5000010.0,999999999.0,10.5,ББР Банк,Накопительный счёт Сберегательный,Накопительный счет,2929,https://bankiros.ru/bank/bbrbank/deposits/scet-sberegatelnyj,Есть,Есть,Нет,2025-07-01
1491,62,9999,1.0,9999.0,18.5,ББР Банк,Накопительный счёт Сберегательный,Накопительный счет,2929,https://bankiros.ru/bank/bbrbank/deposits/scet-sberegatelnyj,Есть,Есть,Нет,2025-07-01
1492,62,9999,10000.0,50000.0,11.5,ББР Банк,Накопительный счёт Сберегательный,Накопительный счет,2929,https://bankiros.ru/bank/bbrbank/deposits/scet-sberegatelnyj,Есть,Есть,Нет,2025-07-01
1493,62,9999,50001.0,5000000.0,14.0,ББР Банк,Накопительный счёт Сберегательный,Накопительный счет,2929,https://bankiros.ru/bank/bbrbank/deposits/scet-sberegatelnyj,Есть,Есть,Нет,2025-07-01
1494,62,9999,5000010.0,999999999.0,7.0,ББР Банк,Накопительный счёт Сберегательный,Накопительный счет,2929,https://bankiros.ru/bank/bbrbank/deposits/scet-sberegatelnyj,Есть,Есть,Нет,2025-07-01
1495,91,180,50000.0,99999.0,,ББР Банк,Яркая звезда,Вклад,2929,https://bankiros.ru/bank/bbrbank/deposits/arkaa-zvezda,Нет,Нет,Есть,2025-07-01
1496,91,180,100000.0,999999.0,,ББР Банк,Яркая звезда,Вклад,2929,https://bankiros.ru/bank/bbrbank/deposits/arkaa-zvezda,Нет,Нет,Есть,2025-07-01
1497,91,180,1000000.0,999999999.0,18.95,ББР Банк,Яркая звезда,Вклад,2929,https://bankiros.ru/bank/bbrbank/deposits/arkaa-zvezda,Нет,Нет,Есть,2025-07-01
1498,181,394,50000.0,99999.0,,ББР Банк,Яркая звезда,Вклад,2929,https://bankiros.ru/bank/bbrbank/deposits/arkaa-zvezda,Нет,Нет,Есть,2025-07-01
1499,181,394,100000.0,999999.0,,ББР Банк,Яркая звезда,Вклад,2929,https://bankiros.ru/bank/bbrbank/deposits/arkaa-zvezda,Нет,Нет,Есть,2025-07-01
1500,181,394,1000000.0,999999999.0,,ББР Банк,Яркая звезда,Вклад,2929,https://bankiros.ru/bank/bbrbank/deposits/arkaa-zvezda,Нет,Нет,Есть,2025-07-01
1501,395,544,50000.0,99999.0,,ББР Банк,Яркая звезда,Вклад,2929,https://bankiros.ru/bank/bbrbank/deposits/arkaa-zvezda,Нет,Нет,Есть,2025-07-01
1502,395,544,100000.0,999999.0,,ББР Банк,Яркая звезда,Вклад,2929,https://bankiros.ru/bank/bbrbank/deposits/arkaa-zvezda,Нет,Нет,Есть,2025-07-01
1503,395,544,1000000.0,999999999.0,19.15,ББР Банк,Яркая звезда,Вклад,2929,https://bankiros.ru/bank/bbrbank/deposits/arkaa-zvezda,Нет,Нет,Есть,2025-07-01
1504,545,729,50000.0,99999.0,19.5,ББР Банк,Яркая звезда,Вклад,2929,https://bankiros.ru/bank/bbrbank/deposits/arkaa-zvezda,Нет,Нет,Есть,2025-07-01
1505,545,729,100000.0,999999.0,,ББР Банк,Яркая звезда,Вклад,2929,https://bankiros.ru/bank/bbrbank/deposits/arkaa-zvezda,Нет,Нет,Есть,2025-07-01
1506,545,729,1000000.0,999999999.0,16.0,ББР Банк,Яркая звезда,Вклад,2929,https://bankiros.ru/bank/bbrbank/deposits/arkaa-zvezda,Нет,Нет,Есть,2025-07-01
1507,730,919,50000.0,99999.0,16.0,ББР Банк,Яркая звезда,Вклад,2929,https://bankiros.ru/bank/bbrbank/deposits/arkaa-zvezda,Нет,Нет,Есть,2025-07-01
1508,730,919,100000.0,999999.0,16.0,ББР Банк,Яркая звезда,Вклад,2929,https://bankiros.ru/bank/bbrbank/deposits/arkaa-zvezda,Нет,Нет,Есть,2025-07-01
1509,730,919,1000000.0,999999999.0,16.0,ББР Банк,Яркая звезда,Вклад,2929,https://bankiros.ru/bank/bbrbank/deposits/arkaa-zvezda,Нет,Нет,Есть,2025-07-01
1510,920,1099,50000.0,99999.0,7.7,ББР Банк,Яркая звезда,Вклад,2929,https://bankiros.ru/bank/bbrbank/deposits/arkaa-zvezda,Нет,Нет,Есть,2025-07-01
1511,920,1099,100000.0,999999.0,19.3,ББР Банк,Яркая звезда,Вклад,2929,https://bankiros.ru/bank/bbrbank/deposits/arkaa-zvezda,Нет,Нет,Есть,2025-07-01
1512,920,1099,1000000.0,999999999.0,19.65,ББР Банк,Яркая звезда,Вклад,2929,https://bankiros.ru/bank/bbrbank/deposits/arkaa-zvezda,Нет,Нет,Есть,2025-07-01
1513,1100,1459,50000.0,99999.0,19.1,ББР Банк,Яркая звезда,Вклад,2929,https://bankiros.ru/bank/bbrbank/deposits/arkaa-zvezda,Нет,Нет,Есть,2025-07-01
1514,1100,1459,100000.0,999999.0,16.15,ББР Банк,Яркая звезда,Вклад,2929,https://bankiros.ru/bank/bbrbank/deposits/arkaa-zvezda,Нет,Нет,Есть,2025-07-01
1515,1100,1459,1000000.0,999999999.0,16.15,ББР Банк,Яркая звезда,Вклад,2929,https://bankiros.ru/bank/bbrbank/deposits/arkaa-zvezda,Нет,Нет,Есть,2025-07-01
1516,1460,9999,50000.0,99999.0,16.15,ББР Банк,Яркая звезда,Вклад,2929,https://bankiros.ru/bank/bbrbank/deposits/arkaa-zvezda,Нет,Нет,Есть,2025-07-01
1517,1460,9999,100000.0,999999.0,16.15,ББР Банк,Яркая звезда,Вклад,2929,https://bankiros.ru/bank/bbrbank/deposits/arkaa-zvezda,Нет,Нет,Есть,2025-07-01
1518,1460,9999,1000000.0,999999999.0,8.0,ББР Банк,Яркая звезда,Вклад,2929,https://bankiros.ru/bank/bbrbank/deposits/arkaa-zvezda,Нет,Нет,Есть,2025-07-01
1519,91,180,5000000.0,14999999.0,19.8,ББР Банк,Новая высота,Вклад,2929,https://bankiros.ru/bank/bbrbank/deposits/novaa-vysota,Есть,Есть,Есть,2025-07-01
1520,91,180,15000000.0,999999999.0,19.5,ББР Банк,Новая высота,Вклад,2929,https://bankiros.ru/bank/bbrbank/deposits/novaa-vysota,Есть,Есть,Есть,2025-07-01
1521,181,270,5000000.0,14999999.0,19.1,ББР Банк,Новая высота,Вклад,2929,https://bankiros.ru/bank/bbrbank/deposits/novaa-vysota,Есть,Есть,Есть,2025-07-01
1522,181,270,15000000.0,999999999.0,19.85,ББР Банк,Новая высота,Вклад,2929,https://bankiros.ru/bank/bbrbank/deposits/novaa-vysota,Есть,Есть,Есть,2025-07-01
1523,271,395,5000000.0,14999999.0,19.6,ББР Банк,Новая высота,Вклад,2929,https://bankiros.ru/bank/bbrbank/deposits/novaa-vysota,Есть,Есть,Есть,2025-07-01
1524,271,395,15000000.0,999999999.0,19.2,ББР Банк,Новая высота,Вклад,2929,https://bankiros.ru/bank/bbrbank/deposits/novaa-vysota,Есть,Есть,Есть,2025-07-01
1525,1,61,15000.0,3000000.0,16.5,ББР Банк,Накопительный счёт Удобный,Накопительный счет,2929,https://bankiros.ru/bank/bbrbank/deposits/scet-udobnyj,Есть,Есть,Нет,2025-07-01
1526,62,9999,15000.0,3000000.0,7.0,ББР Банк,Накопительный счёт Удобный,Накопительный счет,2929,https://bankiros.ru/bank/bbrbank/deposits/scet-udobnyj,Есть,Есть,Нет,2025-07-01
1527,181,395,2000000.0,4999999.0,17.0,ББР Банк,Свободный полет,Вклад,2929,https://bankiros.ru/bank/bbrbank/deposits/svobodnyj-polet,Есть,Есть,Есть,2025-07-01
1528,181,395,5000000.0,999999999.0,16.7,ББР Банк,Свободный полет,Вклад,2929,https://bankiros.ru/bank/bbrbank/deposits/svobodnyj-polet,Есть,Есть,Есть,2025-07-01
1529,396,545,2000000.0,4999999.0,10.0,ББР Банк,Свободный полет,Вклад,2929,https://bankiros.ru/bank/bbrbank/deposits/svobodnyj-polet,Есть,Есть,Есть,2025-07-01
1530,396,545,5000000.0,999999999.0,17.3,ББР Банк,Свободный полет,Вклад,2929,https://bankiros.ru/bank/bbrbank/deposits/svobodnyj-polet,Есть,Есть,Есть,2025-07-01
1531,546,730,2000000.0,4999999.0,17.0,ББР Банк,Свободный полет,Вклад,2929,https://bankiros.ru/bank/bbrbank/deposits/svobodnyj-polet,Есть,Есть,Есть,2025-07-01
1532,546,730,5000000.0,999999999.0,10.5,ББР Банк,Свободный полет,Вклад,2929,https://bankiros.ru/bank/bbrbank/deposits/svobodnyj-polet,Есть,Есть,Есть,2025-07-01
1533,91,180,50000.0,899999.0,16.3,ББР Банк,Активный взлет,Вклад,2929,https://bankiros.ru/bank/bbrbank/deposits/aktivnyj-vzlet,Есть,Есть,Есть,2025-07-01
1534,91,180,900000.0,1399999.0,15.8,ББР Банк,Активный взлет,Вклад,2929,https://bankiros.ru/bank/bbrbank/deposits/aktivnyj-vzlet,Есть,Есть,Есть,2025-07-01
1535,91,180,1400000.0,999999999.0,7.35,ББР Банк,Активный взлет,Вклад,2929,https://bankiros.ru/bank/bbrbank/deposits/aktivnyj-vzlet,Есть,Есть,Есть,2025-07-01
1536,181,395,50000.0,899999.0,7.35,ББР Банк,Активный взлет,Вклад,2929,https://bankiros.ru/bank/bbrbank/deposits/aktivnyj-vzlet,Есть,Есть,Есть,2025-07-01
1537,181,395,900000.0,1399999.0,16.5,ББР Банк,Активный взлет,Вклад,2929,https://bankiros.ru/bank/bbrbank/deposits/aktivnyj-vzlet,Есть,Есть,Есть,2025-07-01
1538,181,395,1400000.0,999999999.0,16.0,ББР Банк,Активный взлет,Вклад,2929,https://bankiros.ru/bank/bbrbank/deposits/aktivnyj-vzlet,Есть,Есть,Есть,2025-07-01
1539,396,545,50000.0,899999.0,7.4,ББР Банк,Активный взлет,Вклад,2929,https://bankiros.ru/bank/bbrbank/deposits/aktivnyj-vzlet,Есть,Есть,Есть,2025-07-01
1540,396,545,900000.0,1399999.0,7.4,ББР Банк,Активный взлет,Вклад,2929,https://bankiros.ru/bank/bbrbank/deposits/aktivnyj-vzlet,Есть,Есть,Есть,2025-07-01
1541,396,545,1400000.0,999999999.0,16.8,ББР Банк,Активный взлет,Вклад,2929,https://bankiros.ru/bank/bbrbank/deposits/aktivnyj-vzlet,Есть,Есть,Есть,2025-07-01
1542,546,730,50000.0,899999.0,16.2,ББР Банк,Активный взлет,Вклад,2929,https://bankiros.ru/bank/bbrbank/deposits/aktivnyj-vzlet,Есть,Есть,Есть,2025-07-01
1543,546,730,900000.0,1399999.0,7.5,ББР Банк,Активный взлет,Вклад,2929,https://bankiros.ru/bank/bbrbank/deposits/aktivnyj-vzlet,Есть,Есть,Есть,2025-07-01
1544,546,730,1400000.0,999999999.0,7.5,ББР Банк,Активный взлет,Вклад,2929,https://bankiros.ru/bank/bbrbank/deposits/aktivnyj-vzlet,Есть,Есть,Есть,2025-07-01
1545,181,369,10000.0,10000000.0,16.75,ББР Банк,Измени одну жизнь,Вклад,2929,https://bankiros.ru/bank/bbrbank/deposits/izmeni-odnu-zhizn,Есть,Есть,Есть,2025-07-01
1546,370,544,10000.0,10000000.0,17.0,ББР Банк,Измени одну жизнь,Вклад,2929,https://bankiros.ru/bank/bbrbank/deposits/izmeni-odnu-zhizn,Есть,Есть,Есть,2025-07-01
1547,545,9999,10000.0,10000000.0,11.0,ББР Банк,Измени одну жизнь,Вклад,2929,https://bankiros.ru/bank/bbrbank/deposits/izmeni-odnu-zhizn,Есть,Есть,Есть,2025-07-01
1548,181,394,100000.0,20000000.0,11.35,ББР Банк,Надежный спутник,Вклад,2929,https://bankiros.ru/bank/bbrbank/deposits/nadeznyj-sputnik,Есть,Есть,Есть,2025-07-01
1549,395,544,100000.0,20000000.0,11.55,ББР Банк,Надежный спутник,Вклад,2929,https://bankiros.ru/bank/bbrbank/deposits/nadeznyj-sputnik,Есть,Есть,Есть,2025-07-01
1550,545,729,100000.0,20000000.0,6.55,ББР Банк,Надежный спутник,Вклад,2929,https://bankiros.ru/bank/bbrbank/deposits/nadeznyj-sputnik,Есть,Есть,Есть,2025-07-01
1551,730,9999,100000.0,20000000.0,6.55,ББР Банк,Надежный спутник,Вклад,2929,https://bankiros.ru/bank/bbrbank/deposits/nadeznyj-sputnik,Есть,Есть,Есть,2025-07-01
1552,1,9999,0.0,999999999.0,0.5,ББР Банк,До востребования,Вклад,2929,https://bankiros.ru/bank/bbrbank/deposits/do-vostrebovaniya,Есть,Есть,Есть,2025-07-01
1553,91,9999,30000.0,5000000.0,20.0,Солид Банк,Летний бриз,Вклад,1329,https://bankiros.ru/bank/solid-bank/deposits/sezonnyj-95,Нет,Нет,Нет,2025-07-01
1554,1096,9999,5000.0,999999999.0,20.0,Солид Банк,Детский,Вклад,1329,https://bankiros.ru/bank/solid-bank/deposits/detskij-3,Есть,Нет,Есть,2025-07-01
1555,367,9999,5000000.0,999999999.0,19.5,Солид Банк,VIP,Вклад,1329,https://bankiros.ru/bank/solid-bank/deposits/vip-9,Есть,Нет,Есть,2025-07-01
1556,180,9999,50000.0,5000000.0,18.5,Солид Банк,Стабильный процент,Вклад,1329,https://bankiros.ru/bank/solid-bank/deposits/stabilnyj-procent,Есть,Нет,Есть,2025-07-01
1557,1,365,30000.0,999999999.0,18.0,Солид Банк,Солидный,Вклад,1329,https://bankiros.ru/bank/solid-bank/deposits/solidnyj,Есть,Нет,Есть,2025-07-01
1558,366,730,30000.0,999999999.0,16.0,Солид Банк,Солидный,Вклад,1329,https://bankiros.ru/bank/solid-bank/deposits/solidnyj,Есть,Нет,Есть,2025-07-01
1559,730,9999,50000.0,999999999.0,18.0,Солид Банк,Перспективный,Вклад,1329,https://bankiros.ru/bank/solid-bank/deposits/perspektivnyj-15,Есть,Нет,Есть,2025-07-01
1560,1,9999,10000.0,15000000.0,15.5,Солид Банк,Накопительный счет «Солидная копилка»,Накопительный счет,1329,https://bankiros.ru/bank/solid-bank/deposits/nakopitelnyj-scet-228,Есть,Есть,Нет,2025-07-01
1561,1,60,10000.0,999999999.0,20.0,Дальневосточный банк,Накопительный счет,Накопительный счет,843,https://bankiros.ru/bank/dalnevostochny/deposits/nakopitelnyj-scet-150,Есть,Есть,Нет,2025-07-01
1562,61,9999,10000.0,999999999.0,16.0,Дальневосточный банк,Накопительный счет,Накопительный счет,843,https://bankiros.ru/bank/dalnevostochny/deposits/nakopitelnyj-scet-150,Есть,Есть,Нет,2025-07-01
1563,62,185,50000.0,999999999.0,18.5,Дальневосточный банк,Новые возможности,Вклад,843,https://bankiros.ru/bank/dalnevostochny/deposits/novye-vozmoznosti-3,Нет,Нет,Нет,2025-07-01
1564,186,274,50000.0,999999999.0,18.5,Дальневосточный банк,Новые возможности,Вклад,843,https://bankiros.ru/bank/dalnevostochny/deposits/novye-vozmoznosti-3,Нет,Нет,Нет,2025-07-01
1565,275,384,50000.0,999999999.0,18.0,Дальневосточный банк,Новые возможности,Вклад,843,https://bankiros.ru/bank/dalnevostochny/deposits/novye-vozmoznosti-3,Нет,Нет,Нет,2025-07-01
1566,385,9999,50000.0,999999999.0,17.0,Дальневосточный банк,Новые возможности,Вклад,843,https://bankiros.ru/bank/dalnevostochny/deposits/novye-vozmoznosti-3,Нет,Нет,Нет,2025-07-01
1567,93,185,50000.0,999999999.0,17.0,Дальневосточный банк,Универсальный онлайн,Вклад,843,https://bankiros.ru/bank/dalnevostochny/deposits/universalnyj-onlajn,Есть,Есть,Нет,2025-07-01
1568,186,384,50000.0,999999999.0,17.0,Дальневосточный банк,Универсальный онлайн,Вклад,843,https://bankiros.ru/bank/dalnevostochny/deposits/universalnyj-onlajn,Есть,Есть,Нет,2025-07-01
1569,385,549,50000.0,999999999.0,16.0,Дальневосточный банк,Универсальный онлайн,Вклад,843,https://bankiros.ru/bank/dalnevostochny/deposits/universalnyj-onlajn,Есть,Есть,Нет,2025-07-01
1570,550,9999,50000.0,999999999.0,13.0,Дальневосточный банк,Универсальный онлайн,Вклад,843,https://bankiros.ru/bank/dalnevostochny/deposits/universalnyj-onlajn,Есть,Есть,Нет,2025-07-01
1571,93,185,10000.0,999999999.0,16.5,Дальневосточный банк,Универсальный,Вклад,843,https://bankiros.ru/bank/dalnevostochny/deposits/universalnyj-12,Есть,Есть,Нет,2025-07-01
1572,186,384,10000.0,999999999.0,16.5,Дальневосточный банк,Универсальный,Вклад,843,https://bankiros.ru/bank/dalnevostochny/deposits/universalnyj-12,Есть,Есть,Нет,2025-07-01
1573,385,549,10000.0,999999999.0,15.5,Дальневосточный банк,Универсальный,Вклад,843,https://bankiros.ru/bank/dalnevostochny/deposits/universalnyj-12,Есть,Есть,Нет,2025-07-01
1574,550,9999,10000.0,999999999.0,12.5,Дальневосточный банк,Универсальный,Вклад,843,https://bankiros.ru/bank/dalnevostochny/deposits/universalnyj-12,Есть,Есть,Нет,2025-07-01
1575,93,185,10000.0,349999.0,11.0,Дальневосточный банк,Доходный,Вклад,843,https://bankiros.ru/bank/dalnevostochny/deposits/dohodnyj-105,Нет,Нет,Нет,2025-07-01
1576,93,185,350000.0,999999.0,11.0,Дальневосточный банк,Доходный,Вклад,843,https://bankiros.ru/bank/dalnevostochny/deposits/dohodnyj-105,Нет,Нет,Нет,2025-07-01
1577,93,185,1000000.0,999999999.0,8.6,Дальневосточный банк,Доходный,Вклад,843,https://bankiros.ru/bank/dalnevostochny/deposits/dohodnyj-105,Нет,Нет,Нет,2025-07-01
1578,186,384,10000.0,349999.0,9.0,Дальневосточный банк,Доходный,Вклад,843,https://bankiros.ru/bank/dalnevostochny/deposits/dohodnyj-105,Нет,Нет,Нет,2025-07-01
1579,186,384,350000.0,999999.0,11.0,Дальневосточный банк,Доходный,Вклад,843,https://bankiros.ru/bank/dalnevostochny/deposits/dohodnyj-105,Нет,Нет,Нет,2025-07-01
1580,186,384,1000000.0,999999999.0,11.0,Дальневосточный банк,Доходный,Вклад,843,https://bankiros.ru/bank/dalnevostochny/deposits/dohodnyj-105,Нет,Нет,Нет,2025-07-01
1581,385,539,10000.0,349999.0,8.6,Дальневосточный банк,Доходный,Вклад,843,https://bankiros.ru/bank/dalnevostochny/deposits/dohodnyj-105,Нет,Нет,Нет,2025-07-01
1582,385,539,350000.0,999999.0,9.0,Дальневосточный банк,Доходный,Вклад,843,https://bankiros.ru/bank/dalnevostochny/deposits/dohodnyj-105,Нет,Нет,Нет,2025-07-01
1583,385,539,1000000.0,999999999.0,11.0,Дальневосточный банк,Доходный,Вклад,843,https://bankiros.ru/bank/dalnevostochny/deposits/dohodnyj-105,Нет,Нет,Нет,2025-07-01
1584,540,9999,10000.0,349999.0,11.0,Дальневосточный банк,Доходный,Вклад,843,https://bankiros.ru/bank/dalnevostochny/deposits/dohodnyj-105,Нет,Нет,Нет,2025-07-01
1585,540,9999,350000.0,999999.0,8.6,Дальневосточный банк,Доходный,Вклад,843,https://bankiros.ru/bank/dalnevostochny/deposits/dohodnyj-105,Нет,Нет,Нет,2025-07-01
1586,540,9999,1000000.0,999999999.0,9.0,Дальневосточный банк,Доходный,Вклад,843,https://bankiros.ru/bank/dalnevostochny/deposits/dohodnyj-105,Нет,Нет,Нет,2025-07-01
1587,93,185,10000.0,349999.0,10.8,Дальневосточный банк,Доходный онлайн (ежемесячно),Вклад,843,https://bankiros.ru/bank/dalnevostochny/deposits/vysokij-dohod-onlajn,Нет,Нет,Нет,2025-07-01
1588,93,185,350000.0,999999.0,10.8,Дальневосточный банк,Доходный онлайн (ежемесячно),Вклад,843,https://bankiros.ru/bank/dalnevostochny/deposits/vysokij-dohod-onlajn,Нет,Нет,Нет,2025-07-01
1589,93,185,1000000.0,999999999.0,8.4,Дальневосточный банк,Доходный онлайн (ежемесячно),Вклад,843,https://bankiros.ru/bank/dalnevostochny/deposits/vysokij-dohod-onlajn,Нет,Нет,Нет,2025-07-01
1590,186,384,10000.0,349999.0,8.8,Дальневосточный банк,Доходный онлайн (ежемесячно),Вклад,843,https://bankiros.ru/bank/dalnevostochny/deposits/vysokij-dohod-onlajn,Нет,Нет,Нет,2025-07-01
1591,186,384,350000.0,999999.0,10.8,Дальневосточный банк,Доходный онлайн (ежемесячно),Вклад,843,https://bankiros.ru/bank/dalnevostochny/deposits/vysokij-dohod-onlajn,Нет,Нет,Нет,2025-07-01
1592,186,384,1000000.0,999999999.0,10.8,Дальневосточный банк,Доходный онлайн (ежемесячно),Вклад,843,https://bankiros.ru/bank/dalnevostochny/deposits/vysokij-dohod-onlajn,Нет,Нет,Нет,2025-07-01
1593,385,539,10000.0,349999.0,8.4,Дальневосточный банк,Доходный онлайн (ежемесячно),Вклад,843,https://bankiros.ru/bank/dalnevostochny/deposits/vysokij-dohod-onlajn,Нет,Нет,Нет,2025-07-01
1594,385,539,350000.0,999999.0,8.8,Дальневосточный банк,Доходный онлайн (ежемесячно),Вклад,843,https://bankiros.ru/bank/dalnevostochny/deposits/vysokij-dohod-onlajn,Нет,Нет,Нет,2025-07-01
1595,385,539,1000000.0,999999999.0,10.8,Дальневосточный банк,Доходный онлайн (ежемесячно),Вклад,843,https://bankiros.ru/bank/dalnevostochny/deposits/vysokij-dohod-onlajn,Нет,Нет,Нет,2025-07-01
1596,540,9999,10000.0,349999.0,10.8,Дальневосточный банк,Доходный онлайн (ежемесячно),Вклад,843,https://bankiros.ru/bank/dalnevostochny/deposits/vysokij-dohod-onlajn,Нет,Нет,Нет,2025-07-01
1597,540,9999,350000.0,999999.0,8.4,Дальневосточный банк,Доходный онлайн (ежемесячно),Вклад,843,https://bankiros.ru/bank/dalnevostochny/deposits/vysokij-dohod-onlajn,Нет,Нет,Нет,2025-07-01
1598,540,9999,1000000.0,999999999.0,8.8,Дальневосточный банк,Доходный онлайн (ежемесячно),Вклад,843,https://bankiros.ru/bank/dalnevostochny/deposits/vysokij-dohod-onlajn,Нет,Нет,Нет,2025-07-01
1599,93,185,10000.0,349999.0,10.7,Дальневосточный банк,Доходный (ежемесячно),Вклад,843,https://bankiros.ru/bank/dalnevostochny/deposits/vysokij-dohod,Нет,Нет,Нет,2025-07-01
1600,93,185,350000.0,999999.0,10.7,Дальневосточный банк,Доходный (ежемесячно),Вклад,843,https://bankiros.ru/bank/dalnevostochny/deposits/vysokij-dohod,Нет,Нет,Нет,2025-07-01
1601,93,185,1000000.0,999999999.0,8.3,Дальневосточный банк,Доходный (ежемесячно),Вклад,843,https://bankiros.ru/bank/dalnevostochny/deposits/vysokij-dohod,Нет,Нет,Нет,2025-07-01
1602,186,384,10000.0,349999.0,8.7,Дальневосточный банк,Доходный (ежемесячно),Вклад,843,https://bankiros.ru/bank/dalnevostochny/deposits/vysokij-dohod,Нет,Нет,Нет,2025-07-01
1603,186,384,350000.0,999999.0,10.7,Дальневосточный банк,Доходный (ежемесячно),Вклад,843,https://bankiros.ru/bank/dalnevostochny/deposits/vysokij-dohod,Нет,Нет,Нет,2025-07-01
1604,186,384,1000000.0,999999999.0,10.7,Дальневосточный банк,Доходный (ежемесячно),Вклад,843,https://bankiros.ru/bank/dalnevostochny/deposits/vysokij-dohod,Нет,Нет,Нет,2025-07-01
1605,385,539,10000.0,349999.0,8.3,Дальневосточный банк,Доходный (ежемесячно),Вклад,843,https://bankiros.ru/bank/dalnevostochny/deposits/vysokij-dohod,Нет,Нет,Нет,2025-07-01
1606,385,539,350000.0,999999.0,8.7,Дальневосточный банк,Доходный (ежемесячно),Вклад,843,https://bankiros.ru/bank/dalnevostochny/deposits/vysokij-dohod,Нет,Нет,Нет,2025-07-01
1607,385,539,1000000.0,999999999.0,10.7,Дальневосточный банк,Доходный (ежемесячно),Вклад,843,https://bankiros.ru/bank/dalnevostochny/deposits/vysokij-dohod,Нет,Нет,Нет,2025-07-01
1608,540,9999,10000.0,349999.0,10.7,Дальневосточный банк,Доходный (ежемесячно),Вклад,843,https://bankiros.ru/bank/dalnevostochny/deposits/vysokij-dohod,Нет,Нет,Нет,2025-07-01
1609,540,9999,350000.0,999999.0,8.3,Дальневосточный банк,Доходный (ежемесячно),Вклад,843,https://bankiros.ru/bank/dalnevostochny/deposits/vysokij-dohod,Нет,Нет,Нет,2025-07-01
1610,540,9999,1000000.0,999999999.0,8.7,Дальневосточный банк,Доходный (ежемесячно),Вклад,843,https://bankiros.ru/bank/dalnevostochny/deposits/vysokij-dohod,Нет,Нет,Нет,2025-07-01
1611,1,61,0.0,999999999.0,,ЦМРБанк,Накопительный счёт Больше чем счёт,Накопительный счет,3531,https://bankiros.ru/bank/cmrbank/deposits/nakopitelnyj-scet-208,Есть,Есть,Нет,2025-07-01
1612,1,61,1.0,999999.0,12.0,ЦМРБанк,Накопительный счёт Больше чем счёт,Накопительный счет,3531,https://bankiros.ru/bank/cmrbank/deposits/nakopitelnyj-scet-208,Есть,Есть,Нет,2025-07-01
1613,1,61,1000000.0,999999999.0,20.0,ЦМРБанк,Накопительный счёт Больше чем счёт,Накопительный счет,3531,https://bankiros.ru/bank/cmrbank/deposits/nakopitelnyj-scet-208,Есть,Есть,Нет,2025-07-01
1614,62,9999,0.0,999999999.0,,ЦМРБанк,Накопительный счёт Больше чем счёт,Накопительный счет,3531,https://bankiros.ru/bank/cmrbank/deposits/nakopitelnyj-scet-208,Есть,Есть,Нет,2025-07-01
1615,62,9999,1.0,999999.0,12.0,ЦМРБанк,Накопительный счёт Больше чем счёт,Накопительный счет,3531,https://bankiros.ru/bank/cmrbank/deposits/nakopitelnyj-scet-208,Есть,Есть,Нет,2025-07-01
1616,62,9999,1000000.0,999999999.0,12.0,ЦМРБанк,Накопительный счёт Больше чем счёт,Накопительный счет,3531,https://bankiros.ru/bank/cmrbank/deposits/nakopitelnyj-scet-208,Есть,Есть,Нет,2025-07-01
1617,31,90,10000.0,999999999.0,17.5,ЦМРБанк,Доход на максимум (% в конце срока),Вклад,3531,https://bankiros.ru/bank/cmrbank/deposits/dohod-na-maksimum-v-konce-sroka,Нет,Нет,Есть,2025-07-01
1618,91,180,10000.0,999999999.0,18.5,ЦМРБанк,Доход на максимум (% в конце срока),Вклад,3531,https://bankiros.ru/bank/cmrbank/deposits/dohod-na-maksimum-v-konce-sroka,Нет,Нет,Есть,2025-07-01
1619,181,275,10000.0,999999999.0,19.0,ЦМРБанк,Доход на максимум (% в конце срока),Вклад,3531,https://bankiros.ru/bank/cmrbank/deposits/dohod-na-maksimum-v-konce-sroka,Нет,Нет,Есть,2025-07-01
1620,276,366,10000.0,999999999.0,18.75,ЦМРБанк,Доход на максимум (% в конце срока),Вклад,3531,https://bankiros.ru/bank/cmrbank/deposits/dohod-na-maksimum-v-konce-sroka,Нет,Нет,Есть,2025-07-01
1621,367,549,10000.0,999999999.0,18.5,ЦМРБанк,Доход на максимум (% в конце срока),Вклад,3531,https://bankiros.ru/bank/cmrbank/deposits/dohod-na-maksimum-v-konce-sroka,Нет,Нет,Есть,2025-07-01
1622,550,729,10000.0,999999999.0,17.0,ЦМРБанк,Доход на максимум (% в конце срока),Вклад,3531,https://bankiros.ru/bank/cmrbank/deposits/dohod-na-maksimum-v-konce-sroka,Нет,Нет,Есть,2025-07-01
1623,730,1094,10000.0,999999999.0,16.0,ЦМРБанк,Доход на максимум (% в конце срока),Вклад,3531,https://bankiros.ru/bank/cmrbank/deposits/dohod-na-maksimum-v-konce-sroka,Нет,Нет,Есть,2025-07-01
1624,1095,9999,10000.0,999999999.0,14.4,ЦМРБанк,Доход на максимум (% в конце срока),Вклад,3531,https://bankiros.ru/bank/cmrbank/deposits/dohod-na-maksimum-v-konce-sroka,Нет,Нет,Есть,2025-07-01
1625,91,180,10000.0,999999999.0,18.0,ЦМРБанк,Доход на максимум (% ежемесячно),Вклад,3531,https://bankiros.ru/bank/cmrbank/deposits/dohod-na-maksimum-ezemesacno,Нет,Нет,Есть,2025-07-01
1626,181,275,10000.0,999999999.0,18.0,ЦМРБанк,Доход на максимум (% ежемесячно),Вклад,3531,https://bankiros.ru/bank/cmrbank/deposits/dohod-na-maksimum-ezemesacno,Нет,Нет,Есть,2025-07-01
1627,276,366,10000.0,999999999.0,17.5,ЦМРБанк,Доход на максимум (% ежемесячно),Вклад,3531,https://bankiros.ru/bank/cmrbank/deposits/dohod-na-maksimum-ezemesacno,Нет,Нет,Есть,2025-07-01
1628,367,549,10000.0,999999999.0,17.0,ЦМРБанк,Доход на максимум (% ежемесячно),Вклад,3531,https://bankiros.ru/bank/cmrbank/deposits/dohod-na-maksimum-ezemesacno,Нет,Нет,Есть,2025-07-01
1629,550,729,10000.0,999999999.0,15.1,ЦМРБанк,Доход на максимум (% ежемесячно),Вклад,3531,https://bankiros.ru/bank/cmrbank/deposits/dohod-na-maksimum-ezemesacno,Нет,Нет,Есть,2025-07-01
1630,730,1094,10000.0,999999999.0,13.9,ЦМРБанк,Доход на максимум (% ежемесячно),Вклад,3531,https://bankiros.ru/bank/cmrbank/deposits/dohod-na-maksimum-ezemesacno,Нет,Нет,Есть,2025-07-01
1631,1095,9999,10000.0,999999999.0,12.0,ЦМРБанк,Доход на максимум (% ежемесячно),Вклад,3531,https://bankiros.ru/bank/cmrbank/deposits/dohod-na-maksimum-ezemesacno,Нет,Нет,Есть,2025-07-01
1632,91,180,30000.0,299999.0,14.2,ЦМРБанк,Комфортный (% в конце срока),Вклад,3531,https://bankiros.ru/bank/cmrbank/deposits/komfortnyj-31,Есть,Есть,Есть,2025-07-01
1633,91,180,300000.0,1399999.0,15.0,ЦМРБанк,Комфортный (% в конце срока),Вклад,3531,https://bankiros.ru/bank/cmrbank/deposits/komfortnyj-31,Есть,Есть,Есть,2025-07-01
1634,91,180,1400000.0,999999999.0,10.5,ЦМРБанк,Комфортный (% в конце срока),Вклад,3531,https://bankiros.ru/bank/cmrbank/deposits/komfortnyj-31,Есть,Есть,Есть,2025-07-01
1635,181,366,30000.0,299999.0,15.2,ЦМРБанк,Комфортный (% в конце срока),Вклад,3531,https://bankiros.ru/bank/cmrbank/deposits/komfortnyj-31,Есть,Есть,Есть,2025-07-01
1636,181,366,300000.0,1399999.0,16.0,ЦМРБанк,Комфортный (% в конце срока),Вклад,3531,https://bankiros.ru/bank/cmrbank/deposits/komfortnyj-31,Есть,Есть,Есть,2025-07-01
1637,181,366,1400000.0,999999999.0,11.0,ЦМРБанк,Комфортный (% в конце срока),Вклад,3531,https://bankiros.ru/bank/cmrbank/deposits/komfortnyj-31,Есть,Есть,Есть,2025-07-01
1638,367,9999,30000.0,299999.0,16.2,ЦМРБанк,Комфортный (% в конце срока),Вклад,3531,https://bankiros.ru/bank/cmrbank/deposits/komfortnyj-31,Есть,Есть,Есть,2025-07-01
1639,367,9999,300000.0,1399999.0,17.0,ЦМРБанк,Комфортный (% в конце срока),Вклад,3531,https://bankiros.ru/bank/cmrbank/deposits/komfortnyj-31,Есть,Есть,Есть,2025-07-01
1640,367,9999,1400000.0,999999999.0,11.5,ЦМРБанк,Комфортный (% в конце срока),Вклад,3531,https://bankiros.ru/bank/cmrbank/deposits/komfortnyj-31,Есть,Есть,Есть,2025-07-01
1641,91,180,30000.0,299999.0,14.0,ЦМРБанк,Комфортный (% ежемесячно),Вклад,3531,https://bankiros.ru/bank/cmrbank/deposits/komfortnyj-15,Есть,Есть,Есть,2025-07-01
1642,91,180,300000.0,1399999.0,14.5,ЦМРБанк,Комфортный (% ежемесячно),Вклад,3531,https://bankiros.ru/bank/cmrbank/deposits/komfortnyj-15,Есть,Есть,Есть,2025-07-01
1643,91,180,1400000.0,999999999.0,10.0,ЦМРБанк,Комфортный (% ежемесячно),Вклад,3531,https://bankiros.ru/bank/cmrbank/deposits/komfortnyj-15,Есть,Есть,Есть,2025-07-01
1644,181,366,30000.0,299999.0,15.0,ЦМРБанк,Комфортный (% ежемесячно),Вклад,3531,https://bankiros.ru/bank/cmrbank/deposits/komfortnyj-15,Есть,Есть,Есть,2025-07-01
1645,181,366,300000.0,1399999.0,15.5,ЦМРБанк,Комфортный (% ежемесячно),Вклад,3531,https://bankiros.ru/bank/cmrbank/deposits/komfortnyj-15,Есть,Есть,Есть,2025-07-01
1646,181,366,1400000.0,999999999.0,10.5,ЦМРБанк,Комфортный (% ежемесячно),Вклад,3531,https://bankiros.ru/bank/cmrbank/deposits/komfortnyj-15,Есть,Есть,Есть,2025-07-01
1647,367,9999,30000.0,299999.0,16.0,ЦМРБанк,Комфортный (% ежемесячно),Вклад,3531,https://bankiros.ru/bank/cmrbank/deposits/komfortnyj-15,Есть,Есть,Есть,2025-07-01
1648,367,9999,300000.0,1399999.0,16.5,ЦМРБанк,Комфортный (% ежемесячно),Вклад,3531,https://bankiros.ru/bank/cmrbank/deposits/komfortnyj-15,Есть,Есть,Есть,2025-07-01
1649,367,9999,1400000.0,999999999.0,11.0,ЦМРБанк,Комфортный (% ежемесячно),Вклад,3531,https://bankiros.ru/bank/cmrbank/deposits/komfortnyj-15,Есть,Есть,Есть,2025-07-01
1650,1,9999,0.0,999999999.0,11.1,Ак Барс Банк,Доходный+,Вклад,2590,https://bankiros.ru/bank/akbars/deposits/dohodnyj-149,Есть,Есть,Нет,2025-07-01
1651,1,9999,1.0,10000.0,3.0,Ак Барс Банк,Доходный,Вклад,2590,https://bankiros.ru/bank/akbars/deposits/dohodnyj-101,Есть,Есть,Нет,2025-07-01
1652,1,9999,10001.0,50000.0,12.6,Ак Барс Банк,Доходный,Вклад,2590,https://bankiros.ru/bank/akbars/deposits/dohodnyj-101,Есть,Есть,Нет,2025-07-01
1653,1,9999,50001.0,100000.0,12.6,Ак Барс Банк,Доходный,Вклад,2590,https://bankiros.ru/bank/akbars/deposits/dohodnyj-101,Есть,Есть,Нет,2025-07-01
1654,1,9999,100001.0,500000.0,12.6,Ак Барс Банк,Доходный,Вклад,2590,https://bankiros.ru/bank/akbars/deposits/dohodnyj-101,Есть,Есть,Нет,2025-07-01
1655,1,9999,500001.0,1000000.0,14.6,Ак Барс Банк,Доходный,Вклад,2590,https://bankiros.ru/bank/akbars/deposits/dohodnyj-101,Есть,Есть,Нет,2025-07-01
1656,1,9999,1000010.0,10000000.0,14.6,Ак Барс Банк,Доходный,Вклад,2590,https://bankiros.ru/bank/akbars/deposits/dohodnyj-101,Есть,Есть,Нет,2025-07-01
1657,1,9999,10000000.0,999999999.0,10.8,Ак Барс Банк,Доходный,Вклад,2590,https://bankiros.ru/bank/akbars/deposits/dohodnyj-101,Есть,Есть,Нет,2025-07-01
1658,91,180,10000.0,5000000.0,9.5,Ак Барс Банк,Просто накопить,Вклад,2590,https://bankiros.ru/bank/akbars/deposits/prosto-nakopit,Есть,Нет,Есть,2025-07-01
1659,181,369,10000.0,5000000.0,10.0,Ак Барс Банк,Просто накопить,Вклад,2590,https://bankiros.ru/bank/akbars/deposits/prosto-nakopit,Есть,Нет,Есть,2025-07-01
1660,370,719,10000.0,5000000.0,8.5,Ак Барс Банк,Просто накопить,Вклад,2590,https://bankiros.ru/bank/akbars/deposits/prosto-nakopit,Есть,Нет,Есть,2025-07-01
1661,720,9999,10000.0,5000000.0,7.95,Ак Барс Банк,Просто накопить,Вклад,2590,https://bankiros.ru/bank/akbars/deposits/prosto-nakopit,Есть,Нет,Есть,2025-07-01
1662,31,90,10000.0,5000000.0,5.5,Ак Барс Банк,Просто поймать момент,Вклад,2590,https://bankiros.ru/bank/akbars/deposits/prosto-poymat-moment,Нет,Нет,Есть,2025-07-01
1663,91,180,10000.0,5000000.0,6.6,Ак Барс Банк,Просто поймать момент,Вклад,2590,https://bankiros.ru/bank/akbars/deposits/prosto-poymat-moment,Нет,Нет,Есть,2025-07-01
1664,181,369,10000.0,5000000.0,6.8,Ак Барс Банк,Просто поймать момент,Вклад,2590,https://bankiros.ru/bank/akbars/deposits/prosto-poymat-moment,Нет,Нет,Есть,2025-07-01
1665,370,719,10000.0,5000000.0,7.1,Ак Барс Банк,Просто поймать момент,Вклад,2590,https://bankiros.ru/bank/akbars/deposits/prosto-poymat-moment,Нет,Нет,Есть,2025-07-01
1666,720,1099,10000.0,5000000.0,7.2,Ак Барс Банк,Просто поймать момент,Вклад,2590,https://bankiros.ru/bank/akbars/deposits/prosto-poymat-moment,Нет,Нет,Есть,2025-07-01
1667,1100,9999,10000.0,5000000.0,9.2,Ак Барс Банк,Просто поймать момент,Вклад,2590,https://bankiros.ru/bank/akbars/deposits/prosto-poymat-moment,Нет,Нет,Есть,2025-07-01
1668,91,180,10000.0,5000000.0,8.2,Ак Барс Банк,Просто управлять,Вклад,2590,https://bankiros.ru/bank/akbars/deposits/prosto-upravlyat,Есть,Есть,Есть,2025-07-01
1669,181,369,10000.0,5000000.0,7.3,Ак Барс Банк,Просто управлять,Вклад,2590,https://bankiros.ru/bank/akbars/deposits/prosto-upravlyat,Есть,Есть,Есть,2025-07-01
1670,370,719,10000.0,5000000.0,6.9,Ак Барс Банк,Просто управлять,Вклад,2590,https://bankiros.ru/bank/akbars/deposits/prosto-upravlyat,Есть,Есть,Есть,2025-07-01
1671,720,9999,10000.0,5000000.0,6.7,Ак Барс Банк,Просто управлять,Вклад,2590,https://bankiros.ru/bank/akbars/deposits/prosto-upravlyat,Есть,Есть,Есть,2025-07-01
1672,181,9999,500000.0,999999999.0,20.0,Банк Саратов,Высокий плюс,Вклад,330,https://bankiros.ru/bank/bank-saratov/deposits/vysokij-84,Нет,Нет,Нет,2025-07-01
1673,91,9999,3000000.0,999999999.0,19.5,Банк Саратов,Лучший,Вклад,330,https://bankiros.ru/bank/bank-saratov/deposits/lucsij-21,Нет,Нет,Нет,2025-07-01
1674,181,9999,500000.0,999999999.0,19.0,Банк Саратов,Высокий,Вклад,330,https://bankiros.ru/bank/bank-saratov/deposits/vysokij,Нет,Нет,Нет,2025-07-01
1675,365,9999,50000.0,499999.0,17.0,Банк Саратов,Копилка Плюс,Вклад,330,https://bankiros.ru/bank/bank-saratov/deposits/kopilka-plus,Есть,Нет,Есть,2025-07-01
1676,365,9999,500000.0,999999999.0,18.0,Банк Саратов,Копилка Плюс,Вклад,330,https://bankiros.ru/bank/bank-saratov/deposits/kopilka-plus,Есть,Нет,Есть,2025-07-01
1677,91,9999,10000.0,999999999.0,16.0,Банк Саратов,Мобильный,Вклад,330,https://bankiros.ru/bank/bank-saratov/deposits/mobilnyj-13,Есть,Есть,Есть,2025-07-01
1678,1,9999,1.0,1400000.0,7.5,Банк Саратов,Накопительный счет,Накопительный счет,330,https://bankiros.ru/bank/bank-saratov/deposits/nakopitelnyj-scet-132,Есть,Есть,Нет,2025-07-01
1679,10000000,9999,0.0,999999999.0,,Банк Саратов,Накопительный счет Премиум,Накопительный счет,330,https://bankiros.ru/bank/bank-saratov/deposits/nakopitelnyj-scet-premium,Есть,Есть,Нет,2025-07-01
1680,91,180,50000.0,999999999.0,19.5,Таврический,Таврический Максимум,Вклад,2304,https://bankiros.ru/bank/tavrichesky/deposits/tavricheskiy-maksimum,Нет,Нет,Нет,2025-07-01
1681,181,273,50000.0,999999999.0,19.8,Таврический,Таврический Максимум,Вклад,2304,https://bankiros.ru/bank/tavrichesky/deposits/tavricheskiy-maksimum,Нет,Нет,Нет,2025-07-01
1682,274,366,50000.0,999999999.0,19.2,Таврический,Таврический Максимум,Вклад,2304,https://bankiros.ru/bank/tavrichesky/deposits/tavricheskiy-maksimum,Нет,Нет,Нет,2025-07-01
1683,367,547,50000.0,999999999.0,19.3,Таврический,Таврический Максимум,Вклад,2304,https://bankiros.ru/bank/tavrichesky/deposits/tavricheskiy-maksimum,Нет,Нет,Нет,2025-07-01
1684,548,729,50000.0,999999999.0,6.3,Таврический,Таврический Максимум,Вклад,2304,https://bankiros.ru/bank/tavrichesky/deposits/tavricheskiy-maksimum,Нет,Нет,Нет,2025-07-01
1685,730,1094,50000.0,999999999.0,6.3,Таврический,Таврический Максимум,Вклад,2304,https://bankiros.ru/bank/tavrichesky/deposits/tavricheskiy-maksimum,Нет,Нет,Нет,2025-07-01
1686,1095,9999,50000.0,999999999.0,6.3,Таврический,Таврический Максимум,Вклад,2304,https://bankiros.ru/bank/tavrichesky/deposits/tavricheskiy-maksimum,Нет,Нет,Нет,2025-07-01
1687,31,90,50000.0,999999999.0,16.0,Таврический,Яркий,Вклад,2304,https://bankiros.ru/bank/tavrichesky/deposits/arkij,Нет,Нет,Есть,2025-07-01
1688,91,9999,50000.0,999999999.0,19.7,Таврический,Яркий,Вклад,2304,https://bankiros.ru/bank/tavrichesky/deposits/arkij,Нет,Нет,Есть,2025-07-01
1689,367,547,50000.0,999999999.0,19.5,Таврический,Таврический Ключевой,Вклад,2304,https://bankiros.ru/bank/tavrichesky/deposits/tavriceskij-klucevoj,Нет,Нет,Нет,2025-07-01
1690,548,729,50000.0,999999999.0,19.5,Таврический,Таврический Ключевой,Вклад,2304,https://bankiros.ru/bank/tavrichesky/deposits/tavriceskij-klucevoj,Нет,Нет,Нет,2025-07-01
1691,730,1094,50000.0,999999999.0,19.5,Таврический,Таврический Ключевой,Вклад,2304,https://bankiros.ru/bank/tavrichesky/deposits/tavriceskij-klucevoj,Нет,Нет,Нет,2025-07-01
1692,1095,9999,50000.0,999999999.0,19.5,Таврический,Таврический Ключевой,Вклад,2304,https://bankiros.ru/bank/tavrichesky/deposits/tavriceskij-klucevoj,Нет,Нет,Нет,2025-07-01
1693,91,180,50000.0,999999999.0,19.2,Таврический,Оптимальный,Вклад,2304,https://bankiros.ru/bank/tavrichesky/deposits/optimalnyy,Нет,Нет,Нет,2025-07-01
1694,181,273,50000.0,999999999.0,19.5,Таврический,Оптимальный,Вклад,2304,https://bankiros.ru/bank/tavrichesky/deposits/optimalnyy,Нет,Нет,Нет,2025-07-01
1695,274,366,50000.0,999999999.0,19.0,Таврический,Оптимальный,Вклад,2304,https://bankiros.ru/bank/tavrichesky/deposits/optimalnyy,Нет,Нет,Нет,2025-07-01
1696,367,547,50000.0,999999999.0,18.8,Таврический,Оптимальный,Вклад,2304,https://bankiros.ru/bank/tavrichesky/deposits/optimalnyy,Нет,Нет,Нет,2025-07-01
1697,548,729,50000.0,999999999.0,6.0,Таврический,Оптимальный,Вклад,2304,https://bankiros.ru/bank/tavrichesky/deposits/optimalnyy,Нет,Нет,Нет,2025-07-01
1698,730,1094,50000.0,999999999.0,6.0,Таврический,Оптимальный,Вклад,2304,https://bankiros.ru/bank/tavrichesky/deposits/optimalnyy,Нет,Нет,Нет,2025-07-01
1699,1095,9999,50000.0,999999999.0,6.0,Таврический,Оптимальный,Вклад,2304,https://bankiros.ru/bank/tavrichesky/deposits/optimalnyy,Нет,Нет,Нет,2025-07-01
1700,91,180,50000.0,999999999.0,16.0,Таврический,Достижимый онлайн,Вклад,2304,https://bankiros.ru/bank/tavrichesky/deposits/dostizimyj-otkrytie-onlajn,Есть,Нет,Нет,2025-07-01
1701,181,273,50000.0,999999999.0,15.0,Таврический,Достижимый онлайн,Вклад,2304,https://bankiros.ru/bank/tavrichesky/deposits/dostizimyj-otkrytie-onlajn,Есть,Нет,Нет,2025-07-01
1702,274,366,50000.0,999999999.0,12.1,Таврический,Достижимый онлайн,Вклад,2304,https://bankiros.ru/bank/tavrichesky/deposits/dostizimyj-otkrytie-onlajn,Есть,Нет,Нет,2025-07-01
1703,367,547,50000.0,999999999.0,12.2,Таврический,Достижимый онлайн,Вклад,2304,https://bankiros.ru/bank/tavrichesky/deposits/dostizimyj-otkrytie-onlajn,Есть,Нет,Нет,2025-07-01
1704,548,729,50000.0,999999999.0,5.9,Таврический,Достижимый онлайн,Вклад,2304,https://bankiros.ru/bank/tavrichesky/deposits/dostizimyj-otkrytie-onlajn,Есть,Нет,Нет,2025-07-01
1705,730,1094,50000.0,999999999.0,5.9,Таврический,Достижимый онлайн,Вклад,2304,https://bankiros.ru/bank/tavrichesky/deposits/dostizimyj-otkrytie-onlajn,Есть,Нет,Нет,2025-07-01
1706,1095,9999,50000.0,999999999.0,5.9,Таврический,Достижимый онлайн,Вклад,2304,https://bankiros.ru/bank/tavrichesky/deposits/dostizimyj-otkrytie-onlajn,Есть,Нет,Нет,2025-07-01
1707,91,180,50000.0,999999999.0,15.9,Таврический,Достижимый,Вклад,2304,https://bankiros.ru/bank/tavrichesky/deposits/dostizimyj,Есть,Нет,Нет,2025-07-01
1708,181,273,50000.0,999999999.0,14.9,Таврический,Достижимый,Вклад,2304,https://bankiros.ru/bank/tavrichesky/deposits/dostizimyj,Есть,Нет,Нет,2025-07-01
1709,274,366,50000.0,999999999.0,12.0,Таврический,Достижимый,Вклад,2304,https://bankiros.ru/bank/tavrichesky/deposits/dostizimyj,Есть,Нет,Нет,2025-07-01
1710,367,547,50000.0,999999999.0,12.1,Таврический,Достижимый,Вклад,2304,https://bankiros.ru/bank/tavrichesky/deposits/dostizimyj,Есть,Нет,Нет,2025-07-01
1711,548,729,50000.0,999999999.0,5.8,Таврический,Достижимый,Вклад,2304,https://bankiros.ru/bank/tavrichesky/deposits/dostizimyj,Есть,Нет,Нет,2025-07-01
1712,730,1094,50000.0,999999999.0,5.8,Таврический,Достижимый,Вклад,2304,https://bankiros.ru/bank/tavrichesky/deposits/dostizimyj,Есть,Нет,Нет,2025-07-01
1713,1095,9999,50000.0,999999999.0,5.8,Таврический,Достижимый,Вклад,2304,https://bankiros.ru/bank/tavrichesky/deposits/dostizimyj,Есть,Нет,Нет,2025-07-01
1714,91,180,50000.0,999999999.0,15.0,Таврический,Накопительный онлайн,Накопительный счет,2304,https://bankiros.ru/bank/tavrichesky/deposits/nakopitelnyj-otkrytie-onlajn,Есть,Есть,Нет,2025-07-01
1715,181,273,50000.0,999999999.0,14.0,Таврический,Накопительный онлайн,Накопительный счет,2304,https://bankiros.ru/bank/tavrichesky/deposits/nakopitelnyj-otkrytie-onlajn,Есть,Есть,Нет,2025-07-01
1716,274,366,50000.0,999999999.0,11.1,Таврический,Накопительный онлайн,Накопительный счет,2304,https://bankiros.ru/bank/tavrichesky/deposits/nakopitelnyj-otkrytie-onlajn,Есть,Есть,Нет,2025-07-01
1717,367,547,50000.0,999999999.0,11.2,Таврический,Накопительный онлайн,Накопительный счет,2304,https://bankiros.ru/bank/tavrichesky/deposits/nakopitelnyj-otkrytie-onlajn,Есть,Есть,Нет,2025-07-01
1718,548,729,50000.0,999999999.0,4.7,Таврический,Накопительный онлайн,Накопительный счет,2304,https://bankiros.ru/bank/tavrichesky/deposits/nakopitelnyj-otkrytie-onlajn,Есть,Есть,Нет,2025-07-01
1719,730,1094,50000.0,999999999.0,4.6,Таврический,Накопительный онлайн,Накопительный счет,2304,https://bankiros.ru/bank/tavrichesky/deposits/nakopitelnyj-otkrytie-onlajn,Есть,Есть,Нет,2025-07-01
1720,1095,9999,50000.0,999999999.0,4.4,Таврический,Накопительный онлайн,Накопительный счет,2304,https://bankiros.ru/bank/tavrichesky/deposits/nakopitelnyj-otkrytie-onlajn,Есть,Есть,Нет,2025-07-01
1721,91,180,50000.0,999999999.0,14.9,Таврический,Накопительный,Накопительный счет,2304,https://bankiros.ru/bank/tavrichesky/deposits/nakopitelnyj-7,Есть,Есть,Нет,2025-07-01
1722,181,273,50000.0,999999999.0,13.9,Таврический,Накопительный,Накопительный счет,2304,https://bankiros.ru/bank/tavrichesky/deposits/nakopitelnyj-7,Есть,Есть,Нет,2025-07-01
1723,274,366,50000.0,999999999.0,11.0,Таврический,Накопительный,Накопительный счет,2304,https://bankiros.ru/bank/tavrichesky/deposits/nakopitelnyj-7,Есть,Есть,Нет,2025-07-01
1724,367,547,50000.0,999999999.0,11.1,Таврический,Накопительный,Накопительный счет,2304,https://bankiros.ru/bank/tavrichesky/deposits/nakopitelnyj-7,Есть,Есть,Нет,2025-07-01
1725,548,729,50000.0,999999999.0,4.6,Таврический,Накопительный,Накопительный счет,2304,https://bankiros.ru/bank/tavrichesky/deposits/nakopitelnyj-7,Есть,Есть,Нет,2025-07-01
1726,730,1094,50000.0,999999999.0,4.5,Таврический,Накопительный,Накопительный счет,2304,https://bankiros.ru/bank/tavrichesky/deposits/nakopitelnyj-7,Есть,Есть,Нет,2025-07-01
1727,1095,9999,50000.0,999999999.0,4.3,Таврический,Накопительный,Накопительный счет,2304,https://bankiros.ru/bank/tavrichesky/deposits/nakopitelnyj-7,Есть,Есть,Нет,2025-07-01
1728,91,180,50000.0,999999999.0,14.0,Таврический,Удобный+ онлайн,Вклад,2304,https://bankiros.ru/bank/tavrichesky/deposits/udobnyj-otkrytie-onlajn,Есть,Есть,Нет,2025-07-01
1729,181,273,50000.0,999999999.0,13.0,Таврический,Удобный+ онлайн,Вклад,2304,https://bankiros.ru/bank/tavrichesky/deposits/udobnyj-otkrytie-onlajn,Есть,Есть,Нет,2025-07-01
1730,274,366,50000.0,999999999.0,10.1,Таврический,Удобный+ онлайн,Вклад,2304,https://bankiros.ru/bank/tavrichesky/deposits/udobnyj-otkrytie-onlajn,Есть,Есть,Нет,2025-07-01
1731,367,547,50000.0,999999999.0,10.2,Таврический,Удобный+ онлайн,Вклад,2304,https://bankiros.ru/bank/tavrichesky/deposits/udobnyj-otkrytie-onlajn,Есть,Есть,Нет,2025-07-01
1732,548,729,50000.0,999999999.0,4.6,Таврический,Удобный+ онлайн,Вклад,2304,https://bankiros.ru/bank/tavrichesky/deposits/udobnyj-otkrytie-onlajn,Есть,Есть,Нет,2025-07-01
1733,730,1094,50000.0,999999999.0,4.4,Таврический,Удобный+ онлайн,Вклад,2304,https://bankiros.ru/bank/tavrichesky/deposits/udobnyj-otkrytie-onlajn,Есть,Есть,Нет,2025-07-01
1734,1095,9999,50000.0,999999999.0,4.1,Таврический,Удобный+ онлайн,Вклад,2304,https://bankiros.ru/bank/tavrichesky/deposits/udobnyj-otkrytie-onlajn,Есть,Есть,Нет,2025-07-01
1735,91,180,50000.0,999999999.0,13.9,Таврический,Удобный+,Вклад,2304,https://bankiros.ru/bank/tavrichesky/deposits/udobnyj-2,Есть,Есть,Нет,2025-07-01
1736,181,273,50000.0,999999999.0,12.9,Таврический,Удобный+,Вклад,2304,https://bankiros.ru/bank/tavrichesky/deposits/udobnyj-2,Есть,Есть,Нет,2025-07-01
1737,274,366,50000.0,999999999.0,10.0,Таврический,Удобный+,Вклад,2304,https://bankiros.ru/bank/tavrichesky/deposits/udobnyj-2,Есть,Есть,Нет,2025-07-01
1738,367,547,50000.0,999999999.0,10.1,Таврический,Удобный+,Вклад,2304,https://bankiros.ru/bank/tavrichesky/deposits/udobnyj-2,Есть,Есть,Нет,2025-07-01
1739,548,729,50000.0,999999999.0,4.5,Таврический,Удобный+,Вклад,2304,https://bankiros.ru/bank/tavrichesky/deposits/udobnyj-2,Есть,Есть,Нет,2025-07-01
1740,730,1094,50000.0,999999999.0,4.3,Таврический,Удобный+,Вклад,2304,https://bankiros.ru/bank/tavrichesky/deposits/udobnyj-2,Есть,Есть,Нет,2025-07-01
1741,1095,9999,50000.0,999999999.0,4.0,Таврический,Удобный+,Вклад,2304,https://bankiros.ru/bank/tavrichesky/deposits/udobnyj-2,Есть,Есть,Нет,2025-07-01
1742,1,9999,1.0,15000.0,0.01,Таврический,Накопительный счет,Накопительный счет,2304,https://bankiros.ru/bank/tavrichesky/deposits/nakopitelnyj-scet-100,Есть,Есть,Нет,2025-07-01
1743,1,9999,15001.0,750000.0,6.0,Таврический,Накопительный счет,Накопительный счет,2304,https://bankiros.ru/bank/tavrichesky/deposits/nakopitelnyj-scet-100,Есть,Есть,Нет,2025-07-01
1744,1,9999,750001.0,1500000.0,8.0,Таврический,Накопительный счет,Накопительный счет,2304,https://bankiros.ru/bank/tavrichesky/deposits/nakopitelnyj-scet-100,Есть,Есть,Нет,2025-07-01
1745,1,9999,1500010.0,999999999.0,4.0,Таврический,Накопительный счет,Накопительный счет,2304,https://bankiros.ru/bank/tavrichesky/deposits/nakopitelnyj-scet-100,Есть,Есть,Нет,2025-07-01
1746,91,180,50000.0,999999999.0,7.0,Таврический,Особый,Вклад,2304,https://bankiros.ru/bank/tavrichesky/deposits/osobyj-10,Нет,Нет,Нет,2025-07-01
1747,181,273,50000.0,999999999.0,7.7,Таврический,Особый,Вклад,2304,https://bankiros.ru/bank/tavrichesky/deposits/osobyj-10,Нет,Нет,Нет,2025-07-01
1748,274,366,50000.0,999999999.0,7.35,Таврический,Особый,Вклад,2304,https://bankiros.ru/bank/tavrichesky/deposits/osobyj-10,Нет,Нет,Нет,2025-07-01
1749,367,547,50000.0,999999999.0,7.9,Таврический,Особый,Вклад,2304,https://bankiros.ru/bank/tavrichesky/deposits/osobyj-10,Нет,Нет,Нет,2025-07-01
1750,548,729,50000.0,999999999.0,5.9,Таврический,Особый,Вклад,2304,https://bankiros.ru/bank/tavrichesky/deposits/osobyj-10,Нет,Нет,Нет,2025-07-01
1751,730,1094,50000.0,999999999.0,5.9,Таврический,Особый,Вклад,2304,https://bankiros.ru/bank/tavrichesky/deposits/osobyj-10,Нет,Нет,Нет,2025-07-01
1752,1095,9999,50000.0,999999999.0,5.9,Таврический,Особый,Вклад,2304,https://bankiros.ru/bank/tavrichesky/deposits/osobyj-10,Нет,Нет,Нет,2025-07-01
1753,1,181,10000.0,999999999.0,19.6,Первоуральскбанк,Первоуралец,Вклад,965,https://bankiros.ru/bank/pervouralskbank/deposits/pervouralec,Нет,Есть,Нет,2025-07-01
1754,182,367,10000.0,999999999.0,17.3,Первоуральскбанк,Первоуралец,Вклад,965,https://bankiros.ru/bank/pervouralskbank/deposits/pervouralec,Нет,Есть,Нет,2025-07-01
1755,368,734,10000.0,999999999.0,5.5,Первоуральскбанк,Первоуралец,Вклад,965,https://bankiros.ru/bank/pervouralskbank/deposits/pervouralec,Нет,Есть,Нет,2025-07-01
1756,735,1095,10000.0,999999999.0,4.5,Первоуральскбанк,Первоуралец,Вклад,965,https://bankiros.ru/bank/pervouralskbank/deposits/pervouralec,Нет,Есть,Нет,2025-07-01
1757,1,181,10000.0,999999999.0,19.6,Первоуральскбанк,Точный расчет,Вклад,965,https://bankiros.ru/bank/pervouralskbank/deposits/tocnyj-rascet-3,Нет,Есть,Есть,2025-07-01
1758,182,367,10000.0,999999999.0,17.3,Первоуральскбанк,Точный расчет,Вклад,965,https://bankiros.ru/bank/pervouralskbank/deposits/tocnyj-rascet-3,Нет,Есть,Есть,2025-07-01
1759,368,734,10000.0,999999999.0,5.4,Первоуральскбанк,Точный расчет,Вклад,965,https://bankiros.ru/bank/pervouralskbank/deposits/tocnyj-rascet-3,Нет,Есть,Есть,2025-07-01
1760,735,1095,10000.0,999999999.0,4.4,Первоуральскбанк,Точный расчет,Вклад,965,https://bankiros.ru/bank/pervouralskbank/deposits/tocnyj-rascet-3,Нет,Есть,Есть,2025-07-01
1761,181,366,100000.0,50000000.0,18.75,Первоуральскбанк,Премиальный,Вклад,965,https://bankiros.ru/bank/pervouralskbank/deposits/premialnyj-18,Нет,Нет,Нет,2025-07-01
1762,367,544,100000.0,50000000.0,18.6,Первоуральскбанк,Премиальный,Вклад,965,https://bankiros.ru/bank/pervouralskbank/deposits/premialnyj-18,Нет,Нет,Нет,2025-07-01
1763,545,729,100000.0,50000000.0,17.15,Первоуральскбанк,Премиальный,Вклад,965,https://bankiros.ru/bank/pervouralskbank/deposits/premialnyj-18,Нет,Нет,Нет,2025-07-01
1764,730,1094,100000.0,50000000.0,17.15,Первоуральскбанк,Премиальный,Вклад,965,https://bankiros.ru/bank/pervouralskbank/deposits/premialnyj-18,Нет,Нет,Нет,2025-07-01
1765,1095,9999,100000.0,50000000.0,17.1,Первоуральскбанк,Премиальный,Вклад,965,https://bankiros.ru/bank/pervouralskbank/deposits/premialnyj-18,Нет,Нет,Нет,2025-07-01
1766,1,9999,0.0,999999999.0,0.2,Первоуральскбанк,До востребования,Вклад,965,https://bankiros.ru/bank/pervouralskbank/deposits/do-vostrebovania-197,Нет,Есть,Нет,2025-07-01
1767,100,199,50000.0,5000000.0,19.6,НС Банк,Воплощай мечту,Вклад,3124,https://bankiros.ru/bank/nsbank/deposits/sezonnyj-61,Нет,Нет,Нет,2025-07-01
1768,200,9999,50000.0,5000000.0,15.1,НС Банк,Воплощай мечту,Вклад,3124,https://bankiros.ru/bank/nsbank/deposits/sezonnyj-61,Нет,Нет,Нет,2025-07-01
1769,30,59,10000.0,999999999.0,17.0,НС Банк,Достигай,Вклад,3124,https://bankiros.ru/bank/nsbank/deposits/sezonnyj-73,Нет,Нет,Нет,2025-07-01
1770,60,99,10000.0,999999999.0,19.8,НС Банк,Достигай,Вклад,3124,https://bankiros.ru/bank/nsbank/deposits/sezonnyj-73,Нет,Нет,Нет,2025-07-01
1771,100,149,10000.0,999999999.0,19.5,НС Банк,Достигай,Вклад,3124,https://bankiros.ru/bank/nsbank/deposits/sezonnyj-73,Нет,Нет,Нет,2025-07-01
1772,150,199,10000.0,999999999.0,16.0,НС Банк,Достигай,Вклад,3124,https://bankiros.ru/bank/nsbank/deposits/sezonnyj-73,Нет,Нет,Нет,2025-07-01
1773,200,9999,10000.0,999999999.0,15.0,НС Банк,Достигай,Вклад,3124,https://bankiros.ru/bank/nsbank/deposits/sezonnyj-73,Нет,Нет,Нет,2025-07-01
1774,1,9999,10000.0,500000.0,14.0,НС Банк,Накопительный счет,Накопительный счет,3124,https://bankiros.ru/bank/nsbank/deposits/nakopitelnyj-scet-126,Есть,Есть,Нет,2025-07-01
1775,1,9999,500001.0,1000000.0,15.0,НС Банк,Накопительный счет,Накопительный счет,3124,https://bankiros.ru/bank/nsbank/deposits/nakopitelnyj-scet-126,Есть,Есть,Нет,2025-07-01
1776,1,9999,1000010.0,1500000.0,16.0,НС Банк,Накопительный счет,Накопительный счет,3124,https://bankiros.ru/bank/nsbank/deposits/nakopitelnyj-scet-126,Есть,Есть,Нет,2025-07-01
1777,1,9999,1500010.0,999999999.0,0.01,НС Банк,Накопительный счет,Накопительный счет,3124,https://bankiros.ru/bank/nsbank/deposits/nakopitelnyj-scet-126,Есть,Есть,Нет,2025-07-01
1778,181,366,10000.0,999999999.0,14.0,НС Банк,Управляй,Вклад,3124,https://bankiros.ru/bank/nsbank/deposits/upravlaemyj-procent,Есть,Есть,Нет,2025-07-01
1779,367,9999,10000.0,999999999.0,12.0,НС Банк,Управляй,Вклад,3124,https://bankiros.ru/bank/nsbank/deposits/upravlaemyj-procent,Есть,Есть,Нет,2025-07-01
1780,400,9999,50000.0,10000000.0,13.0,НС Банк,Золотой ключик,Вклад,3124,https://bankiros.ru/bank/nsbank/deposits/zolotoj-klucik,Нет,Нет,Нет,2025-07-01
1781,400,9999,10000000.0,999999999.0,13.5,НС Банк,Золотой ключик,Вклад,3124,https://bankiros.ru/bank/nsbank/deposits/zolotoj-klucik,Нет,Нет,Нет,2025-07-01
1782,367,9999,10000.0,999999999.0,13.0,НС Банк,Накопи,Вклад,3124,https://bankiros.ru/bank/nsbank/deposits/nakopi-56,Нет,Нет,Нет,2025-07-01
1783,91,180,50000.0,999999999.0,19.0,НС Банк,НС Пенсионный,Вклад,3124,https://bankiros.ru/bank/nsbank/deposits/ns-pensionnyj,Есть,Нет,Нет,2025-07-01
1784,181,366,50000.0,999999999.0,16.0,НС Банк,НС Пенсионный,Вклад,3124,https://bankiros.ru/bank/nsbank/deposits/ns-pensionnyj,Есть,Нет,Нет,2025-07-01
1785,367,9999,50000.0,999999999.0,13.0,НС Банк,НС Пенсионный,Вклад,3124,https://bankiros.ru/bank/nsbank/deposits/ns-pensionnyj,Есть,Нет,Нет,2025-07-01
1786,730,9999,100000.0,999999999.0,19.6,Датабанк (бывш. Ижкомбанк),Легко приумножить,Вклад,646,https://bankiros.ru/bank/izhcombank/deposits/legko-priumnozit,Есть,Нет,Нет,2025-07-01
1787,90,180,5000.0,999999999.0,17.0,Датабанк (бывш. Ижкомбанк),Дата-вклад Доходный с пополнением,Вклад,646,https://bankiros.ru/bank/izhcombank/deposits/data-vklad-dohodnyj,Есть,Есть,Нет,2025-07-01
1788,181,9999,5000.0,999999999.0,15.0,Датабанк (бывш. Ижкомбанк),Дата-вклад Доходный с пополнением,Вклад,646,https://bankiros.ru/bank/izhcombank/deposits/data-vklad-dohodnyj,Есть,Есть,Нет,2025-07-01
1789,1125,9999,0.0,999999999.0,13.5,Датабанк (бывш. Ижкомбанк),Опека,Вклад,646,https://bankiros.ru/bank/izhcombank/deposits/opeka,Есть,Есть,Есть,2025-07-01
1790,1,9999,0.0,999999999.0,12.0,Датабанк (бывш. Ижкомбанк),Накопительный счёт Копилка,Накопительный счет,646,https://bankiros.ru/bank/izhcombank/deposits/kopilka-64,Есть,Есть,Нет,2025-07-01
1791,1,9999,0.0,999999999.0,4.5,Датабанк (бывш. Ижкомбанк),Залоговый 1,Вклад,646,https://bankiros.ru/bank/izhcombank/deposits/zalogovyj,Нет,Есть,Нет,2025-07-01
1792,1095,9999,0.0,999999999.0,3.5,Датабанк (бывш. Ижкомбанк),Социальный удобный,Вклад,646,https://bankiros.ru/bank/izhcombank/deposits/socialnyj-2-2,Есть,Есть,Нет,2025-07-01
1793,1,9999,0.0,999999999.0,2.0,Датабанк (бывш. Ижкомбанк),Пенсия,Вклад,646,https://bankiros.ru/bank/izhcombank/deposits/pensia-2,Есть,Есть,Нет,2025-07-01
1794,1,9999,0.0,999999999.0,2.0,Датабанк (бывш. Ижкомбанк),Социальный,Вклад,646,https://bankiros.ru/bank/izhcombank/deposits/socialnyj,Есть,Есть,Нет,2025-07-01
1795,181,1097,50000.0,999999999.0,19.5,СДМ-Банк,Ключевой,Вклад,1637,https://bankiros.ru/bank/sdm-bank/deposits/sezonnyj-33,Есть,Нет,Есть,2025-07-01
1796,181,364,50000.0,700000.0,18.3,СДМ-Банк,Новая история,Вклад,1637,https://bankiros.ru/bank/sdm-bank/deposits/sezonnyj-55,Нет,Нет,Нет,2025-07-01
1797,181,364,700001.0,1500000.0,18.1,СДМ-Банк,Новая история,Вклад,1637,https://bankiros.ru/bank/sdm-bank/deposits/sezonnyj-55,Нет,Нет,Нет,2025-07-01
1798,181,364,1500010.0,999999999.0,18.5,СДМ-Банк,Новая история,Вклад,1637,https://bankiros.ru/bank/sdm-bank/deposits/sezonnyj-55,Нет,Нет,Нет,2025-07-01
1799,365,9999,50000.0,700000.0,18.3,СДМ-Банк,Новая история,Вклад,1637,https://bankiros.ru/bank/sdm-bank/deposits/sezonnyj-55,Нет,Нет,Нет,2025-07-01
1800,365,9999,700001.0,1500000.0,18.7,СДМ-Банк,Новая история,Вклад,1637,https://bankiros.ru/bank/sdm-bank/deposits/sezonnyj-55,Нет,Нет,Нет,2025-07-01
1801,365,9999,1500010.0,999999999.0,18.5,СДМ-Банк,Новая история,Вклад,1637,https://bankiros.ru/bank/sdm-bank/deposits/sezonnyj-55,Нет,Нет,Нет,2025-07-01
1802,181,364,50000.0,2000000.0,18.25,СДМ-Банк,Идеальный баланс,Вклад,1637,https://bankiros.ru/bank/sdm-bank/deposits/idealnyj-balans,Нет,Нет,Есть,2025-07-01
1803,365,9999,50000.0,2000000.0,18.0,СДМ-Банк,Идеальный баланс,Вклад,1637,https://bankiros.ru/bank/sdm-bank/deposits/idealnyj-balans,Нет,Нет,Есть,2025-07-01
1804,31,60,3000.0,700000.0,14.9,СДМ-Банк,Доход,Вклад,1637,https://bankiros.ru/bank/sdm-bank/deposits/dohod,Нет,Есть,Нет,2025-07-01
1805,31,60,700001.0,1400000.0,15.4,СДМ-Банк,Доход,Вклад,1637,https://bankiros.ru/bank/sdm-bank/deposits/dohod,Нет,Есть,Нет,2025-07-01
1806,31,60,1400010.0,2000000.0,16.2,СДМ-Банк,Доход,Вклад,1637,https://bankiros.ru/bank/sdm-bank/deposits/dohod,Нет,Есть,Нет,2025-07-01
1807,31,60,2000010.0,5000000.0,16.5,СДМ-Банк,Доход,Вклад,1637,https://bankiros.ru/bank/sdm-bank/deposits/dohod,Нет,Есть,Нет,2025-07-01
1808,31,60,5000010.0,10000000.0,16.45,СДМ-Банк,Доход,Вклад,1637,https://bankiros.ru/bank/sdm-bank/deposits/dohod,Нет,Есть,Нет,2025-07-01
1809,31,60,10000100.0,999999999.0,16.45,СДМ-Банк,Доход,Вклад,1637,https://bankiros.ru/bank/sdm-bank/deposits/dohod,Нет,Есть,Нет,2025-07-01
1810,61,90,3000.0,700000.0,16.25,СДМ-Банк,Доход,Вклад,1637,https://bankiros.ru/bank/sdm-bank/deposits/dohod,Нет,Есть,Нет,2025-07-01
1811,61,90,700001.0,1400000.0,15.75,СДМ-Банк,Доход,Вклад,1637,https://bankiros.ru/bank/sdm-bank/deposits/dohod,Нет,Есть,Нет,2025-07-01
1812,61,90,1400010.0,2000000.0,15.25,СДМ-Банк,Доход,Вклад,1637,https://bankiros.ru/bank/sdm-bank/deposits/dohod,Нет,Есть,Нет,2025-07-01
1813,61,90,2000010.0,5000000.0,15.4,СДМ-Банк,Доход,Вклад,1637,https://bankiros.ru/bank/sdm-bank/deposits/dohod,Нет,Есть,Нет,2025-07-01
1814,61,90,5000010.0,10000000.0,15.9,СДМ-Банк,Доход,Вклад,1637,https://bankiros.ru/bank/sdm-bank/deposits/dohod,Нет,Есть,Нет,2025-07-01
1815,61,90,10000100.0,999999999.0,16.7,СДМ-Банк,Доход,Вклад,1637,https://bankiros.ru/bank/sdm-bank/deposits/dohod,Нет,Есть,Нет,2025-07-01
1816,91,180,3000.0,700000.0,17.0,СДМ-Банк,Доход,Вклад,1637,https://bankiros.ru/bank/sdm-bank/deposits/dohod,Нет,Есть,Нет,2025-07-01
1817,91,180,700001.0,1400000.0,16.95,СДМ-Банк,Доход,Вклад,1637,https://bankiros.ru/bank/sdm-bank/deposits/dohod,Нет,Есть,Нет,2025-07-01
1818,91,180,1400010.0,2000000.0,16.95,СДМ-Банк,Доход,Вклад,1637,https://bankiros.ru/bank/sdm-bank/deposits/dohod,Нет,Есть,Нет,2025-07-01
1819,91,180,2000010.0,5000000.0,16.75,СДМ-Банк,Доход,Вклад,1637,https://bankiros.ru/bank/sdm-bank/deposits/dohod,Нет,Есть,Нет,2025-07-01
1820,91,180,5000010.0,10000000.0,16.25,СДМ-Банк,Доход,Вклад,1637,https://bankiros.ru/bank/sdm-bank/deposits/dohod,Нет,Есть,Нет,2025-07-01
1821,91,180,10000100.0,999999999.0,15.75,СДМ-Банк,Доход,Вклад,1637,https://bankiros.ru/bank/sdm-bank/deposits/dohod,Нет,Есть,Нет,2025-07-01
1822,181,270,3000.0,700000.0,15.9,СДМ-Банк,Доход,Вклад,1637,https://bankiros.ru/bank/sdm-bank/deposits/dohod,Нет,Есть,Нет,2025-07-01
1823,181,270,700001.0,1400000.0,16.4,СДМ-Банк,Доход,Вклад,1637,https://bankiros.ru/bank/sdm-bank/deposits/dohod,Нет,Есть,Нет,2025-07-01
1824,181,270,1400010.0,2000000.0,17.2,СДМ-Банк,Доход,Вклад,1637,https://bankiros.ru/bank/sdm-bank/deposits/dohod,Нет,Есть,Нет,2025-07-01
1825,181,270,2000010.0,5000000.0,17.5,СДМ-Банк,Доход,Вклад,1637,https://bankiros.ru/bank/sdm-bank/deposits/dohod,Нет,Есть,Нет,2025-07-01
1826,181,270,5000010.0,10000000.0,17.45,СДМ-Банк,Доход,Вклад,1637,https://bankiros.ru/bank/sdm-bank/deposits/dohod,Нет,Есть,Нет,2025-07-01
1827,181,270,10000100.0,999999999.0,17.45,СДМ-Банк,Доход,Вклад,1637,https://bankiros.ru/bank/sdm-bank/deposits/dohod,Нет,Есть,Нет,2025-07-01
1828,271,366,3000.0,700000.0,17.25,СДМ-Банк,Доход,Вклад,1637,https://bankiros.ru/bank/sdm-bank/deposits/dohod,Нет,Есть,Нет,2025-07-01
1829,271,366,700001.0,1400000.0,16.75,СДМ-Банк,Доход,Вклад,1637,https://bankiros.ru/bank/sdm-bank/deposits/dohod,Нет,Есть,Нет,2025-07-01
1830,271,366,1400010.0,2000000.0,16.25,СДМ-Банк,Доход,Вклад,1637,https://bankiros.ru/bank/sdm-bank/deposits/dohod,Нет,Есть,Нет,2025-07-01
1831,271,366,2000010.0,5000000.0,16.05,СДМ-Банк,Доход,Вклад,1637,https://bankiros.ru/bank/sdm-bank/deposits/dohod,Нет,Есть,Нет,2025-07-01
1832,271,366,5000010.0,10000000.0,16.55,СДМ-Банк,Доход,Вклад,1637,https://bankiros.ru/bank/sdm-bank/deposits/dohod,Нет,Есть,Нет,2025-07-01
1833,271,366,10000100.0,999999999.0,17.5,СДМ-Банк,Доход,Вклад,1637,https://bankiros.ru/bank/sdm-bank/deposits/dohod,Нет,Есть,Нет,2025-07-01
1834,367,547,3000.0,700000.0,17.9,СДМ-Банк,Доход,Вклад,1637,https://bankiros.ru/bank/sdm-bank/deposits/dohod,Нет,Есть,Нет,2025-07-01
1835,367,547,700001.0,1400000.0,17.85,СДМ-Банк,Доход,Вклад,1637,https://bankiros.ru/bank/sdm-bank/deposits/dohod,Нет,Есть,Нет,2025-07-01
1836,367,547,1400010.0,2000000.0,17.85,СДМ-Банк,Доход,Вклад,1637,https://bankiros.ru/bank/sdm-bank/deposits/dohod,Нет,Есть,Нет,2025-07-01
1837,367,547,2000010.0,5000000.0,17.4,СДМ-Банк,Доход,Вклад,1637,https://bankiros.ru/bank/sdm-bank/deposits/dohod,Нет,Есть,Нет,2025-07-01
1838,367,547,5000010.0,10000000.0,16.9,СДМ-Банк,Доход,Вклад,1637,https://bankiros.ru/bank/sdm-bank/deposits/dohod,Нет,Есть,Нет,2025-07-01
1839,367,547,10000100.0,999999999.0,16.4,СДМ-Банк,Доход,Вклад,1637,https://bankiros.ru/bank/sdm-bank/deposits/dohod,Нет,Есть,Нет,2025-07-01
1840,548,730,3000.0,700000.0,16.1,СДМ-Банк,Доход,Вклад,1637,https://bankiros.ru/bank/sdm-bank/deposits/dohod,Нет,Есть,Нет,2025-07-01
1841,548,730,700001.0,1400000.0,16.6,СДМ-Банк,Доход,Вклад,1637,https://bankiros.ru/bank/sdm-bank/deposits/dohod,Нет,Есть,Нет,2025-07-01
1842,548,730,1400010.0,2000000.0,17.55,СДМ-Банк,Доход,Вклад,1637,https://bankiros.ru/bank/sdm-bank/deposits/dohod,Нет,Есть,Нет,2025-07-01
1843,548,730,2000010.0,5000000.0,17.95,СДМ-Банк,Доход,Вклад,1637,https://bankiros.ru/bank/sdm-bank/deposits/dohod,Нет,Есть,Нет,2025-07-01
1844,548,730,5000010.0,10000000.0,17.9,СДМ-Банк,Доход,Вклад,1637,https://bankiros.ru/bank/sdm-bank/deposits/dohod,Нет,Есть,Нет,2025-07-01
1845,548,730,10000100.0,999999999.0,17.9,СДМ-Банк,Доход,Вклад,1637,https://bankiros.ru/bank/sdm-bank/deposits/dohod,Нет,Есть,Нет,2025-07-01
1846,731,1095,3000.0,700000.0,17.45,СДМ-Банк,Доход,Вклад,1637,https://bankiros.ru/bank/sdm-bank/deposits/dohod,Нет,Есть,Нет,2025-07-01
1847,731,1095,700001.0,1400000.0,16.95,СДМ-Банк,Доход,Вклад,1637,https://bankiros.ru/bank/sdm-bank/deposits/dohod,Нет,Есть,Нет,2025-07-01
1848,731,1095,1400010.0,2000000.0,16.45,СДМ-Банк,Доход,Вклад,1637,https://bankiros.ru/bank/sdm-bank/deposits/dohod,Нет,Есть,Нет,2025-07-01
1849,731,1095,2000010.0,5000000.0,16.15,СДМ-Банк,Доход,Вклад,1637,https://bankiros.ru/bank/sdm-bank/deposits/dohod,Нет,Есть,Нет,2025-07-01
1850,731,1095,5000010.0,10000000.0,16.65,СДМ-Банк,Доход,Вклад,1637,https://bankiros.ru/bank/sdm-bank/deposits/dohod,Нет,Есть,Нет,2025-07-01
1851,731,1095,10000100.0,999999999.0,17.6,СДМ-Банк,Доход,Вклад,1637,https://bankiros.ru/bank/sdm-bank/deposits/dohod,Нет,Есть,Нет,2025-07-01
1852,1096,9999,3000.0,700000.0,18.0,СДМ-Банк,Доход,Вклад,1637,https://bankiros.ru/bank/sdm-bank/deposits/dohod,Нет,Есть,Нет,2025-07-01
1853,1096,9999,700001.0,1400000.0,17.95,СДМ-Банк,Доход,Вклад,1637,https://bankiros.ru/bank/sdm-bank/deposits/dohod,Нет,Есть,Нет,2025-07-01
1854,1096,9999,1400010.0,2000000.0,17.95,СДМ-Банк,Доход,Вклад,1637,https://bankiros.ru/bank/sdm-bank/deposits/dohod,Нет,Есть,Нет,2025-07-01
1855,1096,9999,2000010.0,5000000.0,17.5,СДМ-Банк,Доход,Вклад,1637,https://bankiros.ru/bank/sdm-bank/deposits/dohod,Нет,Есть,Нет,2025-07-01
1856,1096,9999,5000010.0,10000000.0,17.0,СДМ-Банк,Доход,Вклад,1637,https://bankiros.ru/bank/sdm-bank/deposits/dohod,Нет,Есть,Нет,2025-07-01
1857,1096,9999,10000100.0,999999999.0,16.5,СДМ-Банк,Доход,Вклад,1637,https://bankiros.ru/bank/sdm-bank/deposits/dohod,Нет,Есть,Нет,2025-07-01
1858,31,9999,10000.0,999999999.0,16.0,СДМ-Банк,Накопительный СДМ-Счет,Накопительный счет,1637,https://bankiros.ru/bank/sdm-bank/deposits/nakopitelnyj-scet-47,Нет,Есть,Есть,2025-07-01
1859,90,179,10000.0,999999999.0,19.25,Первый Инвестиционный Банк,Пенсионный,Вклад,604,https://bankiros.ru/bank/finbank/deposits/pensionnyj-133,Нет,Нет,Нет,2025-07-01
1860,180,269,10000.0,999999999.0,19.5,Первый Инвестиционный Банк,Пенсионный,Вклад,604,https://bankiros.ru/bank/finbank/deposits/pensionnyj-133,Нет,Нет,Нет,2025-07-01
1861,270,364,10000.0,999999999.0,18.75,Первый Инвестиционный Банк,Пенсионный,Вклад,604,https://bankiros.ru/bank/finbank/deposits/pensionnyj-133,Нет,Нет,Нет,2025-07-01
1862,365,9999,10000.0,999999999.0,18.5,Первый Инвестиционный Банк,Пенсионный,Вклад,604,https://bankiros.ru/bank/finbank/deposits/pensionnyj-133,Нет,Нет,Нет,2025-07-01
1863,270,364,5000000.0,9999999.0,19.5,Первый Инвестиционный Банк,Большие возможности,Вклад,604,https://bankiros.ru/bank/finbank/deposits/bolsie-vozmoznosti-4,Есть,Есть,Нет,2025-07-01
1864,270,364,10000000.0,999999999.0,19.25,Первый Инвестиционный Банк,Большие возможности,Вклад,604,https://bankiros.ru/bank/finbank/deposits/bolsie-vozmoznosti-4,Есть,Есть,Нет,2025-07-01
1865,365,9999,5000000.0,9999999.0,20.0,Первый Инвестиционный Банк,Большие возможности,Вклад,604,https://bankiros.ru/bank/finbank/deposits/bolsie-vozmoznosti-4,Есть,Есть,Нет,2025-07-01
1866,365,9999,10000000.0,999999999.0,19.7,Первый Инвестиционный Банк,Большие возможности,Вклад,604,https://bankiros.ru/bank/finbank/deposits/bolsie-vozmoznosti-4,Есть,Есть,Нет,2025-07-01
1867,90,179,10000.0,999999999.0,19.0,Первый Инвестиционный Банк,Максимальный доход,Вклад,604,https://bankiros.ru/bank/finbank/deposits/maksimalnyj-dohod-124,Нет,Нет,Нет,2025-07-01
1868,180,269,10000.0,999999999.0,19.25,Первый Инвестиционный Банк,Максимальный доход,Вклад,604,https://bankiros.ru/bank/finbank/deposits/maksimalnyj-dohod-124,Нет,Нет,Нет,2025-07-01
1869,270,364,10000.0,999999999.0,18.5,Первый Инвестиционный Банк,Максимальный доход,Вклад,604,https://bankiros.ru/bank/finbank/deposits/maksimalnyj-dohod-124,Нет,Нет,Нет,2025-07-01
1870,365,9999,10000.0,999999999.0,18.25,Первый Инвестиционный Банк,Максимальный доход,Вклад,604,https://bankiros.ru/bank/finbank/deposits/maksimalnyj-dohod-124,Нет,Нет,Нет,2025-07-01
1871,180,269,10000.0,999999999.0,14.75,Первый Инвестиционный Банк,Расчётный,Вклад,604,https://bankiros.ru/bank/finbank/deposits/rascetnyj-3,Есть,Есть,Нет,2025-07-01
1872,270,364,10000.0,999999999.0,14.25,Первый Инвестиционный Банк,Расчётный,Вклад,604,https://bankiros.ru/bank/finbank/deposits/rascetnyj-3,Есть,Есть,Нет,2025-07-01
1873,365,9999,10000.0,999999999.0,13.75,Первый Инвестиционный Банк,Расчётный,Вклад,604,https://bankiros.ru/bank/finbank/deposits/rascetnyj-3,Есть,Есть,Нет,2025-07-01
1874,1,91,1.0,1400000.0,19.0,Банк Зенит,Накопительный счёт Новый горизонт,Накопительный счет,3255,https://bankiros.ru/bank/zenit/deposits/novyj-gorizont-3,Есть,Есть,Нет,2025-07-01
1875,1,91,1400010.0,5000000.0,12.0,Банк Зенит,Накопительный счёт Новый горизонт,Накопительный счет,3255,https://bankiros.ru/bank/zenit/deposits/novyj-gorizont-3,Есть,Есть,Нет,2025-07-01
1876,1,91,5000010.0,999999999.0,19.5,Банк Зенит,Накопительный счёт Новый горизонт,Накопительный счет,3255,https://bankiros.ru/bank/zenit/deposits/novyj-gorizont-3,Есть,Есть,Нет,2025-07-01
1877,92,9999,1.0,1400000.0,12.5,Банк Зенит,Накопительный счёт Новый горизонт,Накопительный счет,3255,https://bankiros.ru/bank/zenit/deposits/novyj-gorizont-3,Есть,Есть,Нет,2025-07-01
1878,92,9999,1400010.0,5000000.0,3.5,Банк Зенит,Накопительный счёт Новый горизонт,Накопительный счет,3255,https://bankiros.ru/bank/zenit/deposits/novyj-gorizont-3,Есть,Есть,Нет,2025-07-01
1879,92,9999,5000010.0,999999999.0,3.5,Банк Зенит,Накопительный счёт Новый горизонт,Накопительный счет,3255,https://bankiros.ru/bank/zenit/deposits/novyj-gorizont-3,Есть,Есть,Нет,2025-07-01
1880,91,180,10000.0,5000000.0,18.9,Банк Зенит,Активный капитал,Вклад,3255,https://bankiros.ru/bank/zenit/deposits/aktivnyj-kapital,Нет,Нет,Есть,2025-07-01
1881,181,366,10000.0,5000000.0,17.3,Банк Зенит,Активный капитал,Вклад,3255,https://bankiros.ru/bank/zenit/deposits/aktivnyj-kapital,Нет,Нет,Есть,2025-07-01
1882,367,9999,10000.0,5000000.0,16.3,Банк Зенит,Активный капитал,Вклад,3255,https://bankiros.ru/bank/zenit/deposits/aktivnyj-kapital,Нет,Нет,Есть,2025-07-01
1883,91,180,30000.0,999999999.0,18.3,Банк Зенит,Время возможностей,Вклад,3255,https://bankiros.ru/bank/zenit/deposits/vrema-vozmoznostej,Нет,Нет,Есть,2025-07-01
1884,181,366,30000.0,999999999.0,17.2,Банк Зенит,Время возможностей,Вклад,3255,https://bankiros.ru/bank/zenit/deposits/vrema-vozmoznostej,Нет,Нет,Есть,2025-07-01
1885,367,9999,30000.0,999999999.0,16.2,Банк Зенит,Время возможностей,Вклад,3255,https://bankiros.ru/bank/zenit/deposits/vrema-vozmoznostej,Нет,Нет,Есть,2025-07-01
1886,1,9999,1.0,100000.0,18.5,Банк Зенит,Накопительный онлайн,Накопительный счет,3255,https://bankiros.ru/bank/zenit/deposits/nakopitelnyy-on-line,Есть,Есть,Нет,2025-07-01
1887,1,9999,100001.0,3000000.0,14.0,Банк Зенит,Накопительный онлайн,Накопительный счет,3255,https://bankiros.ru/bank/zenit/deposits/nakopitelnyy-on-line,Есть,Есть,Нет,2025-07-01
1888,1,9999,3000010.0,999999999.0,3.5,Банк Зенит,Накопительный онлайн,Накопительный счет,3255,https://bankiros.ru/bank/zenit/deposits/nakopitelnyy-on-line,Есть,Есть,Нет,2025-07-01
1889,31,60,30000.0,599999.0,9.0,Банк Зенит,Высокий доход,Вклад,3255,https://bankiros.ru/bank/zenit/deposits/vysokiy-dohod-v-rublyah,Нет,Нет,Есть,2025-07-01
1890,31,60,600000.0,999999999.0,9.0,Банк Зенит,Высокий доход,Вклад,3255,https://bankiros.ru/bank/zenit/deposits/vysokiy-dohod-v-rublyah,Нет,Нет,Есть,2025-07-01
1891,61,90,30000.0,599999.0,16.95,Банк Зенит,Высокий доход,Вклад,3255,https://bankiros.ru/bank/zenit/deposits/vysokiy-dohod-v-rublyah,Нет,Нет,Есть,2025-07-01
1892,61,90,600000.0,999999999.0,15.85,Банк Зенит,Высокий доход,Вклад,3255,https://bankiros.ru/bank/zenit/deposits/vysokiy-dohod-v-rublyah,Нет,Нет,Есть,2025-07-01
1893,91,91,30000.0,599999.0,14.85,Банк Зенит,Высокий доход,Вклад,3255,https://bankiros.ru/bank/zenit/deposits/vysokiy-dohod-v-rublyah,Нет,Нет,Есть,2025-07-01
1894,91,91,600000.0,999999999.0,9.0,Банк Зенит,Высокий доход,Вклад,3255,https://bankiros.ru/bank/zenit/deposits/vysokiy-dohod-v-rublyah,Нет,Нет,Есть,2025-07-01
1895,92,181,30000.0,599999.0,9.0,Банк Зенит,Высокий доход,Вклад,3255,https://bankiros.ru/bank/zenit/deposits/vysokiy-dohod-v-rublyah,Нет,Нет,Есть,2025-07-01
1896,92,181,600000.0,999999999.0,9.0,Банк Зенит,Высокий доход,Вклад,3255,https://bankiros.ru/bank/zenit/deposits/vysokiy-dohod-v-rublyah,Нет,Нет,Есть,2025-07-01
1897,182,367,30000.0,599999.0,9.15,Банк Зенит,Высокий доход,Вклад,3255,https://bankiros.ru/bank/zenit/deposits/vysokiy-dohod-v-rublyah,Нет,Нет,Есть,2025-07-01
1898,182,367,600000.0,999999999.0,9.15,Банк Зенит,Высокий доход,Вклад,3255,https://bankiros.ru/bank/zenit/deposits/vysokiy-dohod-v-rublyah,Нет,Нет,Есть,2025-07-01
1899,368,549,30000.0,599999.0,17.1,Банк Зенит,Высокий доход,Вклад,3255,https://bankiros.ru/bank/zenit/deposits/vysokiy-dohod-v-rublyah,Нет,Нет,Есть,2025-07-01
1900,368,549,600000.0,999999999.0,16.0,Банк Зенит,Высокий доход,Вклад,3255,https://bankiros.ru/bank/zenit/deposits/vysokiy-dohod-v-rublyah,Нет,Нет,Есть,2025-07-01
1901,550,731,30000.0,599999.0,15.0,Банк Зенит,Высокий доход,Вклад,3255,https://bankiros.ru/bank/zenit/deposits/vysokiy-dohod-v-rublyah,Нет,Нет,Есть,2025-07-01
1902,550,731,600000.0,999999999.0,9.15,Банк Зенит,Высокий доход,Вклад,3255,https://bankiros.ru/bank/zenit/deposits/vysokiy-dohod-v-rublyah,Нет,Нет,Есть,2025-07-01
1903,732,1100,30000.0,599999.0,9.15,Банк Зенит,Высокий доход,Вклад,3255,https://bankiros.ru/bank/zenit/deposits/vysokiy-dohod-v-rublyah,Нет,Нет,Есть,2025-07-01
1904,732,1100,600000.0,999999999.0,9.15,Банк Зенит,Высокий доход,Вклад,3255,https://bankiros.ru/bank/zenit/deposits/vysokiy-dohod-v-rublyah,Нет,Нет,Есть,2025-07-01
1905,367,9999,10000.0,999999999.0,17.8,Банк Зенит,Будущее в зените,Вклад,3255,https://bankiros.ru/bank/zenit/deposits/budusee-v-zenite,Есть,Нет,Есть,2025-07-01
1906,367,9999,1.0,999.0,0.1,Банк Зенит,Пенсионный,Вклад,3255,https://bankiros.ru/bank/zenit/deposits/pensionnyj-dohod-2,Есть,Есть,Есть,2025-07-01
1907,367,9999,1000.0,2000000.0,12.0,Банк Зенит,Пенсионный,Вклад,3255,https://bankiros.ru/bank/zenit/deposits/pensionnyj-dohod-2,Есть,Есть,Есть,2025-07-01
1908,31,90,100000.0,999999999.0,19.5,Приморье,Подарок (% в конце срока),Вклад,3001,https://bankiros.ru/bank/primorye/deposits/podarok-6,Нет,Нет,Есть,2025-07-01
1909,91,180,100000.0,999999999.0,19.0,Приморье,Подарок (% в конце срока),Вклад,3001,https://bankiros.ru/bank/primorye/deposits/podarok-6,Нет,Нет,Есть,2025-07-01
1910,181,270,100000.0,999999999.0,19.0,Приморье,Подарок (% в конце срока),Вклад,3001,https://bankiros.ru/bank/primorye/deposits/podarok-6,Нет,Нет,Есть,2025-07-01
1911,271,384,100000.0,999999999.0,17.0,Приморье,Подарок (% в конце срока),Вклад,3001,https://bankiros.ru/bank/primorye/deposits/podarok-6,Нет,Нет,Есть,2025-07-01
1912,385,730,100000.0,999999999.0,17.0,Приморье,Подарок (% в конце срока),Вклад,3001,https://bankiros.ru/bank/primorye/deposits/podarok-6,Нет,Нет,Есть,2025-07-01
1913,731,1094,100000.0,999999999.0,15.0,Приморье,Подарок (% в конце срока),Вклад,3001,https://bankiros.ru/bank/primorye/deposits/podarok-6,Нет,Нет,Есть,2025-07-01
1914,1095,9999,100000.0,999999999.0,14.0,Приморье,Подарок (% в конце срока),Вклад,3001,https://bankiros.ru/bank/primorye/deposits/podarok-6,Нет,Нет,Есть,2025-07-01
1915,91,180,30000.0,999999999.0,17.72,Приморье,Управляемый в рублях (% ежемесячно),Вклад,3001,https://bankiros.ru/bank/primorye/deposits/upravlaemyj-5,Есть,Есть,Есть,2025-07-01
1916,181,384,30000.0,999999999.0,16.42,Приморье,Управляемый в рублях (% ежемесячно),Вклад,3001,https://bankiros.ru/bank/primorye/deposits/upravlaemyj-5,Есть,Есть,Есть,2025-07-01
1917,385,9999,30000.0,999999999.0,14.0,Приморье,Управляемый в рублях (% ежемесячно),Вклад,3001,https://bankiros.ru/bank/primorye/deposits/upravlaemyj-5,Есть,Есть,Есть,2025-07-01
1918,31,90,500.0,999999999.0,10.1,Приморье,Максимальный в рублях,Вклад,3001,https://bankiros.ru/bank/primorye/deposits/maksimalnyj-procenty-ezemesacno,Есть,Нет,Есть,2025-07-01
1919,91,180,500.0,999999999.0,10.9,Приморье,Максимальный в рублях,Вклад,3001,https://bankiros.ru/bank/primorye/deposits/maksimalnyj-procenty-ezemesacno,Есть,Нет,Есть,2025-07-01
1920,181,384,500.0,999999999.0,10.6,Приморье,Максимальный в рублях,Вклад,3001,https://bankiros.ru/bank/primorye/deposits/maksimalnyj-procenty-ezemesacno,Есть,Нет,Есть,2025-07-01
1921,385,730,500.0,999999999.0,9.1,Приморье,Максимальный в рублях,Вклад,3001,https://bankiros.ru/bank/primorye/deposits/maksimalnyj-procenty-ezemesacno,Есть,Нет,Есть,2025-07-01
1922,731,1094,500.0,999999999.0,8.75,Приморье,Максимальный в рублях,Вклад,3001,https://bankiros.ru/bank/primorye/deposits/maksimalnyj-procenty-ezemesacno,Есть,Нет,Есть,2025-07-01
1923,1095,9999,500.0,999999999.0,8.8,Приморье,Максимальный в рублях,Вклад,3001,https://bankiros.ru/bank/primorye/deposits/maksimalnyj-procenty-ezemesacno,Есть,Нет,Есть,2025-07-01
1924,365,546,100000.0,999999999.0,19.5,Международный финансовый клуб,МФК Ключевой,Вклад,2618,https://bankiros.ru/bank/mfk-bank/deposits/mfk-klucevoj,Нет,Нет,Нет,2025-07-01
1925,547,729,100000.0,999999999.0,19.5,Международный финансовый клуб,МФК Ключевой,Вклад,2618,https://bankiros.ru/bank/mfk-bank/deposits/mfk-klucevoj,Нет,Нет,Нет,2025-07-01
1926,730,9999,100000.0,999999999.0,19.5,Международный финансовый клуб,МФК Ключевой,Вклад,2618,https://bankiros.ru/bank/mfk-bank/deposits/mfk-klucevoj,Нет,Нет,Нет,2025-07-01
1927,91,180,100000.0,2000000.0,19.1,Международный финансовый клуб,МФК Выгодный,Вклад,2618,https://bankiros.ru/bank/mfk-bank/deposits/mfk-vygodnyj,Нет,Нет,Есть,2025-07-01
1928,181,272,100000.0,2000000.0,19.5,Международный финансовый клуб,МФК Выгодный,Вклад,2618,https://bankiros.ru/bank/mfk-bank/deposits/mfk-vygodnyj,Нет,Нет,Есть,2025-07-01
1929,273,364,100000.0,2000000.0,19.3,Международный финансовый клуб,МФК Выгодный,Вклад,2618,https://bankiros.ru/bank/mfk-bank/deposits/mfk-vygodnyj,Нет,Нет,Есть,2025-07-01
1930,365,547,100000.0,2000000.0,19.0,Международный финансовый клуб,МФК Выгодный,Вклад,2618,https://bankiros.ru/bank/mfk-bank/deposits/mfk-vygodnyj,Нет,Нет,Есть,2025-07-01
1931,548,729,100000.0,2000000.0,15.5,Международный финансовый клуб,МФК Выгодный,Вклад,2618,https://bankiros.ru/bank/mfk-bank/deposits/mfk-vygodnyj,Нет,Нет,Есть,2025-07-01
1932,730,9999,100000.0,2000000.0,13.5,Международный финансовый клуб,МФК Выгодный,Вклад,2618,https://bankiros.ru/bank/mfk-bank/deposits/mfk-vygodnyj,Нет,Нет,Есть,2025-07-01
1933,91,180,30000.0,999999999.0,19.5,Морской банк,Капитальный,Вклад,77,https://bankiros.ru/bank/maritime/deposits/kapitalnyj-10,Нет,Нет,Есть,2025-07-01
1934,181,270,30000.0,999999999.0,19.3,Морской банк,Капитальный,Вклад,77,https://bankiros.ru/bank/maritime/deposits/kapitalnyj-10,Нет,Нет,Есть,2025-07-01
1935,271,366,30000.0,999999999.0,18.5,Морской банк,Капитальный,Вклад,77,https://bankiros.ru/bank/maritime/deposits/kapitalnyj-10,Нет,Нет,Есть,2025-07-01
1936,367,9999,30000.0,999999999.0,18.5,Морской банк,Капитальный,Вклад,77,https://bankiros.ru/bank/maritime/deposits/kapitalnyj-10,Нет,Нет,Есть,2025-07-01
1937,271,9999,30000.0,25000000.0,17.5,Морской банк,Доходный,Вклад,77,https://bankiros.ru/bank/maritime/deposits/dohodnyj-153,Нет,Нет,Есть,2025-07-01
1938,1,9999,1000.0,100000000.0,17.0,Морской банк,Накопительный счет,Накопительный счет,77,https://bankiros.ru/bank/maritime/deposits/nakopitelnyj-13,Есть,Есть,Нет,2025-07-01
1939,181,9999,10000.0,500000000.0,16.0,Морской банк,Копилка,Вклад,77,https://bankiros.ru/bank/maritime/deposits/kopilka-68,Есть,Есть,Есть,2025-07-01
1940,1,367,50000.0,999999999.0,19.5,Ноосфера,Сфера комфорта,Вклад,2650,https://bankiros.ru/bank/noosfera/deposits/sfera-komforta,Нет,Нет,Нет,2025-07-01
1941,368,1100,50000.0,999999999.0,12.5,Ноосфера,Сфера комфорта,Вклад,2650,https://bankiros.ru/bank/noosfera/deposits/sfera-komforta,Нет,Нет,Нет,2025-07-01
1942,31,60,50000.0,999999999.0,15.5,Ноосфера,Классический,Вклад,2650,https://bankiros.ru/bank/noosfera/deposits/dobraa-klassika,Нет,Нет,Нет,2025-07-01
1943,61,90,50000.0,999999999.0,15.5,Ноосфера,Классический,Вклад,2650,https://bankiros.ru/bank/noosfera/deposits/dobraa-klassika,Нет,Нет,Нет,2025-07-01
1944,91,120,50000.0,999999999.0,19.75,Ноосфера,Классический,Вклад,2650,https://bankiros.ru/bank/noosfera/deposits/dobraa-klassika,Нет,Нет,Нет,2025-07-01
1945,121,150,50000.0,999999999.0,19.5,Ноосфера,Классический,Вклад,2650,https://bankiros.ru/bank/noosfera/deposits/dobraa-klassika,Нет,Нет,Нет,2025-07-01
1946,151,180,50000.0,999999999.0,19.5,Ноосфера,Классический,Вклад,2650,https://bankiros.ru/bank/noosfera/deposits/dobraa-klassika,Нет,Нет,Нет,2025-07-01
1947,181,210,50000.0,999999999.0,19.5,Ноосфера,Классический,Вклад,2650,https://bankiros.ru/bank/noosfera/deposits/dobraa-klassika,Нет,Нет,Нет,2025-07-01
1948,211,240,50000.0,999999999.0,18.8,Ноосфера,Классический,Вклад,2650,https://bankiros.ru/bank/noosfera/deposits/dobraa-klassika,Нет,Нет,Нет,2025-07-01
1949,241,270,50000.0,999999999.0,18.8,Ноосфера,Классический,Вклад,2650,https://bankiros.ru/bank/noosfera/deposits/dobraa-klassika,Нет,Нет,Нет,2025-07-01
1950,271,300,50000.0,999999999.0,18.8,Ноосфера,Классический,Вклад,2650,https://bankiros.ru/bank/noosfera/deposits/dobraa-klassika,Нет,Нет,Нет,2025-07-01
1951,301,330,50000.0,999999999.0,18.5,Ноосфера,Классический,Вклад,2650,https://bankiros.ru/bank/noosfera/deposits/dobraa-klassika,Нет,Нет,Нет,2025-07-01
1952,331,366,50000.0,999999999.0,18.5,Ноосфера,Классический,Вклад,2650,https://bankiros.ru/bank/noosfera/deposits/dobraa-klassika,Нет,Нет,Нет,2025-07-01
1953,367,539,50000.0,999999999.0,19.1,Ноосфера,Классический,Вклад,2650,https://bankiros.ru/bank/noosfera/deposits/dobraa-klassika,Нет,Нет,Нет,2025-07-01
1954,540,729,50000.0,999999999.0,14.1,Ноосфера,Классический,Вклад,2650,https://bankiros.ru/bank/noosfera/deposits/dobraa-klassika,Нет,Нет,Нет,2025-07-01
1955,730,1099,50000.0,999999999.0,13.5,Ноосфера,Классический,Вклад,2650,https://bankiros.ru/bank/noosfera/deposits/dobraa-klassika,Нет,Нет,Нет,2025-07-01
1956,1100,9999,50000.0,999999999.0,12.1,Ноосфера,Классический,Вклад,2650,https://bankiros.ru/bank/noosfera/deposits/dobraa-klassika,Нет,Нет,Нет,2025-07-01
1957,181,366,50000.0,999999999.0,18.0,Ноосфера,Накопительный,Накопительный счет,2650,https://bankiros.ru/bank/noosfera/deposits/kopilka-66,Есть,Нет,Нет,2025-07-01
1958,367,9999,50000.0,999999999.0,17.0,Ноосфера,Накопительный,Накопительный счет,2650,https://bankiros.ru/bank/noosfera/deposits/kopilka-66,Есть,Нет,Нет,2025-07-01
1959,367,729,50000.0,999999999.0,16.5,Ноосфера,Универсальный +,Вклад,2650,https://bankiros.ru/bank/noosfera/deposits/universalnyj-41,Есть,Есть,Нет,2025-07-01
1960,730,9999,50000.0,999999999.0,13.0,Ноосфера,Универсальный +,Вклад,2650,https://bankiros.ru/bank/noosfera/deposits/universalnyj-41,Есть,Есть,Нет,2025-07-01
1961,1,90,200000.0,999999.0,18.0,Финстар Банк,Динамика,Вклад,3245,https://bankiros.ru/bank/finstarbank/deposits/dinamika,Есть,Нет,Есть,2025-07-01
1962,1,90,1000000.0,300000000.0,19.0,Финстар Банк,Динамика,Вклад,3245,https://bankiros.ru/bank/finstarbank/deposits/dinamika,Есть,Нет,Есть,2025-07-01
1963,91,180,200000.0,999999.0,16.5,Финстар Банк,Динамика,Вклад,3245,https://bankiros.ru/bank/finstarbank/deposits/dinamika,Есть,Нет,Есть,2025-07-01
1964,91,180,1000000.0,300000000.0,5.0,Финстар Банк,Динамика,Вклад,3245,https://bankiros.ru/bank/finstarbank/deposits/dinamika,Есть,Нет,Есть,2025-07-01
1965,181,360,200000.0,999999.0,18.25,Финстар Банк,Динамика,Вклад,3245,https://bankiros.ru/bank/finstarbank/deposits/dinamika,Есть,Нет,Есть,2025-07-01
1966,181,360,1000000.0,300000000.0,19.25,Финстар Банк,Динамика,Вклад,3245,https://bankiros.ru/bank/finstarbank/deposits/dinamika,Есть,Нет,Есть,2025-07-01
1967,361,730,200000.0,999999.0,16.75,Финстар Банк,Динамика,Вклад,3245,https://bankiros.ru/bank/finstarbank/deposits/dinamika,Есть,Нет,Есть,2025-07-01
1968,361,730,1000000.0,300000000.0,5.25,Финстар Банк,Динамика,Вклад,3245,https://bankiros.ru/bank/finstarbank/deposits/dinamika,Есть,Нет,Есть,2025-07-01
1969,91,180,200000.0,2000000.0,18.5,Финстар Банк,Классический плюс,Вклад,3245,https://bankiros.ru/bank/finstarbank/deposits/klassiceskij-39,Нет,Нет,Нет,2025-07-01
1970,181,366,200000.0,2000000.0,19.0,Финстар Банк,Классический плюс,Вклад,3245,https://bankiros.ru/bank/finstarbank/deposits/klassiceskij-39,Нет,Нет,Нет,2025-07-01
1971,367,9999,200000.0,2000000.0,16.5,Финстар Банк,Классический плюс,Вклад,3245,https://bankiros.ru/bank/finstarbank/deposits/klassiceskij-39,Нет,Нет,Нет,2025-07-01
1972,91,180,50000.0,999999999.0,17.5,Финстар Банк,Классический,Вклад,3245,https://bankiros.ru/bank/finstarbank/deposits/klassiceskij-37,Нет,Нет,Есть,2025-07-01
1973,181,366,50000.0,999999999.0,18.5,Финстар Банк,Классический,Вклад,3245,https://bankiros.ru/bank/finstarbank/deposits/klassiceskij-37,Нет,Нет,Есть,2025-07-01
1974,367,9999,50000.0,999999999.0,16.5,Финстар Банк,Классический,Вклад,3245,https://bankiros.ru/bank/finstarbank/deposits/klassiceskij-37,Нет,Нет,Есть,2025-07-01
1975,730,9999,100000.0,300000000.0,18.0,Финстар Банк,Ключевой,Вклад,3245,https://bankiros.ru/bank/finstarbank/deposits/klucevoj-27,Есть,Есть,Есть,2025-07-01
1976,1,180,50000.0,300000000.0,16.0,Финстар Банк,Мобильный+,Вклад,3245,https://bankiros.ru/bank/finstarbank/deposits/mobilnyj-17,Есть,Есть,Есть,2025-07-01
1977,181,360,50000.0,300000000.0,17.0,Финстар Банк,Мобильный+,Вклад,3245,https://bankiros.ru/bank/finstarbank/deposits/mobilnyj-17,Есть,Есть,Есть,2025-07-01
1978,361,730,50000.0,300000000.0,5.0,Финстар Банк,Мобильный+,Вклад,3245,https://bankiros.ru/bank/finstarbank/deposits/mobilnyj-17,Есть,Есть,Есть,2025-07-01
1979,120,179,500000.0,999999999.0,17.5,ТЕНДЕР-БАНК,Реальность on-line,Вклад,2252,https://bankiros.ru/bank/tender-bank/deposits/realnost-on-line,Нет,Нет,Нет,2025-07-01
1980,180,366,500000.0,999999999.0,19.1,ТЕНДЕР-БАНК,Реальность on-line,Вклад,2252,https://bankiros.ru/bank/tender-bank/deposits/realnost-on-line,Нет,Нет,Нет,2025-07-01
1981,367,9999,500000.0,999999999.0,19.0,ТЕНДЕР-БАНК,Реальность on-line,Вклад,2252,https://bankiros.ru/bank/tender-bank/deposits/realnost-on-line,Нет,Нет,Нет,2025-07-01
1982,120,179,500000.0,999999999.0,17.0,ТЕНДЕР-БАНК,Реальность,Вклад,2252,https://bankiros.ru/bank/tender-bank/deposits/realnost,Нет,Нет,Нет,2025-07-01
1983,180,366,500000.0,999999999.0,18.7,ТЕНДЕР-БАНК,Реальность,Вклад,2252,https://bankiros.ru/bank/tender-bank/deposits/realnost,Нет,Нет,Нет,2025-07-01
1984,367,9999,500000.0,999999999.0,18.5,ТЕНДЕР-БАНК,Реальность,Вклад,2252,https://bankiros.ru/bank/tender-bank/deposits/realnost,Нет,Нет,Нет,2025-07-01
1985,90,9999,3000000.0,999999999.0,18.0,ТЕНДЕР-БАНК,VIP,Вклад,2252,https://bankiros.ru/bank/tender-bank/deposits/vip-7,Есть,Есть,Нет,2025-07-01
1986,91,180,500000.0,1500000.0,17.0,ТЕНДЕР-БАНК,Тендер,Вклад,2252,https://bankiros.ru/bank/tender-bank/deposits/tender,Нет,Нет,Нет,2025-07-01
1987,181,366,500000.0,1500000.0,17.8,ТЕНДЕР-БАНК,Тендер,Вклад,2252,https://bankiros.ru/bank/tender-bank/deposits/tender,Нет,Нет,Нет,2025-07-01
1988,367,9999,500000.0,1500000.0,17.6,ТЕНДЕР-БАНК,Тендер,Вклад,2252,https://bankiros.ru/bank/tender-bank/deposits/tender,Нет,Нет,Нет,2025-07-01
1989,91,180,0.0,999999999.0,16.0,Банк Пермь,Классический,Вклад,875,https://bankiros.ru/bank/bankperm/deposits/klassiceskij-180-540-dnej,Нет,Нет,Есть,2025-07-01
1990,91,180,10000000.0,29999999.0,17.5,Банк Пермь,Классический,Вклад,875,https://bankiros.ru/bank/bankperm/deposits/klassiceskij-180-540-dnej,Нет,Нет,Есть,2025-07-01
1991,91,180,30000000.0,999999999.0,14.5,Банк Пермь,Классический,Вклад,875,https://bankiros.ru/bank/bankperm/deposits/klassiceskij-180-540-dnej,Нет,Нет,Есть,2025-07-01
1992,181,364,0.0,999999999.0,16.5,Банк Пермь,Классический,Вклад,875,https://bankiros.ru/bank/bankperm/deposits/klassiceskij-180-540-dnej,Нет,Нет,Есть,2025-07-01
1993,181,364,10000000.0,29999999.0,18.0,Банк Пермь,Классический,Вклад,875,https://bankiros.ru/bank/bankperm/deposits/klassiceskij-180-540-dnej,Нет,Нет,Есть,2025-07-01
1994,181,364,30000000.0,999999999.0,15.0,Банк Пермь,Классический,Вклад,875,https://bankiros.ru/bank/bankperm/deposits/klassiceskij-180-540-dnej,Нет,Нет,Есть,2025-07-01
1995,365,9999,0.0,999999999.0,17.0,Банк Пермь,Классический,Вклад,875,https://bankiros.ru/bank/bankperm/deposits/klassiceskij-180-540-dnej,Нет,Нет,Есть,2025-07-01
1996,365,9999,10000000.0,29999999.0,19.0,Банк Пермь,Классический,Вклад,875,https://bankiros.ru/bank/bankperm/deposits/klassiceskij-180-540-dnej,Нет,Нет,Есть,2025-07-01
1997,365,9999,30000000.0,999999999.0,15.5,Банк Пермь,Классический,Вклад,875,https://bankiros.ru/bank/bankperm/deposits/klassiceskij-180-540-dnej,Нет,Нет,Есть,2025-07-01
1998,30,30,0.0,999999999.0,,Банк Пермь,Оперативный,Вклад,875,https://bankiros.ru/bank/bankperm/deposits/operativnyj,Нет,Нет,Есть,2025-07-01
1999,30,30,500000.0,2999999.0,1.8,Банк Пермь,Оперативный,Вклад,875,https://bankiros.ru/bank/bankperm/deposits/operativnyj,Нет,Нет,Есть,2025-07-01
2000,30,30,3000000.0,999999999.0,1.1,Банк Пермь,Оперативный,Вклад,875,https://bankiros.ru/bank/bankperm/deposits/operativnyj,Нет,Нет,Есть,2025-07-01
2001,31,60,0.0,999999999.0,2.1,Банк Пермь,Оперативный,Вклад,875,https://bankiros.ru/bank/bankperm/deposits/operativnyj,Нет,Нет,Есть,2025-07-01
2002,31,60,500000.0,2999999.0,1.4,Банк Пермь,Оперативный,Вклад,875,https://bankiros.ru/bank/bankperm/deposits/operativnyj,Нет,Нет,Есть,2025-07-01
2003,31,60,3000000.0,999999999.0,2.3,Банк Пермь,Оперативный,Вклад,875,https://bankiros.ru/bank/bankperm/deposits/operativnyj,Нет,Нет,Есть,2025-07-01
2004,1,9999,0.0,999999999.0,0.5,Банк Пермь,До востребования,Вклад,875,https://bankiros.ru/bank/bankperm/deposits/do-vostrebovania-40,Есть,Есть,Есть,2025-07-01
2005,92,9999,100000.0,999999999.0,19.0,Русский Стандарт,Новый доход,Вклад,2289,https://bankiros.ru/bank/rsb/deposits/novogodnij-dohod,Нет,Нет,Есть,2025-07-01
2006,91,119,10000.0,999999999.0,18.5,Русский Стандарт,Максимальный,Вклад,2289,https://bankiros.ru/bank/rsb/deposits/maksimalny-dohod-plus,Нет,Нет,Есть,2025-07-01
2007,120,179,10000.0,999999999.0,18.25,Русский Стандарт,Максимальный,Вклад,2289,https://bankiros.ru/bank/rsb/deposits/maksimalny-dohod-plus,Нет,Нет,Есть,2025-07-01
2008,180,274,10000.0,999999999.0,18.0,Русский Стандарт,Максимальный,Вклад,2289,https://bankiros.ru/bank/rsb/deposits/maksimalny-dohod-plus,Нет,Нет,Есть,2025-07-01
2009,275,369,10000.0,999999999.0,17.0,Русский Стандарт,Максимальный,Вклад,2289,https://bankiros.ru/bank/rsb/deposits/maksimalny-dohod-plus,Нет,Нет,Есть,2025-07-01
2010,370,539,10000.0,999999999.0,14.0,Русский Стандарт,Максимальный,Вклад,2289,https://bankiros.ru/bank/rsb/deposits/maksimalny-dohod-plus,Нет,Нет,Есть,2025-07-01
2011,540,719,10000.0,999999999.0,8.5,Русский Стандарт,Максимальный,Вклад,2289,https://bankiros.ru/bank/rsb/deposits/maksimalny-dohod-plus,Нет,Нет,Есть,2025-07-01
2012,720,1079,10000.0,999999999.0,8.75,Русский Стандарт,Максимальный,Вклад,2289,https://bankiros.ru/bank/rsb/deposits/maksimalny-dohod-plus,Нет,Нет,Есть,2025-07-01
2013,1080,9999,10000.0,999999999.0,10.0,Русский Стандарт,Максимальный,Вклад,2289,https://bankiros.ru/bank/rsb/deposits/maksimalny-dohod-plus,Нет,Нет,Есть,2025-07-01
2014,1,61,1.0,1000000.0,18.0,Русский Стандарт,Сберегательный счет,Вклад,2289,https://bankiros.ru/bank/rsb/deposits/sberegatelnyj-scet,Есть,Есть,Нет,2025-07-01
2015,1,61,1000010.0,999999999.0,14.0,Русский Стандарт,Сберегательный счет,Вклад,2289,https://bankiros.ru/bank/rsb/deposits/sberegatelnyj-scet,Есть,Есть,Нет,2025-07-01
2016,62,9999,1.0,1000000.0,3.0,Русский Стандарт,Сберегательный счет,Вклад,2289,https://bankiros.ru/bank/rsb/deposits/sberegatelnyj-scet,Есть,Есть,Нет,2025-07-01
2017,62,9999,1000010.0,999999999.0,3.0,Русский Стандарт,Сберегательный счет,Вклад,2289,https://bankiros.ru/bank/rsb/deposits/sberegatelnyj-scet,Есть,Есть,Нет,2025-07-01
2018,180,274,30000.0,999999999.0,16.5,Русский Стандарт,Ежемесячный доход,Вклад,2289,https://bankiros.ru/bank/rsb/deposits/monthly-income,Нет,Нет,Есть,2025-07-01
2019,275,369,30000.0,999999999.0,15.25,Русский Стандарт,Ежемесячный доход,Вклад,2289,https://bankiros.ru/bank/rsb/deposits/monthly-income,Нет,Нет,Есть,2025-07-01
2020,370,9999,30000.0,999999999.0,12.75,Русский Стандарт,Ежемесячный доход,Вклад,2289,https://bankiros.ru/bank/rsb/deposits/monthly-income,Нет,Нет,Есть,2025-07-01
2021,1,9999,1.0,999.0,0.01,Русский Стандарт,Накопительный счет,Накопительный счет,2289,https://bankiros.ru/bank/rsb/deposits/nakopitelnyj-scet-122,Есть,Есть,Нет,2025-07-01
2022,1,9999,1000.0,999999.0,8.0,Русский Стандарт,Накопительный счет,Накопительный счет,2289,https://bankiros.ru/bank/rsb/deposits/nakopitelnyj-scet-122,Есть,Есть,Нет,2025-07-01
2023,1,9999,1000000.0,999.0,3.0,Русский Стандарт,Накопительный счет,Накопительный счет,2289,https://bankiros.ru/bank/rsb/deposits/nakopitelnyj-scet-122,Есть,Есть,Нет,2025-07-01
2024,1,9999,1000.0,999999999.0,8.0,Русский Стандарт,Накопительный счет,Накопительный счет,2289,https://bankiros.ru/bank/rsb/deposits/nakopitelnyj-scet-122,Есть,Есть,Нет,2025-07-01
2025,1,30,10000.0,999999999.0,19.0,Русский Стандарт,Продвинутый процент,Вклад,2289,https://bankiros.ru/bank/rsb/deposits/prodvinutyj-procent,Нет,Нет,Есть,2025-07-01
2026,31,85,10000.0,999999999.0,18.0,Русский Стандарт,Продвинутый процент,Вклад,2289,https://bankiros.ru/bank/rsb/deposits/prodvinutyj-procent,Нет,Нет,Есть,2025-07-01
2027,86,175,10000.0,999999999.0,17.0,Русский Стандарт,Продвинутый процент,Вклад,2289,https://bankiros.ru/bank/rsb/deposits/prodvinutyj-procent,Нет,Нет,Есть,2025-07-01
2028,176,365,10000.0,999999999.0,15.0,Русский Стандарт,Продвинутый процент,Вклад,2289,https://bankiros.ru/bank/rsb/deposits/prodvinutyj-procent,Нет,Нет,Есть,2025-07-01
2029,180,274,10000.0,999999999.0,17.0,Русский Стандарт,Пенсионный,Вклад,2289,https://bankiros.ru/bank/rsb/deposits/pensionnyj-13,Нет,Нет,Есть,2025-07-01
2030,275,359,10000.0,999999999.0,15.75,Русский Стандарт,Пенсионный,Вклад,2289,https://bankiros.ru/bank/rsb/deposits/pensionnyj-13,Нет,Нет,Есть,2025-07-01
2031,360,719,10000.0,999999999.0,15.0,Русский Стандарт,Пенсионный,Вклад,2289,https://bankiros.ru/bank/rsb/deposits/pensionnyj-13,Нет,Нет,Есть,2025-07-01
2032,720,1079,10000.0,999999999.0,8.0,Русский Стандарт,Пенсионный,Вклад,2289,https://bankiros.ru/bank/rsb/deposits/pensionnyj-13,Нет,Нет,Есть,2025-07-01
2033,1080,9999,10000.0,999999999.0,8.25,Русский Стандарт,Пенсионный,Вклад,2289,https://bankiros.ru/bank/rsb/deposits/pensionnyj-13,Нет,Нет,Есть,2025-07-01
2034,91,9999,100000.0,999999999.0,19.0,Примсоцбанк,Спринт VIP,Вклад,2733,https://bankiros.ru/bank/primsotsbank/deposits/sprint-vip,Есть,Нет,Есть,2025-07-01
2035,122,9999,10000.0,999999999.0,18.5,Примсоцбанк,Спринт 4,Вклад,2733,https://bankiros.ru/bank/primsotsbank/deposits/sprint-2,Нет,Нет,Есть,2025-07-01
2036,31,9999,10000.0,999999999.0,18.0,Примсоцбанк,Спринт 31,Вклад,2733,https://bankiros.ru/bank/primsotsbank/deposits/sprint-31,Нет,Нет,Есть,2025-07-01
2037,1,180,500.0,999999999.0,12.0,Примсоцбанк,Карта+Депозит,Вклад,2733,https://bankiros.ru/bank/primsotsbank/deposits/kartadepozit,Есть,Есть,Есть,2025-07-01
2038,181,367,500.0,999999999.0,16.0,Примсоцбанк,Карта+Депозит,Вклад,2733,https://bankiros.ru/bank/primsotsbank/deposits/kartadepozit,Есть,Есть,Есть,2025-07-01
2039,367,9999,1000.0,999999999.0,18.0,Примсоцбанк,Пенсионный Плюс,Вклад,2733,https://bankiros.ru/bank/primsotsbank/deposits/pensionnyj-plus-23,Есть,Нет,Есть,2025-07-01
2040,367,9999,10000.0,999999999.0,17.8,Примсоцбанк,Пенсионный,Вклад,2733,https://bankiros.ru/bank/primsotsbank/deposits/pensionnyj-depozit,Есть,Нет,Есть,2025-07-01
2041,350,9999,500.0,999999999.0,14.6,Примсоцбанк,Льготный вклад для пенсионеров,Вклад,2733,https://bankiros.ru/bank/primsotsbank/deposits/lgotnyj-pensionnyj,Есть,Есть,Есть,2025-07-01
2042,30,60,1.0,1000000.0,19.0,Инвестторгбанк,Накопительный счет «ИТБ. Выгодный»,Накопительный счет,2763,https://bankiros.ru/bank/investtorgbank/deposits/itb-vygodnyj,Есть,Есть,Нет,2025-07-01
2043,30,60,1000000.0,999999999.0,0.01,Инвестторгбанк,Накопительный счет «ИТБ. Выгодный»,Накопительный счет,2763,https://bankiros.ru/bank/investtorgbank/deposits/itb-vygodnyj,Есть,Есть,Нет,2025-07-01
2044,61,9999,1.0,1000000.0,0.01,Инвестторгбанк,Накопительный счет «ИТБ. Выгодный»,Накопительный счет,2763,https://bankiros.ru/bank/investtorgbank/deposits/itb-vygodnyj,Есть,Есть,Нет,2025-07-01
2045,61,9999,1000000.0,999999999.0,0.01,Инвестторгбанк,Накопительный счет «ИТБ. Выгодный»,Накопительный счет,2763,https://bankiros.ru/bank/investtorgbank/deposits/itb-vygodnyj,Есть,Есть,Нет,2025-07-01
2046,110,180,50000.0,999999999.0,16.0,Инвестторгбанк,Новый Хит,Вклад,2763,https://bankiros.ru/bank/investtorgbank/deposits/novyj-hit-3,Нет,Нет,Есть,2025-07-01
2047,181,369,50000.0,999999999.0,14.75,Инвестторгбанк,Новый Хит,Вклад,2763,https://bankiros.ru/bank/investtorgbank/deposits/novyj-hit-3,Нет,Нет,Есть,2025-07-01
2048,370,9999,50000.0,999999999.0,13.75,Инвестторгбанк,Новый Хит,Вклад,2763,https://bankiros.ru/bank/investtorgbank/deposits/novyj-hit-3,Нет,Нет,Есть,2025-07-01
2049,1,9999,1.0,100000.0,10.0,Инвестторгбанк,ИТБ. Свободные средства,Вклад,2763,https://bankiros.ru/bank/investtorgbank/deposits/itb-svobodnye-sredstva,Есть,Есть,Нет,2025-07-01
2050,1,9999,100001.0,500000.0,10.0,Инвестторгбанк,ИТБ. Свободные средства,Вклад,2763,https://bankiros.ru/bank/investtorgbank/deposits/itb-svobodnye-sredstva,Есть,Есть,Нет,2025-07-01
2051,1,9999,500001.0,10000000.0,10.0,Инвестторгбанк,ИТБ. Свободные средства,Вклад,2763,https://bankiros.ru/bank/investtorgbank/deposits/itb-svobodnye-sredstva,Есть,Есть,Нет,2025-07-01
2052,181,369,50000.0,999999999.0,11.5,Инвестторгбанк,ИТБ. Просто вклад с опцией пополнения,Вклад,2763,https://bankiros.ru/bank/investtorgbank/deposits/tkb-prosto-vklad-s-opciej-popolnenia,Есть,Нет,Есть,2025-07-01
2053,370,9999,50000.0,999999999.0,9.5,Инвестторгбанк,ИТБ. Просто вклад с опцией пополнения,Вклад,2763,https://bankiros.ru/bank/investtorgbank/deposits/tkb-prosto-vklad-s-opciej-popolnenia,Есть,Нет,Есть,2025-07-01
2054,367,9999,25000.0,999999999.0,9.0,Инвестторгбанк,ИТБ-Пенсионный,Вклад,2763,https://bankiros.ru/bank/investtorgbank/deposits/itb-pensionnyj,Есть,Есть,Есть,2025-07-01
2055,370,9999,50000.0,999999999.0,8.5,Инвестторгбанк,ИТБ. Просто вклад с опцией пополнения и снятия,Вклад,2763,https://bankiros.ru/bank/investtorgbank/deposits/itb-prosto-vklad-s-opciej-popolnenia-i-snatia,Есть,Есть,Есть,2025-07-01
2056,91,180,5000.0,999999999.0,18.75,Александровский,Брусника,Вклад,53,https://bankiros.ru/bank/aleksandrovsky/deposits/sezonnyj-27,Нет,Нет,Есть,2025-07-01
2057,181,366,5000.0,999999999.0,19.0,Александровский,Брусника,Вклад,53,https://bankiros.ru/bank/aleksandrovsky/deposits/sezonnyj-27,Нет,Нет,Есть,2025-07-01
2058,367,398,5000.0,999999999.0,18.0,Александровский,Брусника,Вклад,53,https://bankiros.ru/bank/aleksandrovsky/deposits/sezonnyj-27,Нет,Нет,Есть,2025-07-01
2059,399,449,5000.0,999999999.0,17.0,Александровский,Брусника,Вклад,53,https://bankiros.ru/bank/aleksandrovsky/deposits/sezonnyj-27,Нет,Нет,Есть,2025-07-01
2060,450,549,5000.0,999999999.0,16.0,Александровский,Брусника,Вклад,53,https://bankiros.ru/bank/aleksandrovsky/deposits/sezonnyj-27,Нет,Нет,Есть,2025-07-01
2061,550,734,5000.0,999999999.0,16.0,Александровский,Брусника,Вклад,53,https://bankiros.ru/bank/aleksandrovsky/deposits/sezonnyj-27,Нет,Нет,Есть,2025-07-01
2062,735,9999,5000.0,999999999.0,15.0,Александровский,Брусника,Вклад,53,https://bankiros.ru/bank/aleksandrovsky/deposits/sezonnyj-27,Нет,Нет,Есть,2025-07-01
2063,91,180,5000.0,999999999.0,18.75,Александровский,Пенсионный  особый,Вклад,53,https://bankiros.ru/bank/aleksandrovsky/deposits/pensionnyj-osobyj-2,Есть,Нет,Есть,2025-07-01
2064,181,366,5000.0,999999999.0,19.0,Александровский,Пенсионный  особый,Вклад,53,https://bankiros.ru/bank/aleksandrovsky/deposits/pensionnyj-osobyj-2,Есть,Нет,Есть,2025-07-01
2065,367,9999,5000.0,999999999.0,18.0,Александровский,Пенсионный  особый,Вклад,53,https://bankiros.ru/bank/aleksandrovsky/deposits/pensionnyj-osobyj-2,Есть,Нет,Есть,2025-07-01
2066,91,180,5000.0,999999999.0,18.25,Александровский,Пенсионный,Вклад,53,https://bankiros.ru/bank/aleksandrovsky/deposits/pensionnyj-153,Есть,Нет,Есть,2025-07-01
2067,181,366,5000.0,999999999.0,18.5,Александровский,Пенсионный,Вклад,53,https://bankiros.ru/bank/aleksandrovsky/deposits/pensionnyj-153,Есть,Нет,Есть,2025-07-01
2068,367,9999,5000.0,999999999.0,17.5,Александровский,Пенсионный,Вклад,53,https://bankiros.ru/bank/aleksandrovsky/deposits/pensionnyj-153,Есть,Нет,Есть,2025-07-01
2069,367,398,5000.0,999999999.0,17.0,Александровский,Бархатный,Вклад,53,https://bankiros.ru/bank/aleksandrovsky/deposits/sezonnyj-39,Есть,Нет,Есть,2025-07-01
2070,399,449,5000.0,999999999.0,16.0,Александровский,Бархатный,Вклад,53,https://bankiros.ru/bank/aleksandrovsky/deposits/sezonnyj-39,Есть,Нет,Есть,2025-07-01
2071,450,549,5000.0,999999999.0,15.0,Александровский,Бархатный,Вклад,53,https://bankiros.ru/bank/aleksandrovsky/deposits/sezonnyj-39,Есть,Нет,Есть,2025-07-01
2072,550,734,5000.0,999999999.0,15.0,Александровский,Бархатный,Вклад,53,https://bankiros.ru/bank/aleksandrovsky/deposits/sezonnyj-39,Есть,Нет,Есть,2025-07-01
2073,735,9999,5000.0,999999999.0,14.0,Александровский,Бархатный,Вклад,53,https://bankiros.ru/bank/aleksandrovsky/deposits/sezonnyj-39,Есть,Нет,Есть,2025-07-01
2074,1,9999,10.0,999999999.0,10.0,Александровский, «Идея»,Накопительный счет,53,https://bankiros.ru/bank/aleksandrovsky/deposits/idea,Есть,Есть,Нет,2025-07-01
2075,90,180,10000.0,1399999.0,18.25,Калуга,Каменный мост,Вклад,1151,https://bankiros.ru/bank/bank-kaluga/deposits/kamennyj-most-3,Нет,Нет,Нет,2025-07-01
2076,90,180,1400000.0,4999999.0,18.5,Калуга,Каменный мост,Вклад,1151,https://bankiros.ru/bank/bank-kaluga/deposits/kamennyj-most-3,Нет,Нет,Нет,2025-07-01
2077,90,180,5000000.0,999999999.0,17.5,Калуга,Каменный мост,Вклад,1151,https://bankiros.ru/bank/bank-kaluga/deposits/kamennyj-most-3,Нет,Нет,Нет,2025-07-01
2078,181,269,10000.0,1399999.0,17.0,Калуга,Каменный мост,Вклад,1151,https://bankiros.ru/bank/bank-kaluga/deposits/kamennyj-most-3,Нет,Нет,Нет,2025-07-01
2079,181,269,1400000.0,4999999.0,18.25,Калуга,Каменный мост,Вклад,1151,https://bankiros.ru/bank/bank-kaluga/deposits/kamennyj-most-3,Нет,Нет,Нет,2025-07-01
2080,181,269,5000000.0,999999999.0,18.5,Калуга,Каменный мост,Вклад,1151,https://bankiros.ru/bank/bank-kaluga/deposits/kamennyj-most-3,Нет,Нет,Нет,2025-07-01
2081,270,366,10000.0,1399999.0,17.5,Калуга,Каменный мост,Вклад,1151,https://bankiros.ru/bank/bank-kaluga/deposits/kamennyj-most-3,Нет,Нет,Нет,2025-07-01
2082,270,366,1400000.0,4999999.0,17.0,Калуга,Каменный мост,Вклад,1151,https://bankiros.ru/bank/bank-kaluga/deposits/kamennyj-most-3,Нет,Нет,Нет,2025-07-01
2083,270,366,5000000.0,999999999.0,18.75,Калуга,Каменный мост,Вклад,1151,https://bankiros.ru/bank/bank-kaluga/deposits/kamennyj-most-3,Нет,Нет,Нет,2025-07-01
2084,367,9999,10000.0,1399999.0,19.0,Калуга,Каменный мост,Вклад,1151,https://bankiros.ru/bank/bank-kaluga/deposits/kamennyj-most-3,Нет,Нет,Нет,2025-07-01
2085,367,9999,1400000.0,4999999.0,18.0,Калуга,Каменный мост,Вклад,1151,https://bankiros.ru/bank/bank-kaluga/deposits/kamennyj-most-3,Нет,Нет,Нет,2025-07-01
2086,367,9999,5000000.0,999999999.0,17.0,Калуга,Каменный мост,Вклад,1151,https://bankiros.ru/bank/bank-kaluga/deposits/kamennyj-most-3,Нет,Нет,Нет,2025-07-01
2087,90,180,10000.0,1399999.0,17.75,Калуга,Каменный мост (с капитализацией),Вклад,1151,https://bankiros.ru/bank/bank-kaluga/deposits/kamennyj-most,Нет,Нет,Нет,2025-07-01
2088,90,180,1400000.0,4999999.0,18.0,Калуга,Каменный мост (с капитализацией),Вклад,1151,https://bankiros.ru/bank/bank-kaluga/deposits/kamennyj-most,Нет,Нет,Нет,2025-07-01
2089,90,180,5000000.0,999999999.0,16.75,Калуга,Каменный мост (с капитализацией),Вклад,1151,https://bankiros.ru/bank/bank-kaluga/deposits/kamennyj-most,Нет,Нет,Нет,2025-07-01
2090,181,269,10000.0,1399999.0,16.5,Калуга,Каменный мост (с капитализацией),Вклад,1151,https://bankiros.ru/bank/bank-kaluga/deposits/kamennyj-most,Нет,Нет,Нет,2025-07-01
2091,181,269,1400000.0,4999999.0,17.75,Калуга,Каменный мост (с капитализацией),Вклад,1151,https://bankiros.ru/bank/bank-kaluga/deposits/kamennyj-most,Нет,Нет,Нет,2025-07-01
2092,181,269,5000000.0,999999999.0,18.0,Калуга,Каменный мост (с капитализацией),Вклад,1151,https://bankiros.ru/bank/bank-kaluga/deposits/kamennyj-most,Нет,Нет,Нет,2025-07-01
2093,270,366,10000.0,1399999.0,16.75,Калуга,Каменный мост (с капитализацией),Вклад,1151,https://bankiros.ru/bank/bank-kaluga/deposits/kamennyj-most,Нет,Нет,Нет,2025-07-01
2094,270,366,1400000.0,4999999.0,16.5,Калуга,Каменный мост (с капитализацией),Вклад,1151,https://bankiros.ru/bank/bank-kaluga/deposits/kamennyj-most,Нет,Нет,Нет,2025-07-01
2095,270,366,5000000.0,999999999.0,18.25,Калуга,Каменный мост (с капитализацией),Вклад,1151,https://bankiros.ru/bank/bank-kaluga/deposits/kamennyj-most,Нет,Нет,Нет,2025-07-01
2096,367,9999,10000.0,1399999.0,18.5,Калуга,Каменный мост (с капитализацией),Вклад,1151,https://bankiros.ru/bank/bank-kaluga/deposits/kamennyj-most,Нет,Нет,Нет,2025-07-01
2097,367,9999,1400000.0,4999999.0,17.25,Калуга,Каменный мост (с капитализацией),Вклад,1151,https://bankiros.ru/bank/bank-kaluga/deposits/kamennyj-most,Нет,Нет,Нет,2025-07-01
2098,367,9999,5000000.0,999999999.0,16.5,Калуга,Каменный мост (с капитализацией),Вклад,1151,https://bankiros.ru/bank/bank-kaluga/deposits/kamennyj-most,Нет,Нет,Нет,2025-07-01
2099,181,269,10000.0,1399999.0,10.0,Калуга,Гостиные ряды,Вклад,1151,https://bankiros.ru/bank/bank-kaluga/deposits/gostinye-rady,Есть,Есть,Нет,2025-07-01
2100,181,269,1400000.0,4999999.0,9.75,Калуга,Гостиные ряды,Вклад,1151,https://bankiros.ru/bank/bank-kaluga/deposits/gostinye-rady,Есть,Есть,Нет,2025-07-01
2101,181,269,5000000.0,999999999.0,9.75,Калуга,Гостиные ряды,Вклад,1151,https://bankiros.ru/bank/bank-kaluga/deposits/gostinye-rady,Есть,Есть,Нет,2025-07-01
2102,270,366,10000.0,1399999.0,10.5,Калуга,Гостиные ряды,Вклад,1151,https://bankiros.ru/bank/bank-kaluga/deposits/gostinye-rady,Есть,Есть,Нет,2025-07-01
2103,270,366,1400000.0,4999999.0,10.25,Калуга,Гостиные ряды,Вклад,1151,https://bankiros.ru/bank/bank-kaluga/deposits/gostinye-rady,Есть,Есть,Нет,2025-07-01
2104,270,366,5000000.0,999999999.0,10.25,Калуга,Гостиные ряды,Вклад,1151,https://bankiros.ru/bank/bank-kaluga/deposits/gostinye-rady,Есть,Есть,Нет,2025-07-01
2105,367,9999,10000.0,1399999.0,11.0,Калуга,Гостиные ряды,Вклад,1151,https://bankiros.ru/bank/bank-kaluga/deposits/gostinye-rady,Есть,Есть,Нет,2025-07-01
2106,367,9999,1400000.0,4999999.0,10.5,Калуга,Гостиные ряды,Вклад,1151,https://bankiros.ru/bank/bank-kaluga/deposits/gostinye-rady,Есть,Есть,Нет,2025-07-01
2107,367,9999,5000000.0,999999999.0,10.5,Калуга,Гостиные ряды,Вклад,1151,https://bankiros.ru/bank/bank-kaluga/deposits/gostinye-rady,Есть,Есть,Нет,2025-07-01
2108,181,269,10000.0,1399999.0,9.8,Калуга,Гостиные ряды (с капитализацией),Вклад,1151,https://bankiros.ru/bank/bank-kaluga/deposits/gostinye-rady-3,Есть,Есть,Нет,2025-07-01
2109,181,269,1400000.0,4999999.0,9.5,Калуга,Гостиные ряды (с капитализацией),Вклад,1151,https://bankiros.ru/bank/bank-kaluga/deposits/gostinye-rady-3,Есть,Есть,Нет,2025-07-01
2110,181,269,5000000.0,999999999.0,9.5,Калуга,Гостиные ряды (с капитализацией),Вклад,1151,https://bankiros.ru/bank/bank-kaluga/deposits/gostinye-rady-3,Есть,Есть,Нет,2025-07-01
2111,270,366,10000.0,1399999.0,10.25,Калуга,Гостиные ряды (с капитализацией),Вклад,1151,https://bankiros.ru/bank/bank-kaluga/deposits/gostinye-rady-3,Есть,Есть,Нет,2025-07-01
2112,270,366,1400000.0,4999999.0,10.0,Калуга,Гостиные ряды (с капитализацией),Вклад,1151,https://bankiros.ru/bank/bank-kaluga/deposits/gostinye-rady-3,Есть,Есть,Нет,2025-07-01
2113,270,366,5000000.0,999999999.0,10.0,Калуга,Гостиные ряды (с капитализацией),Вклад,1151,https://bankiros.ru/bank/bank-kaluga/deposits/gostinye-rady-3,Есть,Есть,Нет,2025-07-01
2114,367,9999,10000.0,1399999.0,10.75,Калуга,Гостиные ряды (с капитализацией),Вклад,1151,https://bankiros.ru/bank/bank-kaluga/deposits/gostinye-rady-3,Есть,Есть,Нет,2025-07-01
2115,367,9999,1400000.0,4999999.0,10.25,Калуга,Гостиные ряды (с капитализацией),Вклад,1151,https://bankiros.ru/bank/bank-kaluga/deposits/gostinye-rady-3,Есть,Есть,Нет,2025-07-01
2116,367,9999,5000000.0,999999999.0,10.25,Калуга,Гостиные ряды (с капитализацией),Вклад,1151,https://bankiros.ru/bank/bank-kaluga/deposits/gostinye-rady-3,Есть,Есть,Нет,2025-07-01
2117,732,9999,50.0,999999999.0,10.0,Калуга,Пенсионный,Вклад,1151,https://bankiros.ru/bank/bank-kaluga/deposits/pensionnyj-21,Есть,Есть,Есть,2025-07-01
2118,1100,9999,10.0,999999999.0,3.0,Калуга,Пенсионный Универсальный +,Вклад,1151,https://bankiros.ru/bank/bank-kaluga/deposits/pensionnyj-universalnyj,Есть,Есть,Есть,2025-07-01
2119,1100,9999,50000.0,999999999.0,3.0,Калуга,Пенсионный Элит +,Вклад,1151,https://bankiros.ru/bank/bank-kaluga/deposits/pensionnyj-elit,Есть,Есть,Есть,2025-07-01
2120,1,9999,100.0,999999999.0,1.0,Калуга,Социальный,Вклад,1151,https://bankiros.ru/bank/bank-kaluga/deposits/socialnyj-4,Есть,Нет,Нет,2025-07-01
2121,92,181,10000.0,999999999.0,19.0,Газтрансбанк,Сохраняй Онл@йн,Вклад,665,https://bankiros.ru/bank/gaztransbank/deposits/sohranaj-onljn-7,Нет,Нет,Нет,2025-07-01
2122,182,271,10000.0,999999999.0,18.5,Газтрансбанк,Сохраняй Онл@йн,Вклад,665,https://bankiros.ru/bank/gaztransbank/deposits/sohranaj-onljn-7,Нет,Нет,Нет,2025-07-01
2123,272,366,10000.0,999999999.0,17.0,Газтрансбанк,Сохраняй Онл@йн,Вклад,665,https://bankiros.ru/bank/gaztransbank/deposits/sohranaj-onljn-7,Нет,Нет,Нет,2025-07-01
2124,367,9999,10000.0,999999999.0,16.5,Газтрансбанк,Сохраняй Онл@йн,Вклад,665,https://bankiros.ru/bank/gaztransbank/deposits/sohranaj-onljn-7,Нет,Нет,Нет,2025-07-01
2125,92,9999,10000.0,999999999.0,19.0,Газтрансбанк,Квартальный,Вклад,665,https://bankiros.ru/bank/gaztransbank/deposits/kvartalnyj,Нет,Нет,Нет,2025-07-01
2126,200,9999,10000.0,999999999.0,18.5,Газтрансбанк,Выгодный,Вклад,665,https://bankiros.ru/bank/gaztransbank/deposits/vygodnyj-41,Есть,Есть,Есть,2025-07-01
2127,367,9999,5000000.0,999999999.0,18.0,Газтрансбанк,Стабильный,Вклад,665,https://bankiros.ru/bank/gaztransbank/deposits/stabilnyj-15,Нет,Нет,Нет,2025-07-01
2128,367,9999,100000.0,999999999.0,17.0,Газтрансбанк,Доходный,Вклад,665,https://bankiros.ru/bank/gaztransbank/deposits/dohodnyj-115,Нет,Нет,Нет,2025-07-01
2129,92,181,10000.0,500000.0,16.0,Газтрансбанк,Управляй Онл@йн,Вклад,665,https://bankiros.ru/bank/gaztransbank/deposits/upravlaj-onljn-5,Есть,Есть,Есть,2025-07-01
2130,92,181,500001.0,999999999.0,15.0,Газтрансбанк,Управляй Онл@йн,Вклад,665,https://bankiros.ru/bank/gaztransbank/deposits/upravlaj-onljn-5,Есть,Есть,Есть,2025-07-01
2131,182,9999,10000.0,500000.0,8.0,Газтрансбанк,Управляй Онл@йн,Вклад,665,https://bankiros.ru/bank/gaztransbank/deposits/upravlaj-onljn-5,Есть,Есть,Есть,2025-07-01
2132,182,9999,500001.0,999999999.0,7.5,Газтрансбанк,Управляй Онл@йн,Вклад,665,https://bankiros.ru/bank/gaztransbank/deposits/upravlaj-onljn-5,Есть,Есть,Есть,2025-07-01
2133,1,9999,1000.0,1000000.0,16.0,Газтрансбанк,Накопительный счет,Накопительный счет,665,https://bankiros.ru/bank/gaztransbank/deposits/nakopitelnyj-225,Есть,Есть,Нет,2025-07-01
2134,1,9999,1000010.0,999999999.0,8.0,Газтрансбанк,Накопительный счет,Накопительный счет,665,https://bankiros.ru/bank/gaztransbank/deposits/nakopitelnyj-225,Есть,Есть,Нет,2025-07-01
2135,550,9999,100000.0,999999999.0,15.0,Газтрансбанк,Капитальный,Вклад,665,https://bankiros.ru/bank/gaztransbank/deposits/kapitalnyj-8,Нет,Есть,Нет,2025-07-01
2136,1100,9999,100000.0,999999999.0,14.0,Газтрансбанк,Эффективный,Вклад,665,https://bankiros.ru/bank/gaztransbank/deposits/effektivnyj-3,Нет,Нет,Нет,2025-07-01
2137,7,30,1500000.0,999999999.0,19.0,СПБ Банк,Универсальный,Вклад,435,https://bankiros.ru/bank/spbbank/deposits/universalnyj-37,Нет,Нет,Нет,2025-07-01
2138,31,9999,1500000.0,999999999.0,18.0,СПБ Банк,Универсальный,Вклад,435,https://bankiros.ru/bank/spbbank/deposits/universalnyj-37,Нет,Нет,Нет,2025-07-01
2139,31,60,1500000.0,999999999.0,18.0,СПБ Банк,Сбережение,Вклад,435,https://bankiros.ru/bank/spbbank/deposits/sberezenie,Есть,Нет,Нет,2025-07-01
2140,61,90,1500000.0,999999999.0,18.0,СПБ Банк,Сбережение,Вклад,435,https://bankiros.ru/bank/spbbank/deposits/sberezenie,Есть,Нет,Нет,2025-07-01
2141,91,180,1500000.0,999999999.0,19.0,СПБ Банк,Сбережение,Вклад,435,https://bankiros.ru/bank/spbbank/deposits/sberezenie,Есть,Нет,Нет,2025-07-01
2142,181,364,1500000.0,999999999.0,19.0,СПБ Банк,Сбережение,Вклад,435,https://bankiros.ru/bank/spbbank/deposits/sberezenie,Есть,Нет,Нет,2025-07-01
2143,365,9999,1500000.0,999999999.0,19.0,СПБ Банк,Сбережение,Вклад,435,https://bankiros.ru/bank/spbbank/deposits/sberezenie,Есть,Нет,Нет,2025-07-01
2144,31,60,100.0,999999999.0,8.0,Прио-Внешторгбанк,Срочный,Вклад,212,https://bankiros.ru/bank/priovtb/deposits/srocnyj-32,Нет,Нет,Есть,2025-07-01
2145,61,90,100.0,999999999.0,19.0,Прио-Внешторгбанк,Срочный,Вклад,212,https://bankiros.ru/bank/priovtb/deposits/srocnyj-32,Нет,Нет,Есть,2025-07-01
2146,91,120,100.0,999999999.0,19.0,Прио-Внешторгбанк,Срочный,Вклад,212,https://bankiros.ru/bank/priovtb/deposits/srocnyj-32,Нет,Нет,Есть,2025-07-01
2147,121,180,100.0,999999999.0,18.0,Прио-Внешторгбанк,Срочный,Вклад,212,https://bankiros.ru/bank/priovtb/deposits/srocnyj-32,Нет,Нет,Есть,2025-07-01
2148,181,364,100.0,999999999.0,15.0,Прио-Внешторгбанк,Срочный,Вклад,212,https://bankiros.ru/bank/priovtb/deposits/srocnyj-32,Нет,Нет,Есть,2025-07-01
2149,365,9999,100.0,999999999.0,10.0,Прио-Внешторгбанк,Срочный,Вклад,212,https://bankiros.ru/bank/priovtb/deposits/srocnyj-32,Нет,Нет,Есть,2025-07-01
2150,181,9999,10000.0,999999999.0,17.0,Прио-Внешторгбанк,Срочное решение,Вклад,212,https://bankiros.ru/bank/priovtb/deposits/srocnoe-resenie,Нет,Нет,Есть,2025-07-01
2151,1,365,10000.0,999999999.0,15.0,Прио-Внешторгбанк,Перспективный,Вклад,212,https://bankiros.ru/bank/priovtb/deposits/perspektivnyj-11,Нет,Нет,Есть,2025-07-01
2152,366,730,10000.0,999999999.0,6.0,Прио-Внешторгбанк,Перспективный,Вклад,212,https://bankiros.ru/bank/priovtb/deposits/perspektivnyj-11,Нет,Нет,Есть,2025-07-01
2153,731,1095,10000.0,999999999.0,5.5,Прио-Внешторгбанк,Перспективный,Вклад,212,https://bankiros.ru/bank/priovtb/deposits/perspektivnyj-11,Нет,Нет,Есть,2025-07-01
2154,365,729,1000.0,999999999.0,14.0,Прио-Внешторгбанк,Пенсионный доход онлайн,Вклад,212,https://bankiros.ru/bank/priovtb/deposits/pensionnyj-dohod-onlajn,Есть,Есть,Есть,2025-07-01
2155,730,9999,1000.0,999999999.0,8.0,Прио-Внешторгбанк,Пенсионный доход онлайн,Вклад,212,https://bankiros.ru/bank/priovtb/deposits/pensionnyj-dohod-onlajn,Есть,Есть,Есть,2025-07-01
2156,365,9999,1000.0,999999999.0,14.0,Прио-Внешторгбанк,Копилка онлайн,Вклад,212,https://bankiros.ru/bank/priovtb/deposits/kopilka-onlajn-3,Есть,Нет,Есть,2025-07-01
2157,181,9999,10000.0,999999999.0,14.0,Прио-Внешторгбанк,Флагман,Вклад,212,https://bankiros.ru/bank/priovtb/deposits/flagman,Нет,Нет,Есть,2025-07-01
2158,1,365,10000.0,999999999.0,14.0,Прио-Внешторгбанк,Перспектива Плюс,Вклад,212,https://bankiros.ru/bank/priovtb/deposits/perspektiva-plus,Есть,Нет,Есть,2025-07-01
2159,366,730,10000.0,999999999.0,5.5,Прио-Внешторгбанк,Перспектива Плюс,Вклад,212,https://bankiros.ru/bank/priovtb/deposits/perspektiva-plus,Есть,Нет,Есть,2025-07-01
2160,731,1095,10000.0,999999999.0,5.0,Прио-Внешторгбанк,Перспектива Плюс,Вклад,212,https://bankiros.ru/bank/priovtb/deposits/perspektiva-plus,Есть,Нет,Есть,2025-07-01
2161,365,729,10.0,999999999.0,14.0,Прио-Внешторгбанк,Пенсионный доход,Вклад,212,https://bankiros.ru/bank/priovtb/deposits/pensionnyj-dohod-9,Есть,Есть,Есть,2025-07-01
2162,730,9999,10.0,999999999.0,8.0,Прио-Внешторгбанк,Пенсионный доход,Вклад,212,https://bankiros.ru/bank/priovtb/deposits/pensionnyj-dohod-9,Есть,Есть,Есть,2025-07-01
2163,365,9999,1000.0,999999999.0,14.0,Прио-Внешторгбанк,Казначей онлайн,Вклад,212,https://bankiros.ru/bank/priovtb/deposits/kaznacej-onlajn,Есть,Есть,Есть,2025-07-01
2164,365,539,1000.0,999999999.0,10.0,Прио-Внешторгбанк,Пенсионный Плюс,Вклад,212,https://bankiros.ru/bank/priovtb/deposits/pensionnyj-plus-21,Есть,Нет,Есть,2025-07-01
2165,540,729,1000.0,999999999.0,8.5,Прио-Внешторгбанк,Пенсионный Плюс,Вклад,212,https://bankiros.ru/bank/priovtb/deposits/pensionnyj-plus-21,Есть,Нет,Есть,2025-07-01
2166,730,9999,1000.0,999999999.0,6.0,Прио-Внешторгбанк,Пенсионный Плюс,Вклад,212,https://bankiros.ru/bank/priovtb/deposits/pensionnyj-plus-21,Есть,Нет,Есть,2025-07-01
2167,365,9999,100.0,999999999.0,10.0,Прио-Внешторгбанк,Накопительный,Накопительный счет,212,https://bankiros.ru/bank/priovtb/deposits/nakopitelnyj-205,Есть,Нет,Есть,2025-07-01
2168,120,9999,20000.0,30000000.0,19.0,Хлынов,С чистого листа,Вклад,254,https://bankiros.ru/bank/hlynov/deposits/s-cistogo-lista,Есть,Есть,Есть,2025-07-01
2169,91,119,5000.0,999999999.0,17.5,Хлынов,Уверенный плюс,Вклад,254,https://bankiros.ru/bank/hlynov/deposits/uverennyj-plus,Нет,Нет,Есть,2025-07-01
2170,120,149,5000.0,999999999.0,18.3,Хлынов,Уверенный плюс,Вклад,254,https://bankiros.ru/bank/hlynov/deposits/uverennyj-plus,Нет,Нет,Есть,2025-07-01
2171,150,180,5000.0,999999999.0,18.0,Хлынов,Уверенный плюс,Вклад,254,https://bankiros.ru/bank/hlynov/deposits/uverennyj-plus,Нет,Нет,Есть,2025-07-01
2172,181,239,5000.0,999999999.0,17.5,Хлынов,Уверенный плюс,Вклад,254,https://bankiros.ru/bank/hlynov/deposits/uverennyj-plus,Нет,Нет,Есть,2025-07-01
2173,240,299,5000.0,999999999.0,17.0,Хлынов,Уверенный плюс,Вклад,254,https://bankiros.ru/bank/hlynov/deposits/uverennyj-plus,Нет,Нет,Есть,2025-07-01
2174,300,366,5000.0,999999999.0,17.0,Хлынов,Уверенный плюс,Вклад,254,https://bankiros.ru/bank/hlynov/deposits/uverennyj-plus,Нет,Нет,Есть,2025-07-01
2175,367,9999,5000.0,999999999.0,16.5,Хлынов,Уверенный плюс,Вклад,254,https://bankiros.ru/bank/hlynov/deposits/uverennyj-plus,Нет,Нет,Есть,2025-07-01
2176,1,61,10.0,1000000.0,18.0,Хлынов,Накопительный счет,Накопительный счет,254,https://bankiros.ru/bank/hlynov/deposits/nakopitelnyj-scet-140,Есть,Есть,Нет,2025-07-01
2177,1,61,1000010.0,999999999.0,12.0,Хлынов,Накопительный счет,Накопительный счет,254,https://bankiros.ru/bank/hlynov/deposits/nakopitelnyj-scet-140,Есть,Есть,Нет,2025-07-01
2178,62,9999,10.0,1000000.0,5.0,Хлынов,Накопительный счет,Накопительный счет,254,https://bankiros.ru/bank/hlynov/deposits/nakopitelnyj-scet-140,Есть,Есть,Нет,2025-07-01
2179,62,9999,1000010.0,999999999.0,5.0,Хлынов,Накопительный счет,Накопительный счет,254,https://bankiros.ru/bank/hlynov/deposits/nakopitelnyj-scet-140,Есть,Есть,Нет,2025-07-01
2180,91,119,5000.0,999999999.0,17.3,Хлынов,Уверенный,Вклад,254,https://bankiros.ru/bank/hlynov/deposits/uverennyj-11,Нет,Есть,Есть,2025-07-01
2181,120,149,5000.0,999999999.0,18.0,Хлынов,Уверенный,Вклад,254,https://bankiros.ru/bank/hlynov/deposits/uverennyj-11,Нет,Есть,Есть,2025-07-01
2182,150,180,5000.0,999999999.0,17.5,Хлынов,Уверенный,Вклад,254,https://bankiros.ru/bank/hlynov/deposits/uverennyj-11,Нет,Есть,Есть,2025-07-01
2183,181,239,5000.0,999999999.0,17.0,Хлынов,Уверенный,Вклад,254,https://bankiros.ru/bank/hlynov/deposits/uverennyj-11,Нет,Есть,Есть,2025-07-01
2184,240,299,5000.0,999999999.0,16.0,Хлынов,Уверенный,Вклад,254,https://bankiros.ru/bank/hlynov/deposits/uverennyj-11,Нет,Есть,Есть,2025-07-01
2185,300,366,5000.0,999999999.0,16.0,Хлынов,Уверенный,Вклад,254,https://bankiros.ru/bank/hlynov/deposits/uverennyj-11,Нет,Есть,Есть,2025-07-01
2186,367,730,5000.0,999999999.0,15.5,Хлынов,Уверенный,Вклад,254,https://bankiros.ru/bank/hlynov/deposits/uverennyj-11,Нет,Есть,Есть,2025-07-01
2187,731,1096,5000.0,999999999.0,12.0,Хлынов,Уверенный,Вклад,254,https://bankiros.ru/bank/hlynov/deposits/uverennyj-11,Нет,Есть,Есть,2025-07-01
2188,1097,9999,5000.0,999999999.0,11.0,Хлынов,Уверенный,Вклад,254,https://bankiros.ru/bank/hlynov/deposits/uverennyj-11,Нет,Есть,Есть,2025-07-01
2189,1,181,20000.0,999999999.0,17.5,Хлынов,Марафон,Вклад,254,https://bankiros.ru/bank/hlynov/deposits/marafon,Нет,Нет,Есть,2025-07-01
2190,182,366,20000.0,999999999.0,15.5,Хлынов,Марафон,Вклад,254,https://bankiros.ru/bank/hlynov/deposits/marafon,Нет,Нет,Есть,2025-07-01
2191,367,546,20000.0,999999999.0,12.0,Хлынов,Марафон,Вклад,254,https://bankiros.ru/bank/hlynov/deposits/marafon,Нет,Нет,Есть,2025-07-01
2192,181,545,5000.0,999999999.0,6.0,Хлынов,Для управления,Вклад,254,https://bankiros.ru/bank/hlynov/deposits/moi-vozmoznosti,Есть,Есть,Есть,2025-07-01
2193,546,9999,5000.0,999999999.0,5.0,Хлынов,Для управления,Вклад,254,https://bankiros.ru/bank/hlynov/deposits/moi-vozmoznosti,Есть,Есть,Есть,2025-07-01
2194,31,90,5000.0,499999.0,15.0,Венец,Стабильный онлайн,Вклад,524,https://bankiros.ru/bank/venetsbank/deposits/stabilnyj-onlajn,Нет,Нет,Есть,2025-07-01
2195,31,90,500000.0,999999.0,19.0,Венец,Стабильный онлайн,Вклад,524,https://bankiros.ru/bank/venetsbank/deposits/stabilnyj-onlajn,Нет,Нет,Есть,2025-07-01
2196,31,90,1000000.0,1499990.0,19.0,Венец,Стабильный онлайн,Вклад,524,https://bankiros.ru/bank/venetsbank/deposits/stabilnyj-onlajn,Нет,Нет,Есть,2025-07-01
2197,31,90,1500000.0,10000000.0,16.7,Венец,Стабильный онлайн,Вклад,524,https://bankiros.ru/bank/venetsbank/deposits/stabilnyj-onlajn,Нет,Нет,Есть,2025-07-01
2198,91,180,5000.0,499999.0,13.0,Венец,Стабильный онлайн,Вклад,524,https://bankiros.ru/bank/venetsbank/deposits/stabilnyj-onlajn,Нет,Нет,Есть,2025-07-01
2199,91,180,500000.0,999999.0,12.0,Венец,Стабильный онлайн,Вклад,524,https://bankiros.ru/bank/venetsbank/deposits/stabilnyj-onlajn,Нет,Нет,Есть,2025-07-01
2200,91,180,1000000.0,1499990.0,16.0,Венец,Стабильный онлайн,Вклад,524,https://bankiros.ru/bank/venetsbank/deposits/stabilnyj-onlajn,Нет,Нет,Есть,2025-07-01
2201,91,180,1500000.0,10000000.0,19.0,Венец,Стабильный онлайн,Вклад,524,https://bankiros.ru/bank/venetsbank/deposits/stabilnyj-onlajn,Нет,Нет,Есть,2025-07-01
2202,181,370,5000.0,499999.0,19.0,Венец,Стабильный онлайн,Вклад,524,https://bankiros.ru/bank/venetsbank/deposits/stabilnyj-onlajn,Нет,Нет,Есть,2025-07-01
2203,181,370,500000.0,999999.0,16.7,Венец,Стабильный онлайн,Вклад,524,https://bankiros.ru/bank/venetsbank/deposits/stabilnyj-onlajn,Нет,Нет,Есть,2025-07-01
2204,181,370,1000000.0,1499990.0,13.0,Венец,Стабильный онлайн,Вклад,524,https://bankiros.ru/bank/venetsbank/deposits/stabilnyj-onlajn,Нет,Нет,Есть,2025-07-01
2205,181,370,1500000.0,10000000.0,12.0,Венец,Стабильный онлайн,Вклад,524,https://bankiros.ru/bank/venetsbank/deposits/stabilnyj-onlajn,Нет,Нет,Есть,2025-07-01
2206,371,545,5000.0,499999.0,17.0,Венец,Стабильный онлайн,Вклад,524,https://bankiros.ru/bank/venetsbank/deposits/stabilnyj-onlajn,Нет,Нет,Есть,2025-07-01
2207,371,545,500000.0,999999.0,19.0,Венец,Стабильный онлайн,Вклад,524,https://bankiros.ru/bank/venetsbank/deposits/stabilnyj-onlajn,Нет,Нет,Есть,2025-07-01
2208,371,545,1000000.0,1499990.0,19.0,Венец,Стабильный онлайн,Вклад,524,https://bankiros.ru/bank/venetsbank/deposits/stabilnyj-onlajn,Нет,Нет,Есть,2025-07-01
2209,371,545,1500000.0,10000000.0,16.7,Венец,Стабильный онлайн,Вклад,524,https://bankiros.ru/bank/venetsbank/deposits/stabilnyj-onlajn,Нет,Нет,Есть,2025-07-01
2210,546,732,5000.0,499999.0,13.0,Венец,Стабильный онлайн,Вклад,524,https://bankiros.ru/bank/venetsbank/deposits/stabilnyj-onlajn,Нет,Нет,Есть,2025-07-01
2211,546,732,500000.0,999999.0,12.0,Венец,Стабильный онлайн,Вклад,524,https://bankiros.ru/bank/venetsbank/deposits/stabilnyj-onlajn,Нет,Нет,Есть,2025-07-01
2212,546,732,1000000.0,1499990.0,17.0,Венец,Стабильный онлайн,Вклад,524,https://bankiros.ru/bank/venetsbank/deposits/stabilnyj-onlajn,Нет,Нет,Есть,2025-07-01
2213,546,732,1500000.0,10000000.0,19.0,Венец,Стабильный онлайн,Вклад,524,https://bankiros.ru/bank/venetsbank/deposits/stabilnyj-onlajn,Нет,Нет,Есть,2025-07-01
2214,733,1095,5000.0,499999.0,19.0,Венец,Стабильный онлайн,Вклад,524,https://bankiros.ru/bank/venetsbank/deposits/stabilnyj-onlajn,Нет,Нет,Есть,2025-07-01
2215,733,1095,500000.0,999999.0,16.7,Венец,Стабильный онлайн,Вклад,524,https://bankiros.ru/bank/venetsbank/deposits/stabilnyj-onlajn,Нет,Нет,Есть,2025-07-01
2216,733,1095,1000000.0,1499990.0,13.0,Венец,Стабильный онлайн,Вклад,524,https://bankiros.ru/bank/venetsbank/deposits/stabilnyj-onlajn,Нет,Нет,Есть,2025-07-01
2217,733,1095,1500000.0,10000000.0,12.0,Венец,Стабильный онлайн,Вклад,524,https://bankiros.ru/bank/venetsbank/deposits/stabilnyj-onlajn,Нет,Нет,Есть,2025-07-01
2218,31,90,5000.0,499999.0,15.0,Венец,Стабильный,Вклад,524,https://bankiros.ru/bank/venetsbank/deposits/stabilnyj-17,Нет,Нет,Есть,2025-07-01
2219,31,90,500000.0,999999.0,19.0,Венец,Стабильный,Вклад,524,https://bankiros.ru/bank/venetsbank/deposits/stabilnyj-17,Нет,Нет,Есть,2025-07-01
2220,31,90,1000000.0,1499990.0,19.0,Венец,Стабильный,Вклад,524,https://bankiros.ru/bank/venetsbank/deposits/stabilnyj-17,Нет,Нет,Есть,2025-07-01
2221,31,90,1500000.0,500000000.0,16.7,Венец,Стабильный,Вклад,524,https://bankiros.ru/bank/venetsbank/deposits/stabilnyj-17,Нет,Нет,Есть,2025-07-01
2222,91,180,5000.0,499999.0,13.0,Венец,Стабильный,Вклад,524,https://bankiros.ru/bank/venetsbank/deposits/stabilnyj-17,Нет,Нет,Есть,2025-07-01
2223,91,180,500000.0,999999.0,12.0,Венец,Стабильный,Вклад,524,https://bankiros.ru/bank/venetsbank/deposits/stabilnyj-17,Нет,Нет,Есть,2025-07-01
2224,91,180,1000000.0,1499990.0,16.0,Венец,Стабильный,Вклад,524,https://bankiros.ru/bank/venetsbank/deposits/stabilnyj-17,Нет,Нет,Есть,2025-07-01
2225,91,180,1500000.0,500000000.0,19.0,Венец,Стабильный,Вклад,524,https://bankiros.ru/bank/venetsbank/deposits/stabilnyj-17,Нет,Нет,Есть,2025-07-01
2226,181,370,5000.0,499999.0,19.0,Венец,Стабильный,Вклад,524,https://bankiros.ru/bank/venetsbank/deposits/stabilnyj-17,Нет,Нет,Есть,2025-07-01
2227,181,370,500000.0,999999.0,16.7,Венец,Стабильный,Вклад,524,https://bankiros.ru/bank/venetsbank/deposits/stabilnyj-17,Нет,Нет,Есть,2025-07-01
2228,181,370,1000000.0,1499990.0,13.0,Венец,Стабильный,Вклад,524,https://bankiros.ru/bank/venetsbank/deposits/stabilnyj-17,Нет,Нет,Есть,2025-07-01
2229,181,370,1500000.0,500000000.0,12.0,Венец,Стабильный,Вклад,524,https://bankiros.ru/bank/venetsbank/deposits/stabilnyj-17,Нет,Нет,Есть,2025-07-01
2230,371,545,5000.0,499999.0,17.0,Венец,Стабильный,Вклад,524,https://bankiros.ru/bank/venetsbank/deposits/stabilnyj-17,Нет,Нет,Есть,2025-07-01
2231,371,545,500000.0,999999.0,19.0,Венец,Стабильный,Вклад,524,https://bankiros.ru/bank/venetsbank/deposits/stabilnyj-17,Нет,Нет,Есть,2025-07-01
2232,371,545,1000000.0,1499990.0,19.0,Венец,Стабильный,Вклад,524,https://bankiros.ru/bank/venetsbank/deposits/stabilnyj-17,Нет,Нет,Есть,2025-07-01
2233,371,545,1500000.0,500000000.0,16.7,Венец,Стабильный,Вклад,524,https://bankiros.ru/bank/venetsbank/deposits/stabilnyj-17,Нет,Нет,Есть,2025-07-01
2234,546,732,5000.0,499999.0,13.0,Венец,Стабильный,Вклад,524,https://bankiros.ru/bank/venetsbank/deposits/stabilnyj-17,Нет,Нет,Есть,2025-07-01
2235,546,732,500000.0,999999.0,12.0,Венец,Стабильный,Вклад,524,https://bankiros.ru/bank/venetsbank/deposits/stabilnyj-17,Нет,Нет,Есть,2025-07-01
2236,546,732,1000000.0,1499990.0,17.0,Венец,Стабильный,Вклад,524,https://bankiros.ru/bank/venetsbank/deposits/stabilnyj-17,Нет,Нет,Есть,2025-07-01
2237,546,732,1500000.0,500000000.0,19.0,Венец,Стабильный,Вклад,524,https://bankiros.ru/bank/venetsbank/deposits/stabilnyj-17,Нет,Нет,Есть,2025-07-01
2238,733,1095,5000.0,499999.0,19.0,Венец,Стабильный,Вклад,524,https://bankiros.ru/bank/venetsbank/deposits/stabilnyj-17,Нет,Нет,Есть,2025-07-01
2239,733,1095,500000.0,999999.0,16.7,Венец,Стабильный,Вклад,524,https://bankiros.ru/bank/venetsbank/deposits/stabilnyj-17,Нет,Нет,Есть,2025-07-01
2240,733,1095,1000000.0,1499990.0,13.0,Венец,Стабильный,Вклад,524,https://bankiros.ru/bank/venetsbank/deposits/stabilnyj-17,Нет,Нет,Есть,2025-07-01
2241,733,1095,1500000.0,500000000.0,12.0,Венец,Стабильный,Вклад,524,https://bankiros.ru/bank/venetsbank/deposits/stabilnyj-17,Нет,Нет,Есть,2025-07-01
2242,91,180,10000.0,10000000.0,19.0,Венец,Классический (% ежемесячно),Вклад,524,https://bankiros.ru/bank/venetsbank/deposits/klassiceskij-25,Нет,Нет,Нет,2025-07-01
2243,181,370,10000.0,10000000.0,18.5,Венец,Классический (% ежемесячно),Вклад,524,https://bankiros.ru/bank/venetsbank/deposits/klassiceskij-25,Нет,Нет,Нет,2025-07-01
2244,371,395,10000.0,10000000.0,18.9,Венец,Классический (% ежемесячно),Вклад,524,https://bankiros.ru/bank/venetsbank/deposits/klassiceskij-25,Нет,Нет,Нет,2025-07-01
2245,91,180,1000.0,10000000.0,16.5,Венец,Пополняемый,Вклад,524,https://bankiros.ru/bank/venetsbank/deposits/popolnaemyj-41,Есть,Нет,Есть,2025-07-01
2246,181,370,1000.0,10000000.0,16.5,Венец,Пополняемый,Вклад,524,https://bankiros.ru/bank/venetsbank/deposits/popolnaemyj-41,Есть,Нет,Есть,2025-07-01
2247,371,450,1000.0,10000000.0,16.5,Венец,Пополняемый,Вклад,524,https://bankiros.ru/bank/venetsbank/deposits/popolnaemyj-41,Есть,Нет,Есть,2025-07-01
2248,451,545,1000.0,10000000.0,14.5,Венец,Пополняемый,Вклад,524,https://bankiros.ru/bank/venetsbank/deposits/popolnaemyj-41,Есть,Нет,Есть,2025-07-01
2249,546,730,1000.0,10000000.0,11.0,Венец,Пополняемый,Вклад,524,https://bankiros.ru/bank/venetsbank/deposits/popolnaemyj-41,Есть,Нет,Есть,2025-07-01
2250,731,1095,1000.0,10000000.0,11.0,Венец,Пополняемый,Вклад,524,https://bankiros.ru/bank/venetsbank/deposits/popolnaemyj-41,Есть,Нет,Есть,2025-07-01
2251,1,9999,10.0,999999999.0,1.0,Венец,Пенсионный до востребования,Вклад,524,https://bankiros.ru/bank/venetsbank/deposits/pensionnyj-do-vostrebovania-2,Есть,Есть,Нет,2025-07-01
2252,91,184,100000000.0,999999999.0,19.0,Социум-Банк,Премиум+,Вклад,2881,https://bankiros.ru/bank/socium-bank/deposits/premium-28,Есть,Есть,Есть,2025-07-01
2253,185,369,100000000.0,999999999.0,18.5,Социум-Банк,Премиум+,Вклад,2881,https://bankiros.ru/bank/socium-bank/deposits/premium-28,Есть,Есть,Есть,2025-07-01
2254,370,9999,100000000.0,999999999.0,18.0,Социум-Банк,Премиум+,Вклад,2881,https://bankiros.ru/bank/socium-bank/deposits/premium-28,Есть,Есть,Есть,2025-07-01
2255,91,180,100000.0,999999999.0,18.0,Социум-Банк,Верный выбор,Вклад,2881,https://bankiros.ru/bank/socium-bank/deposits/vernyj-vybor,Нет,Нет,Есть,2025-07-01
2256,181,366,100000.0,999999999.0,17.5,Социум-Банк,Верный выбор,Вклад,2881,https://bankiros.ru/bank/socium-bank/deposits/vernyj-vybor,Нет,Нет,Есть,2025-07-01
2257,367,9999,100000.0,999999999.0,14.5,Социум-Банк,Верный выбор,Вклад,2881,https://bankiros.ru/bank/socium-bank/deposits/vernyj-vybor,Нет,Нет,Есть,2025-07-01
2258,185,272,25000.0,1500000.0,16.0,Социум-Банк,Комфорт,Вклад,2881,https://bankiros.ru/bank/socium-bank/deposits/komfort-15,Есть,Есть,Есть,2025-07-01
2259,185,272,1500010.0,999999999.0,15.5,Социум-Банк,Комфорт,Вклад,2881,https://bankiros.ru/bank/socium-bank/deposits/komfort-15,Есть,Есть,Есть,2025-07-01
2260,273,367,25000.0,1500000.0,17.0,Социум-Банк,Комфорт,Вклад,2881,https://bankiros.ru/bank/socium-bank/deposits/komfort-15,Есть,Есть,Есть,2025-07-01
2261,273,367,1500010.0,999999999.0,16.5,Социум-Банк,Комфорт,Вклад,2881,https://bankiros.ru/bank/socium-bank/deposits/komfort-15,Есть,Есть,Есть,2025-07-01
2262,185,369,50000.0,999999999.0,16.5,Социум-Банк,Ключевой,Вклад,2881,https://bankiros.ru/bank/socium-bank/deposits/klucevoj-19,Есть,Нет,Нет,2025-07-01
2263,370,9999,50000.0,999999999.0,17.0,Социум-Банк,Ключевой,Вклад,2881,https://bankiros.ru/bank/socium-bank/deposits/klucevoj-19,Есть,Нет,Нет,2025-07-01
2264,1,9999,10001.0,500000.0,13.0,Социум-Банк,Накопительный счет «Универсальный»,Накопительный счет,2881,https://bankiros.ru/bank/socium-bank/deposits/nakopitelnyj-scet-226,Есть,Есть,Есть,2025-07-01
2265,1,9999,500001.0,999999.0,15.0,Социум-Банк,Накопительный счет «Универсальный»,Накопительный счет,2881,https://bankiros.ru/bank/socium-bank/deposits/nakopitelnyj-scet-226,Есть,Есть,Есть,2025-07-01
2266,1,9999,1000000.0,999999999.0,16.0,Социум-Банк,Накопительный счет «Универсальный»,Накопительный счет,2881,https://bankiros.ru/bank/socium-bank/deposits/nakopitelnyj-scet-226,Есть,Есть,Есть,2025-07-01
2267,1,9999,0.0,999999999.0,0.3,Социум-Банк,До востребования,Вклад,2881,https://bankiros.ru/bank/socium-bank/deposits/do-vostrebovania-233,Есть,Есть,Нет,2025-07-01
2268,31,60,15000.0,999999999.0,18.75,ИТ Банк,Осенний,Вклад,2609,https://bankiros.ru/bank/itbank/deposits/sezonnyj-119,Нет,Нет,Есть,2025-07-01
2269,61,90,15000.0,999999999.0,18.75,ИТ Банк,Осенний,Вклад,2609,https://bankiros.ru/bank/itbank/deposits/sezonnyj-119,Нет,Нет,Есть,2025-07-01
2270,91,120,15000.0,999999999.0,19.0,ИТ Банк,Осенний,Вклад,2609,https://bankiros.ru/bank/itbank/deposits/sezonnyj-119,Нет,Нет,Есть,2025-07-01
2271,121,180,15000.0,999999999.0,18.5,ИТ Банк,Осенний,Вклад,2609,https://bankiros.ru/bank/itbank/deposits/sezonnyj-119,Нет,Нет,Есть,2025-07-01
2272,181,366,15000.0,999999999.0,17.0,ИТ Банк,Осенний,Вклад,2609,https://bankiros.ru/bank/itbank/deposits/sezonnyj-119,Нет,Нет,Есть,2025-07-01
2273,367,9999,15000.0,999999999.0,15.0,ИТ Банк,Осенний,Вклад,2609,https://bankiros.ru/bank/itbank/deposits/sezonnyj-119,Нет,Нет,Есть,2025-07-01
2274,14,90,15000.0,1399990.0,18.5,ИТ Банк,Срочный,Вклад,2609,https://bankiros.ru/bank/itbank/deposits/vygoda-4,Нет,Нет,Есть,2025-07-01
2275,14,90,1400000.0,999999999.0,18.5,ИТ Банк,Срочный,Вклад,2609,https://bankiros.ru/bank/itbank/deposits/vygoda-4,Нет,Нет,Есть,2025-07-01
2276,91,181,15000.0,1399990.0,17.0,ИТ Банк,Срочный,Вклад,2609,https://bankiros.ru/bank/itbank/deposits/vygoda-4,Нет,Нет,Есть,2025-07-01
2277,91,181,1400000.0,999999999.0,13.0,ИТ Банк,Срочный,Вклад,2609,https://bankiros.ru/bank/itbank/deposits/vygoda-4,Нет,Нет,Есть,2025-07-01
2278,182,367,15000.0,1399990.0,18.5,ИТ Банк,Срочный,Вклад,2609,https://bankiros.ru/bank/itbank/deposits/vygoda-4,Нет,Нет,Есть,2025-07-01
2279,182,367,1400000.0,999999999.0,18.5,ИТ Банк,Срочный,Вклад,2609,https://bankiros.ru/bank/itbank/deposits/vygoda-4,Нет,Нет,Есть,2025-07-01
2280,368,1100,15000.0,1399990.0,17.0,ИТ Банк,Срочный,Вклад,2609,https://bankiros.ru/bank/itbank/deposits/vygoda-4,Нет,Нет,Есть,2025-07-01
2281,368,1100,1400000.0,999999999.0,13.0,ИТ Банк,Срочный,Вклад,2609,https://bankiros.ru/bank/itbank/deposits/vygoda-4,Нет,Нет,Есть,2025-07-01
2282,10,30,5000000.0,999999999.0,18.5,ИТ Банк,Элита,Вклад,2609,https://bankiros.ru/bank/itbank/deposits/elita,Есть,Есть,Нет,2025-07-01
2283,31,90,5000000.0,999999999.0,18.5,ИТ Банк,Элита,Вклад,2609,https://bankiros.ru/bank/itbank/deposits/elita,Есть,Есть,Нет,2025-07-01
2284,91,181,5000000.0,999999999.0,17.0,ИТ Банк,Элита,Вклад,2609,https://bankiros.ru/bank/itbank/deposits/elita,Есть,Есть,Нет,2025-07-01
2285,182,367,5000000.0,999999999.0,15.0,ИТ Банк,Элита,Вклад,2609,https://bankiros.ru/bank/itbank/deposits/elita,Есть,Есть,Нет,2025-07-01
2286,368,731,5000000.0,999999999.0,13.0,ИТ Банк,Элита,Вклад,2609,https://bankiros.ru/bank/itbank/deposits/elita,Есть,Есть,Нет,2025-07-01
2287,31,90,15000.0,999999999.0,17.0,ИТ Банк,Пенсионный плюс,Вклад,2609,https://bankiros.ru/bank/itbank/deposits/pensionnyj-plus-25,Есть,Есть,Нет,2025-07-01
2288,91,181,15000.0,999999999.0,15.0,ИТ Банк,Пенсионный плюс,Вклад,2609,https://bankiros.ru/bank/itbank/deposits/pensionnyj-plus-25,Есть,Есть,Нет,2025-07-01
2289,182,367,15000.0,999999999.0,14.0,ИТ Банк,Пенсионный плюс,Вклад,2609,https://bankiros.ru/bank/itbank/deposits/pensionnyj-plus-25,Есть,Есть,Нет,2025-07-01
2290,368,1100,15000.0,999999999.0,13.0,ИТ Банк,Пенсионный плюс,Вклад,2609,https://bankiros.ru/bank/itbank/deposits/pensionnyj-plus-25,Есть,Есть,Нет,2025-07-01
2291,91,181,15000.0,1399990.0,16.5,ИТ Банк,Выгода,Вклад,2609,https://bankiros.ru/bank/itbank/deposits/vygoda,Есть,Нет,Нет,2025-07-01
2292,91,181,1400000.0,999999999.0,15.0,ИТ Банк,Выгода,Вклад,2609,https://bankiros.ru/bank/itbank/deposits/vygoda,Есть,Нет,Нет,2025-07-01
2293,182,367,15000.0,1399990.0,13.0,ИТ Банк,Выгода,Вклад,2609,https://bankiros.ru/bank/itbank/deposits/vygoda,Есть,Нет,Нет,2025-07-01
2294,182,367,1400000.0,999999999.0,16.5,ИТ Банк,Выгода,Вклад,2609,https://bankiros.ru/bank/itbank/deposits/vygoda,Есть,Нет,Нет,2025-07-01
2295,368,1100,15000.0,1399990.0,15.0,ИТ Банк,Выгода,Вклад,2609,https://bankiros.ru/bank/itbank/deposits/vygoda,Есть,Нет,Нет,2025-07-01
2296,368,1100,1400000.0,999999999.0,13.0,ИТ Банк,Выгода,Вклад,2609,https://bankiros.ru/bank/itbank/deposits/vygoda,Есть,Нет,Нет,2025-07-01
2297,91,180,15000.0,999999999.0,16.0,ИТ Банк,Классика,Вклад,2609,https://bankiros.ru/bank/itbank/deposits/klassika-8,Есть,Нет,Есть,2025-07-01
2298,181,366,15000.0,999999999.0,15.0,ИТ Банк,Классика,Вклад,2609,https://bankiros.ru/bank/itbank/deposits/klassika-8,Есть,Нет,Есть,2025-07-01
2299,367,730,15000.0,999999999.0,13.0,ИТ Банк,Классика,Вклад,2609,https://bankiros.ru/bank/itbank/deposits/klassika-8,Есть,Нет,Есть,2025-07-01
2300,731,9999,15000.0,999999999.0,12.0,ИТ Банк,Классика,Вклад,2609,https://bankiros.ru/bank/itbank/deposits/klassika-8,Есть,Нет,Есть,2025-07-01
2301,1,91,10000.0,999999999.0,19.0,Экономбанк,Оптимальный,Вклад,1319,https://bankiros.ru/bank/econombank/deposits/optimalnyj-37,Есть,Нет,Нет,2025-07-01
2302,92,181,10000.0,999999999.0,16.0,Экономбанк,Оптимальный,Вклад,1319,https://bankiros.ru/bank/econombank/deposits/optimalnyj-37,Есть,Нет,Нет,2025-07-01
2303,182,273,10000.0,999999999.0,14.0,Экономбанк,Оптимальный,Вклад,1319,https://bankiros.ru/bank/econombank/deposits/optimalnyj-37,Есть,Нет,Нет,2025-07-01
2304,274,365,10000.0,999999999.0,12.0,Экономбанк,Оптимальный,Вклад,1319,https://bankiros.ru/bank/econombank/deposits/optimalnyj-37,Есть,Нет,Нет,2025-07-01
2305,365,9999,100000.0,999999999.0,10.0,Экономбанк,Особенный,Вклад,1319,https://bankiros.ru/bank/econombank/deposits/osobennyj,Есть,Есть,Есть,2025-07-01
2306,365,9999,1000.0,999999999.0,9.0,Экономбанк,Универсальный,Вклад,1319,https://bankiros.ru/bank/econombank/deposits/universalnyj-24,Есть,Есть,Есть,2025-07-01
2307,1,9999,10.0,999999999.0,5.0,Экономбанк,Пенсионный до востребования,Вклад,1319,https://bankiros.ru/bank/econombank/deposits/pensionnyj-do-vostrebovania-6,Есть,Есть,Нет,2025-07-01
2308,186,9999,3000000.0,9999990.0,18.5,Акибанк,Премьер,Вклад,2587,https://bankiros.ru/bank/akibank/deposits/premer-3,Нет,Нет,Нет,2025-07-01
2309,186,9999,10000000.0,999999999.0,18.75,Акибанк,Премьер,Вклад,2587,https://bankiros.ru/bank/akibank/deposits/premer-3,Нет,Нет,Нет,2025-07-01
2310,120,9999,10000.0,999999999.0,18.5,Акибанк,Летний доход,Вклад,2587,https://bankiros.ru/bank/akibank/deposits/sezonnyj-113,Нет,Нет,Есть,2025-07-01
2311,31,92,1000.0,999999999.0,16.0,Акибанк,Онлайн,Вклад,2587,https://bankiros.ru/bank/akibank/deposits/onlajn,Есть,Нет,Нет,2025-07-01
2312,93,9999,1000.0,999999999.0,18.0,Акибанк,Онлайн,Вклад,2587,https://bankiros.ru/bank/akibank/deposits/onlajn,Есть,Нет,Нет,2025-07-01
2313,31,92,10000.0,15000000.0,15.5,Акибанк,Альтернатива,Вклад,2587,https://bankiros.ru/bank/akibank/deposits/alternativa-5,Нет,Нет,Есть,2025-07-01
2314,93,9999,10000.0,15000000.0,17.5,Акибанк,Альтернатива,Вклад,2587,https://bankiros.ru/bank/akibank/deposits/alternativa-5,Нет,Нет,Есть,2025-07-01
2315,372,9999,1000000.0,999999999.0,15.5,Акибанк,Накопительный+,Накопительный счет,2587,https://bankiros.ru/bank/akibank/deposits/nakopitelnyj-2,Есть,Есть,Есть,2025-07-01
2316,367,9999,10.0,49999.0,14.5,Акибанк,Пенсия,Вклад,2587,https://bankiros.ru/bank/akibank/deposits/pensia,Есть,Есть,Есть,2025-07-01
2317,367,9999,50000.0,99999.0,14.5,Акибанк,Пенсия,Вклад,2587,https://bankiros.ru/bank/akibank/deposits/pensia,Есть,Есть,Есть,2025-07-01
2318,367,9999,100000.0,299999.0,15.0,Акибанк,Пенсия,Вклад,2587,https://bankiros.ru/bank/akibank/deposits/pensia,Есть,Есть,Есть,2025-07-01
2319,367,9999,300000.0,999999999.0,15.0,Акибанк,Пенсия,Вклад,2587,https://bankiros.ru/bank/akibank/deposits/pensia,Есть,Есть,Есть,2025-07-01
2320,372,9999,10.0,999999999.0,14.5,Акибанк,Пенсионный доход +,Вклад,2587,https://bankiros.ru/bank/akibank/deposits/pensionnyj-dohod-5,Есть,Есть,Есть,2025-07-01
2321,250,9999,10000.0,49999.0,6.5,Акибанк,Пенсионный - 250,Вклад,2587,https://bankiros.ru/bank/akibank/deposits/pensionnyj-250,Есть,Есть,Есть,2025-07-01
2322,250,9999,50000.0,99999.0,6.7,Акибанк,Пенсионный - 250,Вклад,2587,https://bankiros.ru/bank/akibank/deposits/pensionnyj-250,Есть,Есть,Есть,2025-07-01
2323,250,9999,100000.0,299999.0,7.0,Акибанк,Пенсионный - 250,Вклад,2587,https://bankiros.ru/bank/akibank/deposits/pensionnyj-250,Есть,Есть,Есть,2025-07-01
2324,250,9999,300000.0,499999.0,7.5,Акибанк,Пенсионный - 250,Вклад,2587,https://bankiros.ru/bank/akibank/deposits/pensionnyj-250,Есть,Есть,Есть,2025-07-01
2325,250,9999,500000.0,999999.0,7.75,Акибанк,Пенсионный - 250,Вклад,2587,https://bankiros.ru/bank/akibank/deposits/pensionnyj-250,Есть,Есть,Есть,2025-07-01
2326,250,9999,1000000.0,999999999.0,8.0,Акибанк,Пенсионный - 250,Вклад,2587,https://bankiros.ru/bank/akibank/deposits/pensionnyj-250,Есть,Есть,Есть,2025-07-01
2327,367,9999,10.0,49999.0,6.5,Акибанк,Пенсионный - 367,Вклад,2587,https://bankiros.ru/bank/akibank/deposits/pensionnyj-367,Есть,Есть,Есть,2025-07-01
2328,367,9999,50000.0,99999.0,6.7,Акибанк,Пенсионный - 367,Вклад,2587,https://bankiros.ru/bank/akibank/deposits/pensionnyj-367,Есть,Есть,Есть,2025-07-01
2329,367,9999,100000.0,299999.0,7.0,Акибанк,Пенсионный - 367,Вклад,2587,https://bankiros.ru/bank/akibank/deposits/pensionnyj-367,Есть,Есть,Есть,2025-07-01
2330,367,9999,300000.0,999999999.0,7.5,Акибанк,Пенсионный - 367,Вклад,2587,https://bankiros.ru/bank/akibank/deposits/pensionnyj-367,Есть,Есть,Есть,2025-07-01
2331,91,119,10000.0,999999999.0,18.72,МТС Банк,МТС Вклад плюс,Вклад,2268,https://bankiros.ru/bank/mts-bank/deposits/mts-vklad,Нет,Нет,Есть,2025-07-01
2332,120,149,10000.0,999999999.0,18.1,МТС Банк,МТС Вклад плюс,Вклад,2268,https://bankiros.ru/bank/mts-bank/deposits/mts-vklad,Нет,Нет,Есть,2025-07-01
2333,150,180,10000.0,999999999.0,17.97,МТС Банк,МТС Вклад плюс,Вклад,2268,https://bankiros.ru/bank/mts-bank/deposits/mts-vklad,Нет,Нет,Есть,2025-07-01
2334,181,270,10000.0,999999999.0,17.37,МТС Банк,МТС Вклад плюс,Вклад,2268,https://bankiros.ru/bank/mts-bank/deposits/mts-vklad,Нет,Нет,Есть,2025-07-01
2335,271,366,10000.0,999999999.0,17.02,МТС Банк,МТС Вклад плюс,Вклад,2268,https://bankiros.ru/bank/mts-bank/deposits/mts-vklad,Нет,Нет,Есть,2025-07-01
2336,367,549,10000.0,999999999.0,16.24,МТС Банк,МТС Вклад плюс,Вклад,2268,https://bankiros.ru/bank/mts-bank/deposits/mts-vklad,Нет,Нет,Есть,2025-07-01
2337,550,730,10000.0,999999999.0,13.19,МТС Банк,МТС Вклад плюс,Вклад,2268,https://bankiros.ru/bank/mts-bank/deposits/mts-vklad,Нет,Нет,Есть,2025-07-01
2338,731,1095,10000.0,999999999.0,12.01,МТС Банк,МТС Вклад плюс,Вклад,2268,https://bankiros.ru/bank/mts-bank/deposits/mts-vklad,Нет,Нет,Есть,2025-07-01
2339,1096,9999,10000.0,999999999.0,11.39,МТС Банк,МТС Вклад плюс,Вклад,2268,https://bankiros.ru/bank/mts-bank/deposits/mts-vklad,Нет,Нет,Есть,2025-07-01
2340,120,180,0.0,9999.0,17.91,МТС Банк,МТС Максимум,Вклад,2268,https://bankiros.ru/bank/mts-bank/deposits/mts-maksimum,Нет,Нет,Есть,2025-07-01
2341,120,180,10000.0,49999.0,17.19,МТС Банк,МТС Максимум,Вклад,2268,https://bankiros.ru/bank/mts-bank/deposits/mts-maksimum,Нет,Нет,Есть,2025-07-01
2342,120,180,50000.0,89999.0,15.98,МТС Банк,МТС Максимум,Вклад,2268,https://bankiros.ru/bank/mts-bank/deposits/mts-maksimum,Нет,Нет,Есть,2025-07-01
2343,120,180,90000.0,999999999.0,18.29,МТС Банк,МТС Максимум,Вклад,2268,https://bankiros.ru/bank/mts-bank/deposits/mts-maksimum,Нет,Нет,Есть,2025-07-01
2344,181,366,0.0,9999.0,17.56,МТС Банк,МТС Максимум,Вклад,2268,https://bankiros.ru/bank/mts-bank/deposits/mts-maksimum,Нет,Нет,Есть,2025-07-01
2345,181,366,10000.0,49999.0,16.49,МТС Банк,МТС Максимум,Вклад,2268,https://bankiros.ru/bank/mts-bank/deposits/mts-maksimum,Нет,Нет,Есть,2025-07-01
2346,181,366,50000.0,89999.0,18.67,МТС Банк,МТС Максимум,Вклад,2268,https://bankiros.ru/bank/mts-bank/deposits/mts-maksimum,Нет,Нет,Есть,2025-07-01
2347,181,366,90000.0,999999999.0,17.94,МТС Банк,МТС Максимум,Вклад,2268,https://bankiros.ru/bank/mts-bank/deposits/mts-maksimum,Нет,Нет,Есть,2025-07-01
2348,367,9999,0.0,9999.0,16.67,МТС Банк,МТС Максимум,Вклад,2268,https://bankiros.ru/bank/mts-bank/deposits/mts-maksimum,Нет,Нет,Есть,2025-07-01
2349,367,9999,10000.0,49999.0,18.86,МТС Банк,МТС Максимум,Вклад,2268,https://bankiros.ru/bank/mts-bank/deposits/mts-maksimum,Нет,Нет,Есть,2025-07-01
2350,367,9999,50000.0,89999.0,18.12,МТС Банк,МТС Максимум,Вклад,2268,https://bankiros.ru/bank/mts-bank/deposits/mts-maksimum,Нет,Нет,Есть,2025-07-01
2351,367,9999,90000.0,999999999.0,16.84,МТС Банк,МТС Максимум,Вклад,2268,https://bankiros.ru/bank/mts-bank/deposits/mts-maksimum,Нет,Нет,Есть,2025-07-01
2352,120,180,10000.0,999999999.0,17.0,МТС Банк,МТС Специальный,Вклад,2268,https://bankiros.ru/bank/mts-bank/deposits/mts-specialnyj,Нет,Нет,Нет,2025-07-01
2353,181,366,10000.0,999999999.0,16.5,МТС Банк,МТС Специальный,Вклад,2268,https://bankiros.ru/bank/mts-bank/deposits/mts-specialnyj,Нет,Нет,Нет,2025-07-01
2354,367,9999,10000.0,999999999.0,16.0,МТС Банк,МТС Специальный,Вклад,2268,https://bankiros.ru/bank/mts-bank/deposits/mts-specialnyj,Нет,Нет,Нет,2025-07-01
2355,1,61,0.0,999999999.0,21.0,МТС Банк,МТС СЧЕТ,Вклад,2268,https://bankiros.ru/bank/mts-bank/deposits/mts-scet,Есть,Есть,Нет,2025-07-01
2356,1,61,2000000.0,999999999.0,14.5,МТС Банк,МТС СЧЕТ,Вклад,2268,https://bankiros.ru/bank/mts-bank/deposits/mts-scet,Есть,Есть,Нет,2025-07-01
2357,91,9999,0.0,999999999.0,5.0,МТС Банк,МТС СЧЕТ,Вклад,2268,https://bankiros.ru/bank/mts-bank/deposits/mts-scet,Есть,Есть,Нет,2025-07-01
2358,91,9999,2000000.0,999999999.0,5.0,МТС Банк,МТС СЧЕТ,Вклад,2268,https://bankiros.ru/bank/mts-bank/deposits/mts-scet,Есть,Есть,Нет,2025-07-01
2359,91,180,1000000.0,2000000.0,17.55,МТС Банк,Для своих,Вклад,2268,https://bankiros.ru/bank/mts-bank/deposits/dla-svoih-2,Есть,Есть,Есть,2025-07-01
2360,91,180,2000010.0,500000000.0,14.85,МТС Банк,Для своих,Вклад,2268,https://bankiros.ru/bank/mts-bank/deposits/dla-svoih-2,Есть,Есть,Есть,2025-07-01
2361,181,366,1000000.0,2000000.0,9.39,МТС Банк,Для своих,Вклад,2268,https://bankiros.ru/bank/mts-bank/deposits/dla-svoih-2,Есть,Есть,Есть,2025-07-01
2362,181,366,2000010.0,500000000.0,17.76,МТС Банк,Для своих,Вклад,2268,https://bankiros.ru/bank/mts-bank/deposits/dla-svoih-2,Есть,Есть,Есть,2025-07-01
2363,367,9999,1000000.0,2000000.0,15.03,МТС Банк,Для своих,Вклад,2268,https://bankiros.ru/bank/mts-bank/deposits/dla-svoih-2,Есть,Есть,Есть,2025-07-01
2364,367,9999,2000010.0,500000000.0,9.57,МТС Банк,Для своих,Вклад,2268,https://bankiros.ru/bank/mts-bank/deposits/dla-svoih-2,Есть,Есть,Есть,2025-07-01
2365,91,180,100000.0,999999.0,15.31,МТС Банк,МТС Вклад плюс с пополнением и частичным снятием,Вклад,2268,https://bankiros.ru/bank/mts-bank/deposits/mts-vklad-7,Есть,Есть,Есть,2025-07-01
2366,91,180,1000000.0,9999999.0,11.72,МТС Банк,МТС Вклад плюс с пополнением и частичным снятием,Вклад,2268,https://bankiros.ru/bank/mts-bank/deposits/mts-vklad-7,Есть,Есть,Есть,2025-07-01
2367,91,180,10000000.0,999999999.0,8.5,МТС Банк,МТС Вклад плюс с пополнением и частичным снятием,Вклад,2268,https://bankiros.ru/bank/mts-bank/deposits/mts-vklad-7,Есть,Есть,Есть,2025-07-01
2368,181,366,100000.0,999999.0,4.5,МТС Банк,МТС Вклад плюс с пополнением и частичным снятием,Вклад,2268,https://bankiros.ru/bank/mts-bank/deposits/mts-vklad-7,Есть,Есть,Есть,2025-07-01
2369,181,366,1000000.0,9999999.0,4.0,МТС Банк,МТС Вклад плюс с пополнением и частичным снятием,Вклад,2268,https://bankiros.ru/bank/mts-bank/deposits/mts-vklad-7,Есть,Есть,Есть,2025-07-01
2370,181,366,10000000.0,999999999.0,14.58,МТС Банк,МТС Вклад плюс с пополнением и частичным снятием,Вклад,2268,https://bankiros.ru/bank/mts-bank/deposits/mts-vklad-7,Есть,Есть,Есть,2025-07-01
2371,367,549,100000.0,999999.0,14.56,МТС Банк,МТС Вклад плюс с пополнением и частичным снятием,Вклад,2268,https://bankiros.ru/bank/mts-bank/deposits/mts-vklad-7,Есть,Есть,Есть,2025-07-01
2372,367,549,1000000.0,9999999.0,8.75,МТС Банк,МТС Вклад плюс с пополнением и частичным снятием,Вклад,2268,https://bankiros.ru/bank/mts-bank/deposits/mts-vklad-7,Есть,Есть,Есть,2025-07-01
2373,367,549,10000000.0,999999999.0,4.75,МТС Банк,МТС Вклад плюс с пополнением и частичным снятием,Вклад,2268,https://bankiros.ru/bank/mts-bank/deposits/mts-vklad-7,Есть,Есть,Есть,2025-07-01
2374,550,730,100000.0,999999.0,4.25,МТС Банк,МТС Вклад плюс с пополнением и частичным снятием,Вклад,2268,https://bankiros.ru/bank/mts-bank/deposits/mts-vklad-7,Есть,Есть,Есть,2025-07-01
2375,550,730,1000000.0,9999999.0,15.31,МТС Банк,МТС Вклад плюс с пополнением и частичным снятием,Вклад,2268,https://bankiros.ru/bank/mts-bank/deposits/mts-vklad-7,Есть,Есть,Есть,2025-07-01
2376,550,730,10000000.0,999999999.0,15.97,МТС Банк,МТС Вклад плюс с пополнением и частичным снятием,Вклад,2268,https://bankiros.ru/bank/mts-bank/deposits/mts-vklad-7,Есть,Есть,Есть,2025-07-01
2377,731,9999,100000.0,999999.0,9.57,МТС Банк,МТС Вклад плюс с пополнением и частичным снятием,Вклад,2268,https://bankiros.ru/bank/mts-bank/deposits/mts-vklad-7,Есть,Есть,Есть,2025-07-01
2378,731,9999,1000000.0,9999999.0,5.0,МТС Банк,МТС Вклад плюс с пополнением и частичным снятием,Вклад,2268,https://bankiros.ru/bank/mts-bank/deposits/mts-vklad-7,Есть,Есть,Есть,2025-07-01
2379,731,9999,10000000.0,999999999.0,4.5,МТС Банк,МТС Вклад плюс с пополнением и частичным снятием,Вклад,2268,https://bankiros.ru/bank/mts-bank/deposits/mts-vklad-7,Есть,Есть,Есть,2025-07-01
2380,91,180,100000.0,999999.0,11.7,МТС Банк,МТС Вклад плюс с пополнением,Вклад,2268,https://bankiros.ru/bank/mts-bank/deposits/mts-vklad-5,Есть,Нет,Есть,2025-07-01
2381,91,180,1000000.0,9999999.0,11.5,МТС Банк,МТС Вклад плюс с пополнением,Вклад,2268,https://bankiros.ru/bank/mts-bank/deposits/mts-vklad-5,Есть,Нет,Есть,2025-07-01
2382,91,180,10000000.0,999999999.0,8.5,МТС Банк,МТС Вклад плюс с пополнением,Вклад,2268,https://bankiros.ru/bank/mts-bank/deposits/mts-vklad-5,Есть,Нет,Есть,2025-07-01
2383,181,366,100000.0,999999.0,4.7,МТС Банк,МТС Вклад плюс с пополнением,Вклад,2268,https://bankiros.ru/bank/mts-bank/deposits/mts-vklad-5,Есть,Нет,Есть,2025-07-01
2384,181,366,1000000.0,9999999.0,4.2,МТС Банк,МТС Вклад плюс с пополнением,Вклад,2268,https://bankiros.ru/bank/mts-bank/deposits/mts-vklad-5,Есть,Нет,Есть,2025-07-01
2385,181,366,10000000.0,999999999.0,11.95,МТС Банк,МТС Вклад плюс с пополнением,Вклад,2268,https://bankiros.ru/bank/mts-bank/deposits/mts-vklad-5,Есть,Нет,Есть,2025-07-01
2386,367,549,100000.0,999999.0,11.75,МТС Банк,МТС Вклад плюс с пополнением,Вклад,2268,https://bankiros.ru/bank/mts-bank/deposits/mts-vklad-5,Есть,Нет,Есть,2025-07-01
2387,367,549,1000000.0,9999999.0,8.75,МТС Банк,МТС Вклад плюс с пополнением,Вклад,2268,https://bankiros.ru/bank/mts-bank/deposits/mts-vklad-5,Есть,Нет,Есть,2025-07-01
2388,367,549,10000000.0,999999999.0,4.85,МТС Банк,МТС Вклад плюс с пополнением,Вклад,2268,https://bankiros.ru/bank/mts-bank/deposits/mts-vklad-5,Есть,Нет,Есть,2025-07-01
2389,550,730,100000.0,999999.0,4.35,МТС Банк,МТС Вклад плюс с пополнением,Вклад,2268,https://bankiros.ru/bank/mts-bank/deposits/mts-vklad-5,Есть,Нет,Есть,2025-07-01
2390,550,730,1000000.0,9999999.0,12.2,МТС Банк,МТС Вклад плюс с пополнением,Вклад,2268,https://bankiros.ru/bank/mts-bank/deposits/mts-vklad-5,Есть,Нет,Есть,2025-07-01
2391,550,730,10000000.0,999999999.0,12.0,МТС Банк,МТС Вклад плюс с пополнением,Вклад,2268,https://bankiros.ru/bank/mts-bank/deposits/mts-vklad-5,Есть,Нет,Есть,2025-07-01
2392,731,9999,100000.0,999999.0,9.0,МТС Банк,МТС Вклад плюс с пополнением,Вклад,2268,https://bankiros.ru/bank/mts-bank/deposits/mts-vklad-5,Есть,Нет,Есть,2025-07-01
2393,731,9999,1000000.0,9999999.0,5.0,МТС Банк,МТС Вклад плюс с пополнением,Вклад,2268,https://bankiros.ru/bank/mts-bank/deposits/mts-vklad-5,Есть,Нет,Есть,2025-07-01
2394,731,9999,10000000.0,999999999.0,4.5,МТС Банк,МТС Вклад плюс с пополнением,Вклад,2268,https://bankiros.ru/bank/mts-bank/deposits/mts-vklad-5,Есть,Нет,Есть,2025-07-01
2395,1,91,100000.0,999999999.0,18.7,Почтобанк,Хит сезона,Вклад,1788,https://bankiros.ru/bank/pochtobank/deposits/hit-sezona,Нет,Нет,Нет,2025-07-01
2396,92,181,100000.0,999999999.0,18.2,Почтобанк,Хит сезона,Вклад,1788,https://bankiros.ru/bank/pochtobank/deposits/hit-sezona,Нет,Нет,Нет,2025-07-01
2397,91,180,1000.0,99999.0,17.5,Почтобанк,Срочный,Вклад,1788,https://bankiros.ru/bank/pochtobank/deposits/srocnyj-18,Нет,Нет,Есть,2025-07-01
2398,91,180,100000.0,999999999.0,17.0,Почтобанк,Срочный,Вклад,1788,https://bankiros.ru/bank/pochtobank/deposits/srocnyj-18,Нет,Нет,Есть,2025-07-01
2399,181,9999,1000.0,99999.0,18.2,Почтобанк,Срочный,Вклад,1788,https://bankiros.ru/bank/pochtobank/deposits/srocnyj-18,Нет,Нет,Есть,2025-07-01
2400,181,9999,100000.0,999999999.0,18.2,Почтобанк,Срочный,Вклад,1788,https://bankiros.ru/bank/pochtobank/deposits/srocnyj-18,Нет,Нет,Есть,2025-07-01
2401,368,9999,30000.0,3000000.0,18.0,Почтобанк,Классический,Вклад,1788,https://bankiros.ru/bank/pochtobank/deposits/klassiceskij-7,Есть,Нет,Есть,2025-07-01
2402,91,9999,100000.0,999999999.0,17.5,Почтобанк,Бархатный сезон,Вклад,1788,https://bankiros.ru/bank/pochtobank/deposits/barhatnyj-sezon-48,Нет,Нет,Нет,2025-07-01
2403,368,9999,30000.0,3000000.0,16.0,Почтобанк,Перспектива,Вклад,1788,https://bankiros.ru/bank/pochtobank/deposits/perspektiva,Есть,Нет,Есть,2025-07-01
2404,31,9999,50000.0,999999999.0,16.0,Почтобанк,Весенний,Вклад,1788,https://bankiros.ru/bank/pochtobank/deposits/vesennij-13,Нет,Нет,Есть,2025-07-01
2405,367,9999,500000.0,999999999.0,16.0,Почтобанк,Выгодный процент,Вклад,1788,https://bankiros.ru/bank/pochtobank/deposits/vygodnyj-procent-3,Нет,Нет,Нет,2025-07-01
2406,367,9999,100000.0,999999999.0,15.0,Почтобанк,Правильный выбор,Вклад,1788,https://bankiros.ru/bank/pochtobank/deposits/pravilnyj-vybor-21,Нет,Нет,Нет,2025-07-01
2407,367,9999,100.0,500000.0,12.0,Почтобанк,Тринадцатая пенсия,Вклад,1788,https://bankiros.ru/bank/pochtobank/deposits/trinadcataa-pensia,Есть,Нет,Нет,2025-07-01
2408,1,151,10000.0,999999999.0,18.7,ЮГ-Инвестбанк,Летний доход,Вклад,2772,https://bankiros.ru/bank/yug-investbank/deposits/sezonnyj-127,Нет,Есть,Есть,2025-07-01
2409,152,1100,10000.0,999999999.0,10.0,ЮГ-Инвестбанк,Летний доход,Вклад,2772,https://bankiros.ru/bank/yug-investbank/deposits/sezonnyj-127,Нет,Есть,Есть,2025-07-01
2410,1,151,10000.0,999999999.0,18.2,ЮГ-Инвестбанк,Жаркое лето,Вклад,2772,https://bankiros.ru/bank/yug-investbank/deposits/sezonnyj-129,Нет,Нет,Есть,2025-07-01
2411,152,1100,10000.0,999999999.0,10.0,ЮГ-Инвестбанк,Жаркое лето,Вклад,2772,https://bankiros.ru/bank/yug-investbank/deposits/sezonnyj-129,Нет,Нет,Есть,2025-07-01
2412,1100,9999,10.0,999999999.0,16.0,ЮГ-Инвестбанк,Пенсия 2023 для зачисления пенсии,Вклад,2772,https://bankiros.ru/bank/yug-investbank/deposits/pensia-3,Есть,Есть,Есть,2025-07-01
2413,1,91,1000.0,2000000.0,15.1,ЮГ-Инвестбанк,Накопительный 24,Накопительный счет,2772,https://bankiros.ru/bank/yug-investbank/deposits/nakopitelnyj-online,Есть,Есть,Есть,2025-07-01
2414,92,1100,1000.0,2000000.0,15.0,ЮГ-Инвестбанк,Накопительный 24,Накопительный счет,2772,https://bankiros.ru/bank/yug-investbank/deposits/nakopitelnyj-online,Есть,Есть,Есть,2025-07-01
2415,395,734,10000.0,999999999.0,9.0,ЮГ-Инвестбанк,Залоговый при оформлении кредита,Вклад,2772,https://bankiros.ru/bank/yug-investbank/deposits/zalogovyj-23,Нет,Нет,Есть,2025-07-01
2416,735,1099,10000.0,999999999.0,9.0,ЮГ-Инвестбанк,Залоговый при оформлении кредита,Вклад,2772,https://bankiros.ru/bank/yug-investbank/deposits/zalogovyj-23,Нет,Нет,Есть,2025-07-01
2417,1100,1469,10000.0,999999999.0,9.0,ЮГ-Инвестбанк,Залоговый при оформлении кредита,Вклад,2772,https://bankiros.ru/bank/yug-investbank/deposits/zalogovyj-23,Нет,Нет,Есть,2025-07-01
2418,1470,1829,10000.0,999999999.0,9.0,ЮГ-Инвестбанк,Залоговый при оформлении кредита,Вклад,2772,https://bankiros.ru/bank/yug-investbank/deposits/zalogovyj-23,Нет,Нет,Есть,2025-07-01
2419,1830,9999,10000.0,999999999.0,9.0,ЮГ-Инвестбанк,Залоговый при оформлении кредита,Вклад,2772,https://bankiros.ru/bank/yug-investbank/deposits/zalogovyj-23,Нет,Нет,Есть,2025-07-01
2420,31,9999,1500000.0,999999999.0,18.5,Агророс,Премиум+,Вклад,2860,https://bankiros.ru/bank/agroros/deposits/premialnyj-2,Есть,Есть,Нет,2025-07-01
2421,31,9999,20000.0,999999999.0,18.0,Агророс,Медовый месяц+,Вклад,2860,https://bankiros.ru/bank/agroros/deposits/medovyj-mesac,Есть,Нет,Есть,2025-07-01
2422,60,9999,100000.0,999999999.0,18.0,Агророс,Максимальный +,Вклад,2860,https://bankiros.ru/bank/agroros/deposits/maksimalnyj-56,Есть,Нет,Есть,2025-07-01
2423,7,9999,100000.0,999999999.0,17.5,Агророс,Неделька+,Вклад,2860,https://bankiros.ru/bank/agroros/deposits/nedelka,Есть,Нет,Есть,2025-07-01
2424,550,9999,1500.0,999999999.0,16.0,Агророс,Универсальный плюс,Вклад,2860,https://bankiros.ru/bank/agroros/deposits/universalnyj-3,Есть,Есть,Нет,2025-07-01
2425,31,60,10000.0,999999999.0,14.0,Челябинвестбанк,Золотой максимум,Вклад,493,https://bankiros.ru/bank/chelinvest/deposits/zolotoj-maksimum,Нет,Нет,Нет,2025-07-01
2426,61,90,10000.0,999999999.0,17.0,Челябинвестбанк,Золотой максимум,Вклад,493,https://bankiros.ru/bank/chelinvest/deposits/zolotoj-maksimum,Нет,Нет,Нет,2025-07-01
2427,91,180,10000.0,999999999.0,18.0,Челябинвестбанк,Золотой максимум,Вклад,493,https://bankiros.ru/bank/chelinvest/deposits/zolotoj-maksimum,Нет,Нет,Нет,2025-07-01
2428,181,270,10000.0,999999999.0,18.5,Челябинвестбанк,Золотой максимум,Вклад,493,https://bankiros.ru/bank/chelinvest/deposits/zolotoj-maksimum,Нет,Нет,Нет,2025-07-01
2429,271,360,10000.0,999999999.0,17.5,Челябинвестбанк,Золотой максимум,Вклад,493,https://bankiros.ru/bank/chelinvest/deposits/zolotoj-maksimum,Нет,Нет,Нет,2025-07-01
2430,361,365,10000.0,999999999.0,16.5,Челябинвестбанк,Золотой максимум,Вклад,493,https://bankiros.ru/bank/chelinvest/deposits/zolotoj-maksimum,Нет,Нет,Нет,2025-07-01
2431,366,554,10000.0,999999999.0,16.5,Челябинвестбанк,Золотой максимум,Вклад,493,https://bankiros.ru/bank/chelinvest/deposits/zolotoj-maksimum,Нет,Нет,Нет,2025-07-01
2432,555,776,10000.0,999999999.0,13.0,Челябинвестбанк,Золотой максимум,Вклад,493,https://bankiros.ru/bank/chelinvest/deposits/zolotoj-maksimum,Нет,Нет,Нет,2025-07-01
2433,777,1095,10000.0,999999999.0,10.0,Челябинвестбанк,Золотой максимум,Вклад,493,https://bankiros.ru/bank/chelinvest/deposits/zolotoj-maksimum,Нет,Нет,Нет,2025-07-01
2434,1096,1110,10000.0,999999999.0,10.0,Челябинвестбанк,Золотой максимум,Вклад,493,https://bankiros.ru/bank/chelinvest/deposits/zolotoj-maksimum,Нет,Нет,Нет,2025-07-01
2435,1111,9999,10000.0,999999999.0,10.0,Челябинвестбанк,Золотой максимум,Вклад,493,https://bankiros.ru/bank/chelinvest/deposits/zolotoj-maksimum,Нет,Нет,Нет,2025-07-01
2436,91,180,3000000.0,999999999.0,19.2,Челябинвестбанк,Пополняемый VIP+,Вклад,493,https://bankiros.ru/bank/chelinvest/deposits/popolnaemyj-vip-3,Есть,Нет,Есть,2025-07-01
2437,181,270,3000000.0,999999999.0,19.2,Челябинвестбанк,Пополняемый VIP+,Вклад,493,https://bankiros.ru/bank/chelinvest/deposits/popolnaemyj-vip-3,Есть,Нет,Есть,2025-07-01
2438,271,360,3000000.0,999999999.0,18.7,Челябинвестбанк,Пополняемый VIP+,Вклад,493,https://bankiros.ru/bank/chelinvest/deposits/popolnaemyj-vip-3,Есть,Нет,Есть,2025-07-01
2439,361,554,3000000.0,999999999.0,18.2,Челябинвестбанк,Пополняемый VIP+,Вклад,493,https://bankiros.ru/bank/chelinvest/deposits/popolnaemyj-vip-3,Есть,Нет,Есть,2025-07-01
2440,555,776,3000000.0,999999999.0,16.9,Челябинвестбанк,Пополняемый VIP+,Вклад,493,https://bankiros.ru/bank/chelinvest/deposits/popolnaemyj-vip-3,Есть,Нет,Есть,2025-07-01
2441,777,9999,3000000.0,999999999.0,13.4,Челябинвестбанк,Пополняемый VIP+,Вклад,493,https://bankiros.ru/bank/chelinvest/deposits/popolnaemyj-vip-3,Есть,Нет,Есть,2025-07-01
2442,91,180,1400000.0,999999999.0,19.0,Челябинвестбанк,Пополняемый VIP,Вклад,493,https://bankiros.ru/bank/chelinvest/deposits/popolnaemyj-vip,Есть,Нет,Есть,2025-07-01
2443,181,270,1400000.0,999999999.0,19.0,Челябинвестбанк,Пополняемый VIP,Вклад,493,https://bankiros.ru/bank/chelinvest/deposits/popolnaemyj-vip,Есть,Нет,Есть,2025-07-01
2444,271,360,1400000.0,999999999.0,18.5,Челябинвестбанк,Пополняемый VIP,Вклад,493,https://bankiros.ru/bank/chelinvest/deposits/popolnaemyj-vip,Есть,Нет,Есть,2025-07-01
2445,361,554,1400000.0,999999999.0,18.0,Челябинвестбанк,Пополняемый VIP,Вклад,493,https://bankiros.ru/bank/chelinvest/deposits/popolnaemyj-vip,Есть,Нет,Есть,2025-07-01
2446,555,776,1400000.0,999999999.0,16.7,Челябинвестбанк,Пополняемый VIP,Вклад,493,https://bankiros.ru/bank/chelinvest/deposits/popolnaemyj-vip,Есть,Нет,Есть,2025-07-01
2447,777,9999,1400000.0,999999999.0,13.2,Челябинвестбанк,Пополняемый VIP,Вклад,493,https://bankiros.ru/bank/chelinvest/deposits/popolnaemyj-vip,Есть,Нет,Есть,2025-07-01
2448,91,180,3000000.0,999999999.0,18.9,Челябинвестбанк,Рента VIP+,Вклад,493,https://bankiros.ru/bank/chelinvest/deposits/renta-vip-3,Нет,Нет,Нет,2025-07-01
2449,181,270,3000000.0,999999999.0,18.5,Челябинвестбанк,Рента VIP+,Вклад,493,https://bankiros.ru/bank/chelinvest/deposits/renta-vip-3,Нет,Нет,Нет,2025-07-01
2450,271,360,3000000.0,999999999.0,17.6,Челябинвестбанк,Рента VIP+,Вклад,493,https://bankiros.ru/bank/chelinvest/deposits/renta-vip-3,Нет,Нет,Нет,2025-07-01
2451,361,554,3000000.0,999999999.0,16.8,Челябинвестбанк,Рента VIP+,Вклад,493,https://bankiros.ru/bank/chelinvest/deposits/renta-vip-3,Нет,Нет,Нет,2025-07-01
2452,555,776,3000000.0,999999999.0,14.8,Челябинвестбанк,Рента VIP+,Вклад,493,https://bankiros.ru/bank/chelinvest/deposits/renta-vip-3,Нет,Нет,Нет,2025-07-01
2453,777,9999,3000000.0,999999999.0,10.9,Челябинвестбанк,Рента VIP+,Вклад,493,https://bankiros.ru/bank/chelinvest/deposits/renta-vip-3,Нет,Нет,Нет,2025-07-01
2454,91,180,300000.0,699999.0,,Челябинвестбанк,Пополняемый Рост,Вклад,493,https://bankiros.ru/bank/chelinvest/deposits/popolnaemyj-rost,Есть,Нет,Есть,2025-07-01
2455,91,180,700000.0,999999999.0,18.8,Челябинвестбанк,Пополняемый Рост,Вклад,493,https://bankiros.ru/bank/chelinvest/deposits/popolnaemyj-rost,Есть,Нет,Есть,2025-07-01
2456,181,270,300000.0,699999.0,18.3,Челябинвестбанк,Пополняемый Рост,Вклад,493,https://bankiros.ru/bank/chelinvest/deposits/popolnaemyj-rost,Есть,Нет,Есть,2025-07-01
2457,181,270,700000.0,999999999.0,17.8,Челябинвестбанк,Пополняемый Рост,Вклад,493,https://bankiros.ru/bank/chelinvest/deposits/popolnaemyj-rost,Есть,Нет,Есть,2025-07-01
2458,271,360,300000.0,699999.0,16.5,Челябинвестбанк,Пополняемый Рост,Вклад,493,https://bankiros.ru/bank/chelinvest/deposits/popolnaemyj-rost,Есть,Нет,Есть,2025-07-01
2459,271,360,700000.0,999999999.0,13.0,Челябинвестбанк,Пополняемый Рост,Вклад,493,https://bankiros.ru/bank/chelinvest/deposits/popolnaemyj-rost,Есть,Нет,Есть,2025-07-01
2460,361,554,300000.0,699999.0,18.8,Челябинвестбанк,Пополняемый Рост,Вклад,493,https://bankiros.ru/bank/chelinvest/deposits/popolnaemyj-rost,Есть,Нет,Есть,2025-07-01
2461,361,554,700000.0,999999999.0,,Челябинвестбанк,Пополняемый Рост,Вклад,493,https://bankiros.ru/bank/chelinvest/deposits/popolnaemyj-rost,Есть,Нет,Есть,2025-07-01
2462,555,776,300000.0,699999.0,,Челябинвестбанк,Пополняемый Рост,Вклад,493,https://bankiros.ru/bank/chelinvest/deposits/popolnaemyj-rost,Есть,Нет,Есть,2025-07-01
2463,555,776,700000.0,999999999.0,,Челябинвестбанк,Пополняемый Рост,Вклад,493,https://bankiros.ru/bank/chelinvest/deposits/popolnaemyj-rost,Есть,Нет,Есть,2025-07-01
2464,777,9999,300000.0,699999.0,,Челябинвестбанк,Пополняемый Рост,Вклад,493,https://bankiros.ru/bank/chelinvest/deposits/popolnaemyj-rost,Есть,Нет,Есть,2025-07-01
2465,777,9999,700000.0,999999999.0,,Челябинвестбанк,Пополняемый Рост,Вклад,493,https://bankiros.ru/bank/chelinvest/deposits/popolnaemyj-rost,Есть,Нет,Есть,2025-07-01
2466,31,9999,300000.0,699999.0,15.5,Челябинвестбанк,Комфорт,Вклад,493,https://bankiros.ru/bank/chelinvest/deposits/komfort-3,Есть,Нет,Есть,2025-07-01
2467,31,9999,700000.0,1399999.0,15.8,Челябинвестбанк,Комфорт,Вклад,493,https://bankiros.ru/bank/chelinvest/deposits/komfort-3,Есть,Нет,Есть,2025-07-01
2468,31,9999,1400000.0,2999999.0,16.0,Челябинвестбанк,Комфорт,Вклад,493,https://bankiros.ru/bank/chelinvest/deposits/komfort-3,Есть,Нет,Есть,2025-07-01
2469,31,9999,3000000.0,9999999.0,16.5,Челябинвестбанк,Комфорт,Вклад,493,https://bankiros.ru/bank/chelinvest/deposits/komfort-3,Есть,Нет,Есть,2025-07-01
2470,31,9999,10000000.0,29999999.0,17.0,Челябинвестбанк,Комфорт,Вклад,493,https://bankiros.ru/bank/chelinvest/deposits/komfort-3,Есть,Нет,Есть,2025-07-01
2471,31,9999,30000000.0,99999999.0,17.5,Челябинвестбанк,Комфорт,Вклад,493,https://bankiros.ru/bank/chelinvest/deposits/komfort-3,Есть,Нет,Есть,2025-07-01
2472,31,9999,100000000.0,299999999.0,18.0,Челябинвестбанк,Комфорт,Вклад,493,https://bankiros.ru/bank/chelinvest/deposits/komfort-3,Есть,Нет,Есть,2025-07-01
2473,31,9999,300000000.0,999999999.0,18.75,Челябинвестбанк,Комфорт,Вклад,493,https://bankiros.ru/bank/chelinvest/deposits/komfort-3,Есть,Нет,Есть,2025-07-01
2474,31,9999,11000.0,29999.0,8.0,Челябинвестбанк,Комфорт онлайн,Вклад,493,https://bankiros.ru/bank/chelinvest/deposits/komfort-onlajn-4,Есть,Есть,Есть,2025-07-01
2475,31,9999,30000.0,99999.0,11.0,Челябинвестбанк,Комфорт онлайн,Вклад,493,https://bankiros.ru/bank/chelinvest/deposits/komfort-onlajn-4,Есть,Есть,Есть,2025-07-01
2476,31,9999,100000.0,299999.0,14.0,Челябинвестбанк,Комфорт онлайн,Вклад,493,https://bankiros.ru/bank/chelinvest/deposits/komfort-onlajn-4,Есть,Есть,Есть,2025-07-01
2477,31,9999,300000.0,699999.0,15.5,Челябинвестбанк,Комфорт онлайн,Вклад,493,https://bankiros.ru/bank/chelinvest/deposits/komfort-onlajn-4,Есть,Есть,Есть,2025-07-01
2478,31,9999,700000.0,1399999.0,15.8,Челябинвестбанк,Комфорт онлайн,Вклад,493,https://bankiros.ru/bank/chelinvest/deposits/komfort-onlajn-4,Есть,Есть,Есть,2025-07-01
2479,31,9999,1400000.0,2999999.0,16.0,Челябинвестбанк,Комфорт онлайн,Вклад,493,https://bankiros.ru/bank/chelinvest/deposits/komfort-onlajn-4,Есть,Есть,Есть,2025-07-01
2480,31,9999,3000000.0,9999999.0,16.5,Челябинвестбанк,Комфорт онлайн,Вклад,493,https://bankiros.ru/bank/chelinvest/deposits/komfort-onlajn-4,Есть,Есть,Есть,2025-07-01
2481,31,9999,10000000.0,29999999.0,17.0,Челябинвестбанк,Комфорт онлайн,Вклад,493,https://bankiros.ru/bank/chelinvest/deposits/komfort-onlajn-4,Есть,Есть,Есть,2025-07-01
2482,31,9999,30000000.0,99999999.0,17.5,Челябинвестбанк,Комфорт онлайн,Вклад,493,https://bankiros.ru/bank/chelinvest/deposits/komfort-onlajn-4,Есть,Есть,Есть,2025-07-01
2483,31,9999,100000000.0,299999999.0,18.0,Челябинвестбанк,Комфорт онлайн,Вклад,493,https://bankiros.ru/bank/chelinvest/deposits/komfort-onlajn-4,Есть,Есть,Есть,2025-07-01
2484,31,9999,300000000.0,999999999.0,18.75,Челябинвестбанк,Комфорт онлайн,Вклад,493,https://bankiros.ru/bank/chelinvest/deposits/komfort-onlajn-4,Есть,Есть,Есть,2025-07-01
2485,91,180,1400000.0,999999999.0,18.7,Челябинвестбанк,Рента VIP,Вклад,493,https://bankiros.ru/bank/chelinvest/deposits/renta-vip,Нет,Нет,Нет,2025-07-01
2486,181,270,1400000.0,999999999.0,18.3,Челябинвестбанк,Рента VIP,Вклад,493,https://bankiros.ru/bank/chelinvest/deposits/renta-vip,Нет,Нет,Нет,2025-07-01
2487,271,360,1400000.0,999999999.0,17.4,Челябинвестбанк,Рента VIP,Вклад,493,https://bankiros.ru/bank/chelinvest/deposits/renta-vip,Нет,Нет,Нет,2025-07-01
2488,361,554,1400000.0,999999999.0,16.7,Челябинвестбанк,Рента VIP,Вклад,493,https://bankiros.ru/bank/chelinvest/deposits/renta-vip,Нет,Нет,Нет,2025-07-01
2489,555,776,1400000.0,999999999.0,14.6,Челябинвестбанк,Рента VIP,Вклад,493,https://bankiros.ru/bank/chelinvest/deposits/renta-vip,Нет,Нет,Нет,2025-07-01
2490,777,9999,1400000.0,999999999.0,10.8,Челябинвестбанк,Рента VIP,Вклад,493,https://bankiros.ru/bank/chelinvest/deposits/renta-vip,Нет,Нет,Нет,2025-07-01
2491,91,180,300000.0,999999999.0,18.5,Челябинвестбанк,Пенсионный капитал+,Вклад,493,https://bankiros.ru/bank/chelinvest/deposits/pensionnyj-vygodnyj,Есть,Нет,Есть,2025-07-01
2492,181,270,300000.0,999999999.0,18.1,Челябинвестбанк,Пенсионный капитал+,Вклад,493,https://bankiros.ru/bank/chelinvest/deposits/pensionnyj-vygodnyj,Есть,Нет,Есть,2025-07-01
2493,271,360,300000.0,999999999.0,17.3,Челябинвестбанк,Пенсионный капитал+,Вклад,493,https://bankiros.ru/bank/chelinvest/deposits/pensionnyj-vygodnyj,Есть,Нет,Есть,2025-07-01
2494,361,554,300000.0,999999999.0,16.5,Челябинвестбанк,Пенсионный капитал+,Вклад,493,https://bankiros.ru/bank/chelinvest/deposits/pensionnyj-vygodnyj,Есть,Нет,Есть,2025-07-01
2495,555,776,300000.0,999999999.0,14.5,Челябинвестбанк,Пенсионный капитал+,Вклад,493,https://bankiros.ru/bank/chelinvest/deposits/pensionnyj-vygodnyj,Есть,Нет,Есть,2025-07-01
2496,777,9999,300000.0,999999999.0,10.7,Челябинвестбанк,Пенсионный капитал+,Вклад,493,https://bankiros.ru/bank/chelinvest/deposits/pensionnyj-vygodnyj,Есть,Нет,Есть,2025-07-01
2497,91,180,700000.0,999999999.0,18.5,Челябинвестбанк,Рента Рост,Вклад,493,https://bankiros.ru/bank/chelinvest/deposits/renta-rost,Нет,Нет,Нет,2025-07-01
2498,181,270,700000.0,999999999.0,18.1,Челябинвестбанк,Рента Рост,Вклад,493,https://bankiros.ru/bank/chelinvest/deposits/renta-rost,Нет,Нет,Нет,2025-07-01
2499,271,360,700000.0,999999999.0,17.3,Челябинвестбанк,Рента Рост,Вклад,493,https://bankiros.ru/bank/chelinvest/deposits/renta-rost,Нет,Нет,Нет,2025-07-01
2500,361,554,700000.0,999999999.0,16.5,Челябинвестбанк,Рента Рост,Вклад,493,https://bankiros.ru/bank/chelinvest/deposits/renta-rost,Нет,Нет,Нет,2025-07-01
2501,555,776,700000.0,999999999.0,14.5,Челябинвестбанк,Рента Рост,Вклад,493,https://bankiros.ru/bank/chelinvest/deposits/renta-rost,Нет,Нет,Нет,2025-07-01
2502,777,9999,700000.0,999999999.0,10.7,Челябинвестбанк,Рента Рост,Вклад,493,https://bankiros.ru/bank/chelinvest/deposits/renta-rost,Нет,Нет,Нет,2025-07-01
2503,91,180,300000.0,999999999.0,17.8,Челябинвестбанк,Пополняемый+,Вклад,493,https://bankiros.ru/bank/chelinvest/deposits/popolnaemyj-43,Есть,Нет,Есть,2025-07-01
2504,181,270,300000.0,999999999.0,17.8,Челябинвестбанк,Пополняемый+,Вклад,493,https://bankiros.ru/bank/chelinvest/deposits/popolnaemyj-43,Есть,Нет,Есть,2025-07-01
2505,271,360,300000.0,999999999.0,17.5,Челябинвестбанк,Пополняемый+,Вклад,493,https://bankiros.ru/bank/chelinvest/deposits/popolnaemyj-43,Есть,Нет,Есть,2025-07-01
2506,361,554,300000.0,999999999.0,17.3,Челябинвестбанк,Пополняемый+,Вклад,493,https://bankiros.ru/bank/chelinvest/deposits/popolnaemyj-43,Есть,Нет,Есть,2025-07-01
2507,555,776,300000.0,999999999.0,15.5,Челябинвестбанк,Пополняемый+,Вклад,493,https://bankiros.ru/bank/chelinvest/deposits/popolnaemyj-43,Есть,Нет,Есть,2025-07-01
2508,777,9999,300000.0,999999999.0,12.8,Челябинвестбанк,Пополняемый+,Вклад,493,https://bankiros.ru/bank/chelinvest/deposits/popolnaemyj-43,Есть,Нет,Есть,2025-07-01
2509,91,180,5000.0,999999999.0,17.5,Челябинвестбанк,Пенсионный капитал,Вклад,493,https://bankiros.ru/bank/chelinvest/deposits/pensionnyj-7,Есть,Нет,Есть,2025-07-01
2510,181,270,5000.0,999999999.0,17.1,Челябинвестбанк,Пенсионный капитал,Вклад,493,https://bankiros.ru/bank/chelinvest/deposits/pensionnyj-7,Есть,Нет,Есть,2025-07-01
2511,271,360,5000.0,999999999.0,16.6,Челябинвестбанк,Пенсионный капитал,Вклад,493,https://bankiros.ru/bank/chelinvest/deposits/pensionnyj-7,Есть,Нет,Есть,2025-07-01
2512,361,554,5000.0,999999999.0,16.1,Челябинвестбанк,Пенсионный капитал,Вклад,493,https://bankiros.ru/bank/chelinvest/deposits/pensionnyj-7,Есть,Нет,Есть,2025-07-01
2513,555,776,5000.0,999999999.0,13.7,Челябинвестбанк,Пенсионный капитал,Вклад,493,https://bankiros.ru/bank/chelinvest/deposits/pensionnyj-7,Есть,Нет,Есть,2025-07-01
2514,777,9999,5000.0,999999999.0,10.6,Челябинвестбанк,Пенсионный капитал,Вклад,493,https://bankiros.ru/bank/chelinvest/deposits/pensionnyj-7,Есть,Нет,Есть,2025-07-01
2515,91,180,300000.0,999999999.0,17.5,Челябинвестбанк,Рента +,Вклад,493,https://bankiros.ru/bank/chelinvest/deposits/renta-2,Нет,Нет,Нет,2025-07-01
2516,181,270,300000.0,999999999.0,17.1,Челябинвестбанк,Рента +,Вклад,493,https://bankiros.ru/bank/chelinvest/deposits/renta-2,Нет,Нет,Нет,2025-07-01
2517,271,360,300000.0,999999999.0,16.6,Челябинвестбанк,Рента +,Вклад,493,https://bankiros.ru/bank/chelinvest/deposits/renta-2,Нет,Нет,Нет,2025-07-01
2518,361,554,300000.0,999999999.0,16.1,Челябинвестбанк,Рента +,Вклад,493,https://bankiros.ru/bank/chelinvest/deposits/renta-2,Нет,Нет,Нет,2025-07-01
2519,555,776,300000.0,999999999.0,13.7,Челябинвестбанк,Рента +,Вклад,493,https://bankiros.ru/bank/chelinvest/deposits/renta-2,Нет,Нет,Нет,2025-07-01
2520,777,9999,300000.0,999999999.0,10.6,Челябинвестбанк,Рента +,Вклад,493,https://bankiros.ru/bank/chelinvest/deposits/renta-2,Нет,Нет,Нет,2025-07-01
2521,91,180,10000.0,999999999.0,17.0,Челябинвестбанк,Пополняемый,Вклад,493,https://bankiros.ru/bank/chelinvest/deposits/popolnaemyj-35,Есть,Нет,Есть,2025-07-01
2522,181,270,10000.0,999999999.0,17.0,Челябинвестбанк,Пополняемый,Вклад,493,https://bankiros.ru/bank/chelinvest/deposits/popolnaemyj-35,Есть,Нет,Есть,2025-07-01
2523,271,360,10000.0,999999999.0,17.0,Челябинвестбанк,Пополняемый,Вклад,493,https://bankiros.ru/bank/chelinvest/deposits/popolnaemyj-35,Есть,Нет,Есть,2025-07-01
2524,361,554,10000.0,999999999.0,17.0,Челябинвестбанк,Пополняемый,Вклад,493,https://bankiros.ru/bank/chelinvest/deposits/popolnaemyj-35,Есть,Нет,Есть,2025-07-01
2525,555,776,10000.0,999999999.0,14.5,Челябинвестбанк,Пополняемый,Вклад,493,https://bankiros.ru/bank/chelinvest/deposits/popolnaemyj-35,Есть,Нет,Есть,2025-07-01
2526,777,9999,10000.0,999999999.0,12.6,Челябинвестбанк,Пополняемый,Вклад,493,https://bankiros.ru/bank/chelinvest/deposits/popolnaemyj-35,Есть,Нет,Есть,2025-07-01
2527,361,1110,3000000.0,999999999.0,17.0,Челябинвестбанк,Призовой VIP+,Вклад,493,https://bankiros.ru/bank/chelinvest/deposits/prizovoj-vip-3,Есть,Есть,Есть,2025-07-01
2528,1111,9999,3000000.0,999999999.0,9.4,Челябинвестбанк,Призовой VIP+,Вклад,493,https://bankiros.ru/bank/chelinvest/deposits/prizovoj-vip-3,Есть,Есть,Есть,2025-07-01
2529,361,1110,1400000.0,999999999.0,16.8,Челябинвестбанк,Призовой VIP,Вклад,493,https://bankiros.ru/bank/chelinvest/deposits/prizovoj-vip,Есть,Есть,Есть,2025-07-01
2530,1111,9999,1400000.0,999999999.0,9.3,Челябинвестбанк,Призовой VIP,Вклад,493,https://bankiros.ru/bank/chelinvest/deposits/prizovoj-vip,Есть,Есть,Есть,2025-07-01
2531,91,180,10000.0,999999999.0,16.7,Челябинвестбанк,Рента,Вклад,493,https://bankiros.ru/bank/chelinvest/deposits/renta,Нет,Нет,Нет,2025-07-01
2532,181,270,10000.0,999999999.0,16.4,Челябинвестбанк,Рента,Вклад,493,https://bankiros.ru/bank/chelinvest/deposits/renta,Нет,Нет,Нет,2025-07-01
2533,271,360,10000.0,999999999.0,16.2,Челябинвестбанк,Рента,Вклад,493,https://bankiros.ru/bank/chelinvest/deposits/renta,Нет,Нет,Нет,2025-07-01
2534,361,554,10000.0,999999999.0,15.8,Челябинвестбанк,Рента,Вклад,493,https://bankiros.ru/bank/chelinvest/deposits/renta,Нет,Нет,Нет,2025-07-01
2535,555,776,10000.0,999999999.0,12.9,Челябинвестбанк,Рента,Вклад,493,https://bankiros.ru/bank/chelinvest/deposits/renta,Нет,Нет,Нет,2025-07-01
2536,777,9999,10000.0,999999999.0,10.4,Челябинвестбанк,Рента,Вклад,493,https://bankiros.ru/bank/chelinvest/deposits/renta,Нет,Нет,Нет,2025-07-01
2537,361,1110,700000.0,999999999.0,16.6,Челябинвестбанк,Призовой Рост,Вклад,493,https://bankiros.ru/bank/chelinvest/deposits/prizovoj-rost,Есть,Есть,Есть,2025-07-01
2538,1111,9999,700000.0,999999999.0,9.2,Челябинвестбанк,Призовой Рост,Вклад,493,https://bankiros.ru/bank/chelinvest/deposits/prizovoj-rost,Есть,Есть,Есть,2025-07-01
2539,361,1110,300000.0,999999999.0,16.0,Челябинвестбанк,Призовой+,Вклад,493,https://bankiros.ru/bank/chelinvest/deposits/prizovoj-3,Есть,Есть,Есть,2025-07-01
2540,1111,9999,300000.0,999999999.0,9.1,Челябинвестбанк,Призовой+,Вклад,493,https://bankiros.ru/bank/chelinvest/deposits/prizovoj-3,Есть,Есть,Есть,2025-07-01
2541,361,1110,10000.0,999999999.0,15.5,Челябинвестбанк,Призовой,Вклад,493,https://bankiros.ru/bank/chelinvest/deposits/prizovoj-2,Есть,Есть,Есть,2025-07-01
2542,1111,9999,10000.0,999999999.0,9.0,Челябинвестбанк,Призовой,Вклад,493,https://bankiros.ru/bank/chelinvest/deposits/prizovoj-2,Есть,Есть,Есть,2025-07-01
2543,1,9999,10.0,999999999.0,2.0,Челябинвестбанк,До востребования пенсионный,Вклад,493,https://bankiros.ru/bank/chelinvest/deposits/do-vostrebovania-pensionnyj,Есть,Есть,Нет,2025-07-01
2544,31,60,10000.0,999999999.0,14.0,Снежинский,Праздничный плюс,Вклад,1376,https://bankiros.ru/bank/snezhinsky/deposits/prazdnicnyj-plus,Нет,Нет,Нет,2025-07-01
2545,61,90,10000.0,999999999.0,15.0,Снежинский,Праздничный плюс,Вклад,1376,https://bankiros.ru/bank/snezhinsky/deposits/prazdnicnyj-plus,Нет,Нет,Нет,2025-07-01
2546,91,120,10000.0,999999999.0,17.5,Снежинский,Праздничный плюс,Вклад,1376,https://bankiros.ru/bank/snezhinsky/deposits/prazdnicnyj-plus,Нет,Нет,Нет,2025-07-01
2547,121,180,10000.0,999999999.0,18.5,Снежинский,Праздничный плюс,Вклад,1376,https://bankiros.ru/bank/snezhinsky/deposits/prazdnicnyj-plus,Нет,Нет,Нет,2025-07-01
2548,181,270,10000.0,999999999.0,17.5,Снежинский,Праздничный плюс,Вклад,1376,https://bankiros.ru/bank/snezhinsky/deposits/prazdnicnyj-plus,Нет,Нет,Нет,2025-07-01
2549,271,366,10000.0,999999999.0,16.5,Снежинский,Праздничный плюс,Вклад,1376,https://bankiros.ru/bank/snezhinsky/deposits/prazdnicnyj-plus,Нет,Нет,Нет,2025-07-01
2550,367,9999,10000.0,999999999.0,14.0,Снежинский,Праздничный плюс,Вклад,1376,https://bankiros.ru/bank/snezhinsky/deposits/prazdnicnyj-plus,Нет,Нет,Нет,2025-07-01
2551,181,366,10000.0,999999999.0,16.8,Снежинский,Праздничный,Вклад,1376,https://bankiros.ru/bank/snezhinsky/deposits/prazdnicnyj,Нет,Нет,Нет,2025-07-01
2552,367,9999,10000.0,999999999.0,13.1,Снежинский,Праздничный,Вклад,1376,https://bankiros.ru/bank/snezhinsky/deposits/prazdnicnyj,Нет,Нет,Нет,2025-07-01
2553,367,9999,1000000.0,4999999.0,13.3,Снежинский,УСПЕХ VIP,Вклад,1376,https://bankiros.ru/bank/snezhinsky/deposits/uspeh-vip,Нет,Есть,Нет,2025-07-01
2554,367,9999,5000000.0,999999999.0,13.5,Снежинский,УСПЕХ VIP,Вклад,1376,https://bankiros.ru/bank/snezhinsky/deposits/uspeh-vip,Нет,Есть,Нет,2025-07-01
2555,367,9999,1000000.0,999999999.0,6.3,Снежинский,Стабильный плюс,Вклад,1376,https://bankiros.ru/bank/snezhinsky/deposits/stabilnyj,Нет,Нет,Нет,2025-07-01
2556,181,210,10000.0,999999999.0,4.4,Снежинский,Рантье плюс,Вклад,1376,https://bankiros.ru/bank/snezhinsky/deposits/rante-plus,Есть,Нет,Нет,2025-07-01
2557,211,240,10000.0,999999999.0,5.2,Снежинский,Рантье плюс,Вклад,1376,https://bankiros.ru/bank/snezhinsky/deposits/rante-plus,Есть,Нет,Нет,2025-07-01
2558,241,270,10000.0,999999999.0,5.2,Снежинский,Рантье плюс,Вклад,1376,https://bankiros.ru/bank/snezhinsky/deposits/rante-plus,Есть,Нет,Нет,2025-07-01
2559,271,300,10000.0,999999999.0,5.2,Снежинский,Рантье плюс,Вклад,1376,https://bankiros.ru/bank/snezhinsky/deposits/rante-plus,Есть,Нет,Нет,2025-07-01
2560,301,366,10000.0,999999999.0,5.2,Снежинский,Рантье плюс,Вклад,1376,https://bankiros.ru/bank/snezhinsky/deposits/rante-plus,Есть,Нет,Нет,2025-07-01
2561,367,9999,10000.0,999999999.0,5.7,Снежинский,Рантье плюс,Вклад,1376,https://bankiros.ru/bank/snezhinsky/deposits/rante-plus,Есть,Нет,Нет,2025-07-01
2562,367,9999,10000.0,99999.0,4.9,Снежинский,Удобный плюс,Вклад,1376,https://bankiros.ru/bank/snezhinsky/deposits/udobnyj-plus-2,Есть,Есть,Есть,2025-07-01
2563,367,9999,100000.0,999999999.0,5.0,Снежинский,Удобный плюс,Вклад,1376,https://bankiros.ru/bank/snezhinsky/deposits/udobnyj-plus-2,Есть,Есть,Есть,2025-07-01
2564,31,44,10000.0,999999999.0,4.8,Снежинский,Спринт,Вклад,1376,https://bankiros.ru/bank/snezhinsky/deposits/sprint,Нет,Нет,Есть,2025-07-01
2565,45,60,10000.0,999999999.0,4.8,Снежинский,Спринт,Вклад,1376,https://bankiros.ru/bank/snezhinsky/deposits/sprint,Нет,Нет,Есть,2025-07-01
2566,61,9999,10000.0,999999999.0,4.8,Снежинский,Спринт,Вклад,1376,https://bankiros.ru/bank/snezhinsky/deposits/sprint,Нет,Нет,Есть,2025-07-01
2567,91,120,0.0,999999999.0,17.2,Снежинский,Пенсионный доходный,Вклад,1376,https://bankiros.ru/bank/snezhinsky/deposits/pensionnyj-dohodnyj,Нет,Нет,Нет,2025-07-01
2568,121,180,0.0,999999999.0,18.0,Снежинский,Пенсионный доходный,Вклад,1376,https://bankiros.ru/bank/snezhinsky/deposits/pensionnyj-dohodnyj,Нет,Нет,Нет,2025-07-01
2569,181,364,0.0,999999999.0,16.8,Снежинский,Пенсионный доходный,Вклад,1376,https://bankiros.ru/bank/snezhinsky/deposits/pensionnyj-dohodnyj,Нет,Нет,Нет,2025-07-01
2570,365,9999,0.0,999999999.0,13.1,Снежинский,Пенсионный доходный,Вклад,1376,https://bankiros.ru/bank/snezhinsky/deposits/pensionnyj-dohodnyj,Нет,Нет,Нет,2025-07-01
2571,31,60,0.0,999999999.0,14.0,Снежинский,Пенсионный доходный плюс,Вклад,1376,https://bankiros.ru/bank/snezhinsky/deposits/pensionnyj-dohodnyj-plus,Нет,Нет,Нет,2025-07-01
2572,61,90,0.0,999999999.0,15.0,Снежинский,Пенсионный доходный плюс,Вклад,1376,https://bankiros.ru/bank/snezhinsky/deposits/pensionnyj-dohodnyj-plus,Нет,Нет,Нет,2025-07-01
2573,91,120,0.0,999999999.0,17.5,Снежинский,Пенсионный доходный плюс,Вклад,1376,https://bankiros.ru/bank/snezhinsky/deposits/pensionnyj-dohodnyj-plus,Нет,Нет,Нет,2025-07-01
2574,121,180,0.0,999999999.0,18.5,Снежинский,Пенсионный доходный плюс,Вклад,1376,https://bankiros.ru/bank/snezhinsky/deposits/pensionnyj-dohodnyj-plus,Нет,Нет,Нет,2025-07-01
2575,181,270,0.0,999999999.0,17.5,Снежинский,Пенсионный доходный плюс,Вклад,1376,https://bankiros.ru/bank/snezhinsky/deposits/pensionnyj-dohodnyj-plus,Нет,Нет,Нет,2025-07-01
2576,271,364,0.0,999999999.0,16.5,Снежинский,Пенсионный доходный плюс,Вклад,1376,https://bankiros.ru/bank/snezhinsky/deposits/pensionnyj-dohodnyj-plus,Нет,Нет,Нет,2025-07-01
2577,365,9999,0.0,999999999.0,14.0,Снежинский,Пенсионный доходный плюс,Вклад,1376,https://bankiros.ru/bank/snezhinsky/deposits/pensionnyj-dohodnyj-plus,Нет,Нет,Нет,2025-07-01
2578,181,210,5000.0,999999999.0,4.5,Снежинский,Пенсионный практичный,Вклад,1376,https://bankiros.ru/bank/snezhinsky/deposits/pensionnyj-prakticnyj,Есть,Нет,Есть,2025-07-01
2579,211,240,5000.0,999999999.0,5.0,Снежинский,Пенсионный практичный,Вклад,1376,https://bankiros.ru/bank/snezhinsky/deposits/pensionnyj-prakticnyj,Есть,Нет,Есть,2025-07-01
2580,241,270,5000.0,999999999.0,5.0,Снежинский,Пенсионный практичный,Вклад,1376,https://bankiros.ru/bank/snezhinsky/deposits/pensionnyj-prakticnyj,Есть,Нет,Есть,2025-07-01
2581,271,300,5000.0,999999999.0,5.0,Снежинский,Пенсионный практичный,Вклад,1376,https://bankiros.ru/bank/snezhinsky/deposits/pensionnyj-prakticnyj,Есть,Нет,Есть,2025-07-01
2582,301,364,5000.0,999999999.0,5.0,Снежинский,Пенсионный практичный,Вклад,1376,https://bankiros.ru/bank/snezhinsky/deposits/pensionnyj-prakticnyj,Есть,Нет,Есть,2025-07-01
2583,365,9999,5000.0,999999999.0,6.3,Снежинский,Пенсионный практичный,Вклад,1376,https://bankiros.ru/bank/snezhinsky/deposits/pensionnyj-prakticnyj,Есть,Нет,Есть,2025-07-01
2584,181,364,5000.0,999999999.0,4.5,Снежинский,Пенсионный срочный,Вклад,1376,https://bankiros.ru/bank/snezhinsky/deposits/pensionnyj-srocnyj,Есть,Нет,Есть,2025-07-01
2585,365,9999,5000.0,999999999.0,6.1,Снежинский,Пенсионный срочный,Вклад,1376,https://bankiros.ru/bank/snezhinsky/deposits/pensionnyj-srocnyj,Есть,Нет,Есть,2025-07-01
2586,1,9999,0.0,999999999.0,3.1,Снежинский,Пенсионный до востребования,Вклад,1376,https://bankiros.ru/bank/snezhinsky/deposits/pensionnyj-do-vostrebovania-3,Есть,Есть,Нет,2025-07-01
2587,92,9999,1500000.0,50000000.0,18.5,Внешфинбанк,Приоритет,Вклад,3173,https://bankiros.ru/bank/vneshfinbank/deposits/prioritet,Есть,Есть,Есть,2025-07-01
2588,92,181,5000.0,999999999.0,18.5,Внешфинбанк,Стабильность,Вклад,3173,https://bankiros.ru/bank/vneshfinbank/deposits/stabilnost,Есть,Нет,Есть,2025-07-01
2589,182,349,5000.0,999999999.0,18.7,Внешфинбанк,Стабильность,Вклад,3173,https://bankiros.ru/bank/vneshfinbank/deposits/stabilnost,Есть,Нет,Есть,2025-07-01
2590,350,499,5000.0,999999999.0,17.7,Внешфинбанк,Стабильность,Вклад,3173,https://bankiros.ru/bank/vneshfinbank/deposits/stabilnost,Есть,Нет,Есть,2025-07-01
2591,500,9999,5000.0,999999999.0,15.0,Внешфинбанк,Стабильность,Вклад,3173,https://bankiros.ru/bank/vneshfinbank/deposits/stabilnost,Есть,Нет,Есть,2025-07-01
2592,350,9999,10000.0,999999999.0,17.0,Внешфинбанк,Оптимальный,Вклад,3173,https://bankiros.ru/bank/vneshfinbank/deposits/optimalnyj,Нет,Есть,Есть,2025-07-01
2593,500,9999,20000.0,999999999.0,14.7,Внешфинбанк,Оптимальный плюс,Вклад,3173,https://bankiros.ru/bank/vneshfinbank/deposits/optimalnyj-plus,Есть,Есть,Есть,2025-07-01
2594,30,91,10000.0,999999999.0,18.5,Пойдем!,Капитал,Вклад,2534,https://bankiros.ru/bank/poidem/deposits/kapital-7,Нет,Есть,Есть,2025-07-01
2595,92,181,10000.0,999999999.0,16.5,Пойдем!,Капитал,Вклад,2534,https://bankiros.ru/bank/poidem/deposits/kapital-7,Нет,Есть,Есть,2025-07-01
2596,182,365,10000.0,999999999.0,15.0,Пойдем!,Капитал,Вклад,2534,https://bankiros.ru/bank/poidem/deposits/kapital-7,Нет,Есть,Есть,2025-07-01
2597,366,730,10000.0,999999999.0,8.0,Пойдем!,Капитал,Вклад,2534,https://bankiros.ru/bank/poidem/deposits/kapital-7,Нет,Есть,Есть,2025-07-01
2598,61,9999,10000.0,999999999.0,17.4,Пойдем!,Капитал +,Вклад,2534,https://bankiros.ru/bank/poidem/deposits/kapital-4,Нет,Нет,Нет,2025-07-01
2599,1,365,10000.0,999999999.0,14.1,Пойдем!,Копилка (онлайн),Вклад,2534,https://bankiros.ru/bank/poidem/deposits/kopilka-5,Есть,Есть,Нет,2025-07-01
2600,366,730,10000.0,999999999.0,8.5,Пойдем!,Копилка (онлайн),Вклад,2534,https://bankiros.ru/bank/poidem/deposits/kopilka-5,Есть,Есть,Нет,2025-07-01
2601,1,365,10000.0,999999999.0,14.0,Пойдем!,Копилка,Вклад,2534,https://bankiros.ru/bank/poidem/deposits/kopilka-10,Есть,Есть,Нет,2025-07-01
2602,366,730,10000.0,999999999.0,8.5,Пойдем!,Копилка,Вклад,2534,https://bankiros.ru/bank/poidem/deposits/kopilka-10,Есть,Есть,Нет,2025-07-01
2603,730,9999,1000.0,999999999.0,7.0,Пойдем!,Кошелек,Вклад,2534,https://bankiros.ru/bank/poidem/deposits/koselek-4,Есть,Есть,Есть,2025-07-01
2604,31,90,1000.0,999999999.0,12.0,Челиндбанк,Доход Он-Лайн,Вклад,485,https://bankiros.ru/bank/chelindbank/deposits/dohod-onlajn-4,Нет,Нет,Есть,2025-07-01
2605,91,120,1000.0,999999999.0,18.5,Челиндбанк,Доход Он-Лайн,Вклад,485,https://bankiros.ru/bank/chelindbank/deposits/dohod-onlajn-4,Нет,Нет,Есть,2025-07-01
2606,121,180,1000.0,999999999.0,18.3,Челиндбанк,Доход Он-Лайн,Вклад,485,https://bankiros.ru/bank/chelindbank/deposits/dohod-onlajn-4,Нет,Нет,Есть,2025-07-01
2607,181,270,1000.0,999999999.0,18.0,Челиндбанк,Доход Он-Лайн,Вклад,485,https://bankiros.ru/bank/chelindbank/deposits/dohod-onlajn-4,Нет,Нет,Есть,2025-07-01
2608,271,366,1000.0,999999999.0,16.0,Челиндбанк,Доход Он-Лайн,Вклад,485,https://bankiros.ru/bank/chelindbank/deposits/dohod-onlajn-4,Нет,Нет,Есть,2025-07-01
2609,367,554,1000.0,999999999.0,16.0,Челиндбанк,Доход Он-Лайн,Вклад,485,https://bankiros.ru/bank/chelindbank/deposits/dohod-onlajn-4,Нет,Нет,Есть,2025-07-01
2610,555,776,1000.0,999999999.0,10.5,Челиндбанк,Доход Он-Лайн,Вклад,485,https://bankiros.ru/bank/chelindbank/deposits/dohod-onlajn-4,Нет,Нет,Есть,2025-07-01
2611,777,1110,1000.0,999999999.0,11.0,Челиндбанк,Доход Он-Лайн,Вклад,485,https://bankiros.ru/bank/chelindbank/deposits/dohod-onlajn-4,Нет,Нет,Есть,2025-07-01
2612,1111,9999,1000.0,999999999.0,11.5,Челиндбанк,Доход Он-Лайн,Вклад,485,https://bankiros.ru/bank/chelindbank/deposits/dohod-onlajn-4,Нет,Нет,Есть,2025-07-01
2613,121,180,1000.0,999999999.0,17.8,Челиндбанк,Доход Он-Лайн+,Вклад,485,https://bankiros.ru/bank/chelindbank/deposits/dohod-on-lajn,Нет,Нет,Есть,2025-07-01
2614,181,270,1000.0,999999999.0,17.5,Челиндбанк,Доход Он-Лайн+,Вклад,485,https://bankiros.ru/bank/chelindbank/deposits/dohod-on-lajn,Нет,Нет,Есть,2025-07-01
2615,271,366,1000.0,999999999.0,15.5,Челиндбанк,Доход Он-Лайн+,Вклад,485,https://bankiros.ru/bank/chelindbank/deposits/dohod-on-lajn,Нет,Нет,Есть,2025-07-01
2616,367,9999,1000.0,999999999.0,15.5,Челиндбанк,Доход Он-Лайн+,Вклад,485,https://bankiros.ru/bank/chelindbank/deposits/dohod-on-lajn,Нет,Нет,Есть,2025-07-01
2617,31,90,0.0,999999999.0,6.0,Челиндбанк,Гарантия,Вклад,485,https://bankiros.ru/bank/chelindbank/deposits/garantiya,Нет,Нет,Есть,2025-07-01
2618,91,120,0.0,999999999.0,17.5,Челиндбанк,Гарантия,Вклад,485,https://bankiros.ru/bank/chelindbank/deposits/garantiya,Нет,Нет,Есть,2025-07-01
2619,121,184,0.0,999999999.0,17.3,Челиндбанк,Гарантия,Вклад,485,https://bankiros.ru/bank/chelindbank/deposits/garantiya,Нет,Нет,Есть,2025-07-01
2620,185,270,0.0,999999999.0,17.0,Челиндбанк,Гарантия,Вклад,485,https://bankiros.ru/bank/chelindbank/deposits/garantiya,Нет,Нет,Есть,2025-07-01
2621,271,365,0.0,999999999.0,15.0,Челиндбанк,Гарантия,Вклад,485,https://bankiros.ru/bank/chelindbank/deposits/garantiya,Нет,Нет,Есть,2025-07-01
2622,366,776,0.0,999999999.0,15.0,Челиндбанк,Гарантия,Вклад,485,https://bankiros.ru/bank/chelindbank/deposits/garantiya,Нет,Нет,Есть,2025-07-01
2623,777,1110,0.0,999999999.0,10.15,Челиндбанк,Гарантия,Вклад,485,https://bankiros.ru/bank/chelindbank/deposits/garantiya,Нет,Нет,Есть,2025-07-01
2624,1111,9999,0.0,999999999.0,10.25,Челиндбанк,Гарантия,Вклад,485,https://bankiros.ru/bank/chelindbank/deposits/garantiya,Нет,Нет,Есть,2025-07-01
2625,31,90,0.0,999999999.0,6.0,Челиндбанк,Классический,Вклад,485,https://bankiros.ru/bank/chelindbank/deposits/klassicheskiy,Нет,Нет,Есть,2025-07-01
2626,91,120,0.0,999999999.0,17.0,Челиндбанк,Классический,Вклад,485,https://bankiros.ru/bank/chelindbank/deposits/klassicheskiy,Нет,Нет,Есть,2025-07-01
2627,121,180,0.0,999999999.0,16.5,Челиндбанк,Классический,Вклад,485,https://bankiros.ru/bank/chelindbank/deposits/klassicheskiy,Нет,Нет,Есть,2025-07-01
2628,181,270,0.0,999999999.0,16.0,Челиндбанк,Классический,Вклад,485,https://bankiros.ru/bank/chelindbank/deposits/klassicheskiy,Нет,Нет,Есть,2025-07-01
2629,271,365,0.0,999999999.0,14.5,Челиндбанк,Классический,Вклад,485,https://bankiros.ru/bank/chelindbank/deposits/klassicheskiy,Нет,Нет,Есть,2025-07-01
2630,366,776,0.0,999999999.0,14.5,Челиндбанк,Классический,Вклад,485,https://bankiros.ru/bank/chelindbank/deposits/klassicheskiy,Нет,Нет,Есть,2025-07-01
2631,777,1110,0.0,999999999.0,10.1,Челиндбанк,Классический,Вклад,485,https://bankiros.ru/bank/chelindbank/deposits/klassicheskiy,Нет,Нет,Есть,2025-07-01
2632,1111,9999,0.0,999999999.0,10.2,Челиндбанк,Классический,Вклад,485,https://bankiros.ru/bank/chelindbank/deposits/klassicheskiy,Нет,Нет,Есть,2025-07-01
2633,185,270,0.0,999999999.0,16.5,Челиндбанк,Гарантия плюс,Вклад,485,https://bankiros.ru/bank/chelindbank/deposits/garantiya-plyus,Нет,Нет,Есть,2025-07-01
2634,271,365,0.0,999999999.0,15.0,Челиндбанк,Гарантия плюс,Вклад,485,https://bankiros.ru/bank/chelindbank/deposits/garantiya-plyus,Нет,Нет,Есть,2025-07-01
2635,366,776,0.0,999999999.0,15.0,Челиндбанк,Гарантия плюс,Вклад,485,https://bankiros.ru/bank/chelindbank/deposits/garantiya-plyus,Нет,Нет,Есть,2025-07-01
2636,777,1110,0.0,999999999.0,10.15,Челиндбанк,Гарантия плюс,Вклад,485,https://bankiros.ru/bank/chelindbank/deposits/garantiya-plyus,Нет,Нет,Есть,2025-07-01
2637,1111,9999,0.0,999999999.0,10.25,Челиндбанк,Гарантия плюс,Вклад,485,https://bankiros.ru/bank/chelindbank/deposits/garantiya-plyus,Нет,Нет,Есть,2025-07-01
2638,181,270,0.0,999999999.0,15.5,Челиндбанк,Классический доход,Вклад,485,https://bankiros.ru/bank/chelindbank/deposits/klassicheskiy-dohod,Нет,Нет,Есть,2025-07-01
2639,271,365,0.0,999999999.0,14.0,Челиндбанк,Классический доход,Вклад,485,https://bankiros.ru/bank/chelindbank/deposits/klassicheskiy-dohod,Нет,Нет,Есть,2025-07-01
2640,366,776,0.0,999999999.0,14.0,Челиндбанк,Классический доход,Вклад,485,https://bankiros.ru/bank/chelindbank/deposits/klassicheskiy-dohod,Нет,Нет,Есть,2025-07-01
2641,777,1110,0.0,999999999.0,10.1,Челиндбанк,Классический доход,Вклад,485,https://bankiros.ru/bank/chelindbank/deposits/klassicheskiy-dohod,Нет,Нет,Есть,2025-07-01
2642,1111,9999,0.0,999999999.0,10.2,Челиндбанк,Классический доход,Вклад,485,https://bankiros.ru/bank/chelindbank/deposits/klassicheskiy-dohod,Нет,Нет,Есть,2025-07-01
2643,367,9999,100000.0,2999999.0,12.0,Челиндбанк,VIP-портфель,Вклад,485,https://bankiros.ru/bank/chelindbank/deposits/vip-portfel,Есть,Есть,Есть,2025-07-01
2644,367,9999,3000000.0,29999999.0,13.0,Челиндбанк,VIP-портфель,Вклад,485,https://bankiros.ru/bank/chelindbank/deposits/vip-portfel,Есть,Есть,Есть,2025-07-01
2645,367,9999,30000000.0,99999999.0,14.0,Челиндбанк,VIP-портфель,Вклад,485,https://bankiros.ru/bank/chelindbank/deposits/vip-portfel,Есть,Есть,Есть,2025-07-01
2646,367,9999,100000000.0,999999999.0,14.5,Челиндбанк,VIP-портфель,Вклад,485,https://bankiros.ru/bank/chelindbank/deposits/vip-portfel,Есть,Есть,Есть,2025-07-01
2647,367,554,1000.0,9999.0,9.0,Челиндбанк,Интернет-кошелек,Вклад,485,https://bankiros.ru/bank/chelindbank/deposits/internet-koshelek,Есть,Есть,Нет,2025-07-01
2648,367,554,10000.0,49999.0,6.4,Челиндбанк,Интернет-кошелек,Вклад,485,https://bankiros.ru/bank/chelindbank/deposits/internet-koshelek,Есть,Есть,Нет,2025-07-01
2649,367,554,50000.0,99999.0,6.5,Челиндбанк,Интернет-кошелек,Вклад,485,https://bankiros.ru/bank/chelindbank/deposits/internet-koshelek,Есть,Есть,Нет,2025-07-01
2650,367,554,100000.0,999999999.0,9.2,Челиндбанк,Интернет-кошелек,Вклад,485,https://bankiros.ru/bank/chelindbank/deposits/internet-koshelek,Есть,Есть,Нет,2025-07-01
2651,555,776,1000.0,9999.0,6.6,Челиндбанк,Интернет-кошелек,Вклад,485,https://bankiros.ru/bank/chelindbank/deposits/internet-koshelek,Есть,Есть,Нет,2025-07-01
2652,555,776,10000.0,49999.0,6.7,Челиндбанк,Интернет-кошелек,Вклад,485,https://bankiros.ru/bank/chelindbank/deposits/internet-koshelek,Есть,Есть,Нет,2025-07-01
2653,555,776,50000.0,99999.0,13.0,Челиндбанк,Интернет-кошелек,Вклад,485,https://bankiros.ru/bank/chelindbank/deposits/internet-koshelek,Есть,Есть,Нет,2025-07-01
2654,555,776,100000.0,999999999.0,6.9,Челиндбанк,Интернет-кошелек,Вклад,485,https://bankiros.ru/bank/chelindbank/deposits/internet-koshelek,Есть,Есть,Нет,2025-07-01
2655,777,1111,1000.0,9999.0,7.0,Челиндбанк,Интернет-кошелек,Вклад,485,https://bankiros.ru/bank/chelindbank/deposits/internet-koshelek,Есть,Есть,Нет,2025-07-01
2656,777,1111,10000.0,49999.0,14.0,Челиндбанк,Интернет-кошелек,Вклад,485,https://bankiros.ru/bank/chelindbank/deposits/internet-koshelek,Есть,Есть,Нет,2025-07-01
2657,777,1111,50000.0,99999.0,7.1,Челиндбанк,Интернет-кошелек,Вклад,485,https://bankiros.ru/bank/chelindbank/deposits/internet-koshelek,Есть,Есть,Нет,2025-07-01
2658,777,1111,100000.0,999999999.0,7.2,Челиндбанк,Интернет-кошелек,Вклад,485,https://bankiros.ru/bank/chelindbank/deposits/internet-koshelek,Есть,Есть,Нет,2025-07-01
2659,366,776,15000.0,999999999.0,12.5,Челиндбанк,Кубышка,Вклад,485,https://bankiros.ru/bank/chelindbank/deposits/kubyshka,Есть,Нет,Есть,2025-07-01
2660,777,1110,15000.0,999999999.0,6.1,Челиндбанк,Кубышка,Вклад,485,https://bankiros.ru/bank/chelindbank/deposits/kubyshka,Есть,Нет,Есть,2025-07-01
2661,1111,9999,15000.0,999999999.0,6.2,Челиндбанк,Кубышка,Вклад,485,https://bankiros.ru/bank/chelindbank/deposits/kubyshka,Есть,Нет,Есть,2025-07-01
2662,1,9999,0.0,999999999.0,3.0,Челиндбанк,Пенсионный Челиндбанка,Вклад,485,https://bankiros.ru/bank/chelindbank/deposits/pensionnyj-celindbanka,Есть,Есть,Нет,2025-07-01
2663,1,270,5000.0,999999999.0,18.5,Кошелев-Банк,Народный 270,Вклад,3300,https://bankiros.ru/bank/rosbank-volga/deposits/narodnyj-270,Нет,Нет,Нет,2025-07-01
2664,271,2200,5000.0,999999999.0,5.0,Кошелев-Банк,Народный 270,Вклад,3300,https://bankiros.ru/bank/rosbank-volga/deposits/narodnyj-270,Нет,Нет,Нет,2025-07-01
2665,1,181,5000.0,999999999.0,19.25,Кошелев-Банк,Народный 181,Вклад,3300,https://bankiros.ru/bank/rosbank-volga/deposits/narodnyj-181,Нет,Нет,Нет,2025-07-01
2666,182,2200,5000.0,999999999.0,5.0,Кошелев-Банк,Народный 181,Вклад,3300,https://bankiros.ru/bank/rosbank-volga/deposits/narodnyj-181,Нет,Нет,Нет,2025-07-01
2667,1,91,5000.0,999999999.0,18.75,Кошелев-Банк,Народный 91,Вклад,3300,https://bankiros.ru/bank/rosbank-volga/deposits/narodnyj-91,Нет,Нет,Нет,2025-07-01
2668,92,2200,5000.0,999999999.0,5.0,Кошелев-Банк,Народный 91,Вклад,3300,https://bankiros.ru/bank/rosbank-volga/deposits/narodnyj-91,Нет,Нет,Нет,2025-07-01
2669,1,370,5000.0,999999999.0,18.0,Кошелев-Банк,Народный 370,Вклад,3300,https://bankiros.ru/bank/rosbank-volga/deposits/narodnyj-370,Нет,Нет,Нет,2025-07-01
2670,371,2200,5000.0,999999999.0,5.0,Кошелев-Банк,Народный 370,Вклад,3300,https://bankiros.ru/bank/rosbank-volga/deposits/narodnyj-370,Нет,Нет,Нет,2025-07-01
2671,370,729,1000.0,999999999.0,17.0,Кошелев-Банк,Пенсионный,Вклад,3300,https://bankiros.ru/bank/rosbank-volga/deposits/pensionnyj-17,Есть,Нет,Есть,2025-07-01
2672,730,9999,1000.0,999999999.0,15.0,Кошелев-Банк,Пенсионный,Вклад,3300,https://bankiros.ru/bank/rosbank-volga/deposits/pensionnyj-17,Есть,Нет,Есть,2025-07-01
2673,91,269,15000.0,999999999.0,16.75,Кошелев-Банк,Казна,Вклад,3300,https://bankiros.ru/bank/rosbank-volga/deposits/kazna,Есть,Есть,Есть,2025-07-01
2674,270,370,15000.0,999999999.0,16.25,Кошелев-Банк,Казна,Вклад,3300,https://bankiros.ru/bank/rosbank-volga/deposits/kazna,Есть,Есть,Есть,2025-07-01
2675,371,730,15000.0,999999999.0,14.5,Кошелев-Банк,Казна,Вклад,3300,https://bankiros.ru/bank/rosbank-volga/deposits/kazna,Есть,Есть,Есть,2025-07-01
2676,91,269,15000.0,999999999.0,16.75,Кошелев-Банк,Казна онлайн,Вклад,3300,https://bankiros.ru/bank/rosbank-volga/deposits/kazna-onlajn,Есть,Есть,Есть,2025-07-01
2677,270,369,15000.0,999999999.0,16.25,Кошелев-Банк,Казна онлайн,Вклад,3300,https://bankiros.ru/bank/rosbank-volga/deposits/kazna-onlajn,Есть,Есть,Есть,2025-07-01
2678,370,729,15000.0,999999999.0,15.25,Кошелев-Банк,Казна онлайн,Вклад,3300,https://bankiros.ru/bank/rosbank-volga/deposits/kazna-onlajn,Есть,Есть,Есть,2025-07-01
2679,730,9999,15000.0,999999999.0,14.5,Кошелев-Банк,Казна онлайн,Вклад,3300,https://bankiros.ru/bank/rosbank-volga/deposits/kazna-onlajn,Есть,Есть,Есть,2025-07-01
2680,1,730,5000.0,999999999.0,16.5,Кошелев-Банк,Народный 730,Вклад,3300,https://bankiros.ru/bank/rosbank-volga/deposits/narodnyj-730,Нет,Нет,Нет,2025-07-01
2681,731,2200,5000.0,999999999.0,5.0,Кошелев-Банк,Народный 730,Вклад,3300,https://bankiros.ru/bank/rosbank-volga/deposits/narodnyj-730,Нет,Нет,Нет,2025-07-01
2682,1,370,150000.0,999999999.0,16.0,Кошелев-Банк,Премиум-клуб,Вклад,3300,https://bankiros.ru/bank/rosbank-volga/deposits/premium-5,Есть,Есть,Есть,2025-07-01
2683,371,2560,150000.0,999999999.0,4.75,Кошелев-Банк,Премиум-клуб,Вклад,3300,https://bankiros.ru/bank/rosbank-volga/deposits/premium-5,Есть,Есть,Есть,2025-07-01
2684,1,1110,5000.0,999999999.0,15.5,Кошелев-Банк,Народный 1110,Вклад,3300,https://bankiros.ru/bank/rosbank-volga/deposits/narodnyj,Нет,Нет,Нет,2025-07-01
2685,1111,2200,5000.0,999999999.0,5.0,Кошелев-Банк,Народный 1110,Вклад,3300,https://bankiros.ru/bank/rosbank-volga/deposits/narodnyj,Нет,Нет,Нет,2025-07-01
2686,61,90,50000.0,999999999.0,18.5,Алмазэргиэнбанк,Разумный выбор для клиентов банка,Вклад,2602,https://bankiros.ru/bank/almazergienbank/deposits/razumnyj-vybor-dla-klientov-banka,Нет,Нет,Нет,2025-07-01
2687,91,180,50000.0,999999999.0,18.5,Алмазэргиэнбанк,Разумный выбор для клиентов банка,Вклад,2602,https://bankiros.ru/bank/almazergienbank/deposits/razumnyj-vybor-dla-klientov-banka,Нет,Нет,Нет,2025-07-01
2688,181,366,50000.0,999999999.0,18.0,Алмазэргиэнбанк,Разумный выбор для клиентов банка,Вклад,2602,https://bankiros.ru/bank/almazergienbank/deposits/razumnyj-vybor-dla-klientov-banka,Нет,Нет,Нет,2025-07-01
2689,367,1094,50000.0,999999999.0,15.5,Алмазэргиэнбанк,Разумный выбор для клиентов банка,Вклад,2602,https://bankiros.ru/bank/almazergienbank/deposits/razumnyj-vybor-dla-klientov-banka,Нет,Нет,Нет,2025-07-01
2690,1095,9999,50000.0,999999999.0,13.0,Алмазэргиэнбанк,Разумный выбор для клиентов банка,Вклад,2602,https://bankiros.ru/bank/almazergienbank/deposits/razumnyj-vybor-dla-klientov-banka,Нет,Нет,Нет,2025-07-01
2691,91,180,50000.0,999999999.0,17.5,Алмазэргиэнбанк,Сверхновый,Вклад,2602,https://bankiros.ru/bank/almazergienbank/deposits/sverhnovyj,Есть,Нет,Нет,2025-07-01
2692,181,9999,50000.0,999999999.0,16.5,Алмазэргиэнбанк,Сверхновый,Вклад,2602,https://bankiros.ru/bank/almazergienbank/deposits/sverhnovyj,Есть,Нет,Нет,2025-07-01
2693,61,90,50000.0,999999999.0,18.0,Алмазэргиэнбанк,Разумный выбор,Вклад,2602,https://bankiros.ru/bank/almazergienbank/deposits/razumnyj-vybor,Нет,Нет,Нет,2025-07-01
2694,91,180,50000.0,999999999.0,18.0,Алмазэргиэнбанк,Разумный выбор,Вклад,2602,https://bankiros.ru/bank/almazergienbank/deposits/razumnyj-vybor,Нет,Нет,Нет,2025-07-01
2695,181,364,50000.0,999999999.0,17.5,Алмазэргиэнбанк,Разумный выбор,Вклад,2602,https://bankiros.ru/bank/almazergienbank/deposits/razumnyj-vybor,Нет,Нет,Нет,2025-07-01
2696,365,1094,50000.0,999999999.0,15.0,Алмазэргиэнбанк,Разумный выбор,Вклад,2602,https://bankiros.ru/bank/almazergienbank/deposits/razumnyj-vybor,Нет,Нет,Нет,2025-07-01
2697,1095,9999,50000.0,999999999.0,12.0,Алмазэргиэнбанк,Разумный выбор,Вклад,2602,https://bankiros.ru/bank/almazergienbank/deposits/razumnyj-vybor,Нет,Нет,Нет,2025-07-01
2698,91,180,50000.0,100000000.0,18.0,Алмазэргиэнбанк,Эффективный,Вклад,2602,https://bankiros.ru/bank/almazergienbank/deposits/effektivnyj-5,Нет,Нет,Есть,2025-07-01
2699,181,366,50000.0,100000000.0,17.5,Алмазэргиэнбанк,Эффективный,Вклад,2602,https://bankiros.ru/bank/almazergienbank/deposits/effektivnyj-5,Нет,Нет,Есть,2025-07-01
2700,367,9999,50000.0,100000000.0,15.0,Алмазэргиэнбанк,Эффективный,Вклад,2602,https://bankiros.ru/bank/almazergienbank/deposits/effektivnyj-5,Нет,Нет,Есть,2025-07-01
2701,181,364,3000000.0,100000000.0,16.5,Алмазэргиэнбанк,Премиум,Вклад,2602,https://bankiros.ru/bank/almazergienbank/deposits/premium-26,Есть,Есть,Есть,2025-07-01
2702,365,9999,3000000.0,100000000.0,15.0,Алмазэргиэнбанк,Премиум,Вклад,2602,https://bankiros.ru/bank/almazergienbank/deposits/premium-26,Есть,Есть,Есть,2025-07-01
2703,365,9999,1001.0,100000000.0,7.5,Алмазэргиэнбанк,Дети столетия,Вклад,2602,https://bankiros.ru/bank/almazergienbank/deposits/deti-stoletia,Нет,Нет,Нет,2025-07-01
2704,91,180,5000.0,999999999.0,4.98,Алмазэргиэнбанк,Пенсионный своим,Вклад,2602,https://bankiros.ru/bank/almazergienbank/deposits/pensionnyj-svoim,Есть,Есть,Есть,2025-07-01
2705,181,366,5000.0,999999999.0,5.93,Алмазэргиэнбанк,Пенсионный своим,Вклад,2602,https://bankiros.ru/bank/almazergienbank/deposits/pensionnyj-svoim,Есть,Есть,Есть,2025-07-01
2706,367,1097,5000.0,999999999.0,6.78,Алмазэргиэнбанк,Пенсионный своим,Вклад,2602,https://bankiros.ru/bank/almazergienbank/deposits/pensionnyj-svoim,Есть,Есть,Есть,2025-07-01
2707,1098,9999,5000.0,999999999.0,5.95,Алмазэргиэнбанк,Пенсионный своим,Вклад,2602,https://bankiros.ru/bank/almazergienbank/deposits/pensionnyj-svoim,Есть,Есть,Есть,2025-07-01
2708,91,180,5000.0,999999999.0,5.97,Алмазэргиэнбанк,Онлайн,Вклад,2602,https://bankiros.ru/bank/almazergienbank/deposits/onlajn-51,Есть,Есть,Есть,2025-07-01
2709,181,366,5000.0,999999999.0,6.22,Алмазэргиэнбанк,Онлайн,Вклад,2602,https://bankiros.ru/bank/almazergienbank/deposits/onlajn-51,Есть,Есть,Есть,2025-07-01
2710,367,731,5000.0,999999999.0,6.5,Алмазэргиэнбанк,Онлайн,Вклад,2602,https://bankiros.ru/bank/almazergienbank/deposits/onlajn-51,Есть,Есть,Есть,2025-07-01
2711,732,9999,5000.0,999999999.0,6.57,Алмазэргиэнбанк,Онлайн,Вклад,2602,https://bankiros.ru/bank/almazergienbank/deposits/onlajn-51,Есть,Есть,Есть,2025-07-01
2712,30,30,5000.0,999999999.0,5.2,Алмазэргиэнбанк,Доходный,Вклад,2602,https://bankiros.ru/bank/almazergienbank/deposits/dohodnyj-107,Нет,Нет,Есть,2025-07-01
2713,31,90,5000.0,999999999.0,5.3,Алмазэргиэнбанк,Доходный,Вклад,2602,https://bankiros.ru/bank/almazergienbank/deposits/dohodnyj-107,Нет,Нет,Есть,2025-07-01
2714,91,180,5000.0,999999999.0,5.4,Алмазэргиэнбанк,Доходный,Вклад,2602,https://bankiros.ru/bank/almazergienbank/deposits/dohodnyj-107,Нет,Нет,Есть,2025-07-01
2715,181,365,5000.0,999999999.0,5.5,Алмазэргиэнбанк,Доходный,Вклад,2602,https://bankiros.ru/bank/almazergienbank/deposits/dohodnyj-107,Нет,Нет,Есть,2025-07-01
2716,366,550,5000.0,999999999.0,6.0,Алмазэргиэнбанк,Доходный,Вклад,2602,https://bankiros.ru/bank/almazergienbank/deposits/dohodnyj-107,Нет,Нет,Есть,2025-07-01
2717,551,732,5000.0,999999999.0,5.5,Алмазэргиэнбанк,Доходный,Вклад,2602,https://bankiros.ru/bank/almazergienbank/deposits/dohodnyj-107,Нет,Нет,Есть,2025-07-01
2718,733,1094,5000.0,999999999.0,5.5,Алмазэргиэнбанк,Доходный,Вклад,2602,https://bankiros.ru/bank/almazergienbank/deposits/dohodnyj-107,Нет,Нет,Есть,2025-07-01
2719,1095,9999,5000.0,999999999.0,5.0,Алмазэргиэнбанк,Доходный,Вклад,2602,https://bankiros.ru/bank/almazergienbank/deposits/dohodnyj-107,Нет,Нет,Есть,2025-07-01
2720,30,30,5000.0,999999999.0,5.2,Алмазэргиэнбанк,Доходный,Вклад,2602,https://bankiros.ru/bank/almazergienbank/deposits/dohodnyj-135,Нет,Нет,Есть,2025-07-01
2721,31,90,5000.0,999999999.0,5.3,Алмазэргиэнбанк,Доходный,Вклад,2602,https://bankiros.ru/bank/almazergienbank/deposits/dohodnyj-135,Нет,Нет,Есть,2025-07-01
2722,91,180,5000.0,999999999.0,5.4,Алмазэргиэнбанк,Доходный,Вклад,2602,https://bankiros.ru/bank/almazergienbank/deposits/dohodnyj-135,Нет,Нет,Есть,2025-07-01
2723,181,365,5000.0,999999999.0,5.5,Алмазэргиэнбанк,Доходный,Вклад,2602,https://bankiros.ru/bank/almazergienbank/deposits/dohodnyj-135,Нет,Нет,Есть,2025-07-01
2724,366,550,5000.0,999999999.0,6.0,Алмазэргиэнбанк,Доходный,Вклад,2602,https://bankiros.ru/bank/almazergienbank/deposits/dohodnyj-135,Нет,Нет,Есть,2025-07-01
2725,551,732,5000.0,999999999.0,5.5,Алмазэргиэнбанк,Доходный,Вклад,2602,https://bankiros.ru/bank/almazergienbank/deposits/dohodnyj-135,Нет,Нет,Есть,2025-07-01
2726,733,1094,5000.0,999999999.0,5.5,Алмазэргиэнбанк,Доходный,Вклад,2602,https://bankiros.ru/bank/almazergienbank/deposits/dohodnyj-135,Нет,Нет,Есть,2025-07-01
2727,1095,9999,5000.0,999999999.0,5.0,Алмазэргиэнбанк,Доходный,Вклад,2602,https://bankiros.ru/bank/almazergienbank/deposits/dohodnyj-135,Нет,Нет,Есть,2025-07-01
2728,91,180,5000.0,999999999.0,4.9,Алмазэргиэнбанк,Накопительный,Накопительный счет,2602,https://bankiros.ru/bank/almazergienbank/deposits/nakopitelnyj-203,Есть,Нет,Есть,2025-07-01
2729,181,270,5000.0,999999999.0,5.0,Алмазэргиэнбанк,Накопительный,Накопительный счет,2602,https://bankiros.ru/bank/almazergienbank/deposits/nakopitelnyj-203,Есть,Нет,Есть,2025-07-01
2730,271,364,5000.0,999999999.0,5.3,Алмазэргиэнбанк,Накопительный,Накопительный счет,2602,https://bankiros.ru/bank/almazergienbank/deposits/nakopitelnyj-203,Есть,Нет,Есть,2025-07-01
2731,365,549,5000.0,999999999.0,5.5,Алмазэргиэнбанк,Накопительный,Накопительный счет,2602,https://bankiros.ru/bank/almazergienbank/deposits/nakopitelnyj-203,Есть,Нет,Есть,2025-07-01
2732,550,731,5000.0,999999999.0,5.3,Алмазэргиэнбанк,Накопительный,Накопительный счет,2602,https://bankiros.ru/bank/almazergienbank/deposits/nakopitelnyj-203,Есть,Нет,Есть,2025-07-01
2733,732,1094,5000.0,999999999.0,5.0,Алмазэргиэнбанк,Накопительный,Накопительный счет,2602,https://bankiros.ru/bank/almazergienbank/deposits/nakopitelnyj-203,Есть,Нет,Есть,2025-07-01
2734,1095,9999,5000.0,999999999.0,4.5,Алмазэргиэнбанк,Накопительный,Накопительный счет,2602,https://bankiros.ru/bank/almazergienbank/deposits/nakopitelnyj-203,Есть,Нет,Есть,2025-07-01
2735,181,364,30000.0,999999999.0,4.8,Алмазэргиэнбанк,Комфортный,Вклад,2602,https://bankiros.ru/bank/almazergienbank/deposits/komfortnyj-23,Есть,Есть,Есть,2025-07-01
2736,365,731,30000.0,999999999.0,5.0,Алмазэргиэнбанк,Комфортный,Вклад,2602,https://bankiros.ru/bank/almazergienbank/deposits/komfortnyj-23,Есть,Есть,Есть,2025-07-01
2737,732,1094,30000.0,999999999.0,4.5,Алмазэргиэнбанк,Комфортный,Вклад,2602,https://bankiros.ru/bank/almazergienbank/deposits/komfortnyj-23,Есть,Есть,Есть,2025-07-01
2738,1095,9999,30000.0,999999999.0,4.35,Алмазэргиэнбанк,Комфортный,Вклад,2602,https://bankiros.ru/bank/almazergienbank/deposits/komfortnyj-23,Есть,Есть,Есть,2025-07-01
2739,1825,9999,300.0,999999999.0,0.2,Алмазэргиэнбанк,Пополняемый,Вклад,2602,https://bankiros.ru/bank/almazergienbank/deposits/popolnaemyj-39,Есть,Есть,Есть,2025-07-01
2740,1,365,15000000.0,999999999.0,18.5,Банк ОРЕНБУРГ,Пик,Вклад,3269,https://bankiros.ru/bank/bank-orenburg/deposits/pik,Нет,Нет,Нет,2025-07-01
2741,366,730,15000000.0,999999999.0,11.55,Банк ОРЕНБУРГ,Пик,Вклад,3269,https://bankiros.ru/bank/bank-orenburg/deposits/pik,Нет,Нет,Нет,2025-07-01
2742,731,1095,15000000.0,999999999.0,7.95,Банк ОРЕНБУРГ,Пик,Вклад,3269,https://bankiros.ru/bank/bank-orenburg/deposits/pik,Нет,Нет,Нет,2025-07-01
2743,1,180,30000000.0,999999999.0,19.5,Банк ОРЕНБУРГ,Эверест,Вклад,3269,https://bankiros.ru/bank/bank-orenburg/deposits/everest,Нет,Нет,Нет,2025-07-01
2744,181,360,30000000.0,999999999.0,15.1,Банк ОРЕНБУРГ,Эверест,Вклад,3269,https://bankiros.ru/bank/bank-orenburg/deposits/everest,Нет,Нет,Нет,2025-07-01
2745,361,720,30000000.0,999999999.0,12.3,Банк ОРЕНБУРГ,Эверест,Вклад,3269,https://bankiros.ru/bank/bank-orenburg/deposits/everest,Нет,Нет,Нет,2025-07-01
2746,721,1080,30000000.0,999999999.0,8.5,Банк ОРЕНБУРГ,Эверест,Вклад,3269,https://bankiros.ru/bank/bank-orenburg/deposits/everest,Нет,Нет,Нет,2025-07-01
2747,1,93,1000.0,999999999.0,19.0,Банк ОРЕНБУРГ,Зелёный капитал,Вклад,3269,https://bankiros.ru/bank/bank-orenburg/deposits/kapital-3,Есть,Нет,Есть,2025-07-01
2748,94,186,1000.0,999999999.0,15.5,Банк ОРЕНБУРГ,Зелёный капитал,Вклад,3269,https://bankiros.ru/bank/bank-orenburg/deposits/kapital-3,Есть,Нет,Есть,2025-07-01
2749,187,279,1000.0,999999999.0,13.5,Банк ОРЕНБУРГ,Зелёный капитал,Вклад,3269,https://bankiros.ru/bank/bank-orenburg/deposits/kapital-3,Есть,Нет,Есть,2025-07-01
2750,280,372,1000.0,999999999.0,12.5,Банк ОРЕНБУРГ,Зелёный капитал,Вклад,3269,https://bankiros.ru/bank/bank-orenburg/deposits/kapital-3,Есть,Нет,Есть,2025-07-01
2751,373,465,1000.0,999999999.0,10.0,Банк ОРЕНБУРГ,Зелёный капитал,Вклад,3269,https://bankiros.ru/bank/bank-orenburg/deposits/kapital-3,Есть,Нет,Есть,2025-07-01
2752,1,93,10000.0,999999999.0,17.5,Банк ОРЕНБУРГ,Правильный выбор онлайн,Вклад,3269,https://bankiros.ru/bank/bank-orenburg/deposits/pravilnyj-vybor-onlajn,Есть,Нет,Нет,2025-07-01
2753,94,186,10000.0,999999999.0,11.0,Банк ОРЕНБУРГ,Правильный выбор онлайн,Вклад,3269,https://bankiros.ru/bank/bank-orenburg/deposits/pravilnyj-vybor-onlajn,Есть,Нет,Нет,2025-07-01
2754,187,279,10000.0,999999999.0,11.0,Банк ОРЕНБУРГ,Правильный выбор онлайн,Вклад,3269,https://bankiros.ru/bank/bank-orenburg/deposits/pravilnyj-vybor-onlajn,Есть,Нет,Нет,2025-07-01
2755,280,837,10000.0,999999999.0,12.5,Банк ОРЕНБУРГ,Правильный выбор онлайн,Вклад,3269,https://bankiros.ru/bank/bank-orenburg/deposits/pravilnyj-vybor-onlajn,Есть,Нет,Нет,2025-07-01
2756,1,93,10000.0,999999999.0,17.0,Банк ОРЕНБУРГ,Правильный выбор,Вклад,3269,https://bankiros.ru/bank/bank-orenburg/deposits/pravilnyj-vybor-19,Есть,Нет,Нет,2025-07-01
2757,94,186,10000.0,999999999.0,11.0,Банк ОРЕНБУРГ,Правильный выбор,Вклад,3269,https://bankiros.ru/bank/bank-orenburg/deposits/pravilnyj-vybor-19,Есть,Нет,Нет,2025-07-01
2758,187,279,10000.0,999999999.0,11.0,Банк ОРЕНБУРГ,Правильный выбор,Вклад,3269,https://bankiros.ru/bank/bank-orenburg/deposits/pravilnyj-vybor-19,Есть,Нет,Нет,2025-07-01
2759,280,837,10000.0,999999999.0,12.5,Банк ОРЕНБУРГ,Правильный выбор,Вклад,3269,https://bankiros.ru/bank/bank-orenburg/deposits/pravilnyj-vybor-19,Есть,Нет,Нет,2025-07-01
2760,1,180,10000.0,999999999.0,16.75,Банк ОРЕНБУРГ,Новый горизонт,Вклад,3269,https://bankiros.ru/bank/bank-orenburg/deposits/novyj-gorizont,Есть,Нет,Нет,2025-07-01
2761,181,360,10000.0,999999999.0,9.0,Банк ОРЕНБУРГ,Новый горизонт,Вклад,3269,https://bankiros.ru/bank/bank-orenburg/deposits/novyj-gorizont,Есть,Нет,Нет,2025-07-01
2762,361,720,10000.0,999999999.0,10.5,Банк ОРЕНБУРГ,Новый горизонт,Вклад,3269,https://bankiros.ru/bank/bank-orenburg/deposits/novyj-gorizont,Есть,Нет,Нет,2025-07-01
2763,721,1080,10000.0,999999999.0,11.0,Банк ОРЕНБУРГ,Новый горизонт,Вклад,3269,https://bankiros.ru/bank/bank-orenburg/deposits/novyj-gorizont,Есть,Нет,Нет,2025-07-01
2764,1,9999,1.0,3000.0,0.01,Банк ОРЕНБУРГ,Накопительный счет,Накопительный счет,3269,https://bankiros.ru/bank/bank-orenburg/deposits/nakopitelnyj-9,Есть,Есть,Нет,2025-07-01
2765,1,9999,3001.0,2000000.0,13.0,Банк ОРЕНБУРГ,Накопительный счет,Накопительный счет,3269,https://bankiros.ru/bank/bank-orenburg/deposits/nakopitelnyj-9,Есть,Есть,Нет,2025-07-01
2766,1,9999,2000010.0,999999999.0,16.0,Банк ОРЕНБУРГ,Накопительный счет,Накопительный счет,3269,https://bankiros.ru/bank/bank-orenburg/deposits/nakopitelnyj-9,Есть,Есть,Нет,2025-07-01
2767,1,185,5000.0,999999999.0,16.0,Банк ОРЕНБУРГ,Онл@йн,Вклад,3269,https://bankiros.ru/bank/bank-orenburg/deposits/onljn,Есть,Нет,Нет,2025-07-01
2768,186,370,5000.0,999999999.0,10.85,Банк ОРЕНБУРГ,Онл@йн,Вклад,3269,https://bankiros.ru/bank/bank-orenburg/deposits/onljn,Есть,Нет,Нет,2025-07-01
2769,625,9999,500000.0,999999999.0,16.0,Банк ОРЕНБУРГ,Новая высота,Вклад,3269,https://bankiros.ru/bank/bank-orenburg/deposits/novaa-vysota-3,Нет,Нет,Нет,2025-07-01
2770,1,185,1000.0,999999999.0,16.0,Банк ОРЕНБУРГ,Эковклад,Вклад,3269,https://bankiros.ru/bank/bank-orenburg/deposits/ekovklad,Есть,Нет,Есть,2025-07-01
2771,186,370,1000.0,999999999.0,13.5,Банк ОРЕНБУРГ,Эковклад,Вклад,3269,https://bankiros.ru/bank/bank-orenburg/deposits/ekovklad,Есть,Нет,Есть,2025-07-01
2772,1,185,1000.0,999999999.0,16.0,Банк ОРЕНБУРГ,Эковклад онлайн,Вклад,3269,https://bankiros.ru/bank/bank-orenburg/deposits/ekovklad-onlajn,Есть,Нет,Есть,2025-07-01
2773,186,370,1000.0,999999999.0,13.5,Банк ОРЕНБУРГ,Эковклад онлайн,Вклад,3269,https://bankiros.ru/bank/bank-orenburg/deposits/ekovklad-onlajn,Есть,Нет,Есть,2025-07-01
2774,1,390,3000000.0,999999999.0,14.0,Банк ОРЕНБУРГ,Олимп,Вклад,3269,https://bankiros.ru/bank/bank-orenburg/deposits/olimp,Есть,Есть,Нет,2025-07-01
2775,391,1170,3000000.0,999999999.0,7.35,Банк ОРЕНБУРГ,Олимп,Вклад,3269,https://bankiros.ru/bank/bank-orenburg/deposits/olimp,Есть,Есть,Нет,2025-07-01
2776,1,370,5000.0,999999999.0,11.5,Банк ОРЕНБУРГ,Постоянный доход,Вклад,3269,https://bankiros.ru/bank/bank-orenburg/deposits/postoannyj-dohod,Есть,Нет,Нет,2025-07-01
2777,371,740,5000.0,999999999.0,7.85,Банк ОРЕНБУРГ,Постоянный доход,Вклад,3269,https://bankiros.ru/bank/bank-orenburg/deposits/postoannyj-dohod,Есть,Нет,Нет,2025-07-01
2778,741,1110,5000.0,999999999.0,7.55,Банк ОРЕНБУРГ,Постоянный доход,Вклад,3269,https://bankiros.ru/bank/bank-orenburg/deposits/postoannyj-dohod,Есть,Нет,Нет,2025-07-01
2779,465,9999,1000.0,999999999.0,10.5,Банк ОРЕНБУРГ,Пенсионный + ,Вклад,3269,https://bankiros.ru/bank/bank-orenburg/deposits/pensionnyj-20,Есть,Нет,Нет,2025-07-01
2780,1,360,1000.0,999999999.0,9.75,Банк ОРЕНБУРГ,Солнышко,Вклад,3269,https://bankiros.ru/bank/bank-orenburg/deposits/solnysko,Есть,Нет,Есть,2025-07-01
2781,361,720,1000.0,999999999.0,6.0,Банк ОРЕНБУРГ,Солнышко,Вклад,3269,https://bankiros.ru/bank/bank-orenburg/deposits/solnysko,Есть,Нет,Есть,2025-07-01
2782,721,1080,1000.0,999999999.0,5.5,Банк ОРЕНБУРГ,Солнышко,Вклад,3269,https://bankiros.ru/bank/bank-orenburg/deposits/solnysko,Есть,Нет,Есть,2025-07-01
2783,31,9999,1000.0,999999999.0,5.5,Банк ОРЕНБУРГ,Депозитный,Вклад,3269,https://bankiros.ru/bank/bank-orenburg/deposits/depozitnyj,Нет,Нет,Есть,2025-07-01
2784,31,90,5000000.0,10000000.0,17.0,Капитал,Премиальный плюс,Вклад,575,https://bankiros.ru/bank/capital-bank/deposits/premialnyj-22,Нет,Есть,Нет,2025-07-01
2785,31,90,10000000.0,999999999.0,17.5,Капитал,Премиальный плюс,Вклад,575,https://bankiros.ru/bank/capital-bank/deposits/premialnyj-22,Нет,Есть,Нет,2025-07-01
2786,91,180,5000000.0,10000000.0,18.0,Капитал,Премиальный плюс,Вклад,575,https://bankiros.ru/bank/capital-bank/deposits/premialnyj-22,Нет,Есть,Нет,2025-07-01
2787,91,180,10000000.0,999999999.0,16.5,Капитал,Премиальный плюс,Вклад,575,https://bankiros.ru/bank/capital-bank/deposits/premialnyj-22,Нет,Есть,Нет,2025-07-01
2788,181,363,5000000.0,10000000.0,17.5,Капитал,Премиальный плюс,Вклад,575,https://bankiros.ru/bank/capital-bank/deposits/premialnyj-22,Нет,Есть,Нет,2025-07-01
2789,181,363,10000000.0,999999999.0,18.0,Капитал,Премиальный плюс,Вклад,575,https://bankiros.ru/bank/capital-bank/deposits/premialnyj-22,Нет,Есть,Нет,2025-07-01
2790,364,9999,5000000.0,10000000.0,18.5,Капитал,Премиальный плюс,Вклад,575,https://bankiros.ru/bank/capital-bank/deposits/premialnyj-22,Нет,Есть,Нет,2025-07-01
2791,364,9999,10000000.0,999999999.0,17.0,Капитал,Премиальный плюс,Вклад,575,https://bankiros.ru/bank/capital-bank/deposits/premialnyj-22,Нет,Есть,Нет,2025-07-01
2792,91,180,2000000.0,10000000.0,18.0,Капитал,Пенсионный Премиум,Вклад,575,https://bankiros.ru/bank/capital-bank/deposits/pensionnyj-premium,Есть,Есть,Нет,2025-07-01
2793,181,363,2000000.0,10000000.0,18.5,Капитал,Пенсионный Премиум,Вклад,575,https://bankiros.ru/bank/capital-bank/deposits/pensionnyj-premium,Есть,Есть,Нет,2025-07-01
2794,364,9999,2000000.0,10000000.0,17.0,Капитал,Пенсионный Премиум,Вклад,575,https://bankiros.ru/bank/capital-bank/deposits/pensionnyj-premium,Есть,Есть,Нет,2025-07-01
2795,91,180,200000.0,10000000.0,17.5,Капитал,Выгодный премиум,Вклад,575,https://bankiros.ru/bank/capital-bank/deposits/optimalnyj-premium-3,Нет,Нет,Нет,2025-07-01
2796,181,363,200000.0,10000000.0,18.5,Капитал,Выгодный премиум,Вклад,575,https://bankiros.ru/bank/capital-bank/deposits/optimalnyj-premium-3,Нет,Нет,Нет,2025-07-01
2797,364,9999,200000.0,10000000.0,16.0,Капитал,Выгодный премиум,Вклад,575,https://bankiros.ru/bank/capital-bank/deposits/optimalnyj-premium-3,Нет,Нет,Нет,2025-07-01
2798,91,180,10000.0,499999.0,16.5,Капитал,Пенсионный,Вклад,575,https://bankiros.ru/bank/capital-bank/deposits/pensionnyj-127,Есть,Есть,Нет,2025-07-01
2799,91,180,500000.0,5000000.0,17.0,Капитал,Пенсионный,Вклад,575,https://bankiros.ru/bank/capital-bank/deposits/pensionnyj-127,Есть,Есть,Нет,2025-07-01
2800,181,363,10000.0,499999.0,15.5,Капитал,Пенсионный,Вклад,575,https://bankiros.ru/bank/capital-bank/deposits/pensionnyj-127,Есть,Есть,Нет,2025-07-01
2801,181,363,500000.0,5000000.0,17.0,Капитал,Пенсионный,Вклад,575,https://bankiros.ru/bank/capital-bank/deposits/pensionnyj-127,Есть,Есть,Нет,2025-07-01
2802,364,9999,10000.0,499999.0,17.5,Капитал,Пенсионный,Вклад,575,https://bankiros.ru/bank/capital-bank/deposits/pensionnyj-127,Есть,Есть,Нет,2025-07-01
2803,364,9999,500000.0,5000000.0,16.0,Капитал,Пенсионный,Вклад,575,https://bankiros.ru/bank/capital-bank/deposits/pensionnyj-127,Есть,Есть,Нет,2025-07-01
2804,91,180,10000.0,499999.0,16.0,Капитал,Выгодный,Вклад,575,https://bankiros.ru/bank/capital-bank/deposits/optimalnyj-33,Нет,Нет,Нет,2025-07-01
2805,91,180,500000.0,10000000.0,16.5,Капитал,Выгодный,Вклад,575,https://bankiros.ru/bank/capital-bank/deposits/optimalnyj-33,Нет,Нет,Нет,2025-07-01
2806,181,363,10000.0,499999.0,14.5,Капитал,Выгодный,Вклад,575,https://bankiros.ru/bank/capital-bank/deposits/optimalnyj-33,Нет,Нет,Нет,2025-07-01
2807,181,363,500000.0,10000000.0,16.5,Капитал,Выгодный,Вклад,575,https://bankiros.ru/bank/capital-bank/deposits/optimalnyj-33,Нет,Нет,Нет,2025-07-01
2808,364,9999,10000.0,499999.0,17.0,Капитал,Выгодный,Вклад,575,https://bankiros.ru/bank/capital-bank/deposits/optimalnyj-33,Нет,Нет,Нет,2025-07-01
2809,364,9999,500000.0,10000000.0,15.0,Капитал,Выгодный,Вклад,575,https://bankiros.ru/bank/capital-bank/deposits/optimalnyj-33,Нет,Нет,Нет,2025-07-01
2810,91,180,50000.0,3000000.0,18.0,Энергобанк,Прибыльный,Вклад,67,https://bankiros.ru/bank/energobank/deposits/pribylnyj-3,Нет,Нет,Есть,2025-07-01
2811,181,9999,50000.0,3000000.0,18.25,Энергобанк,Прибыльный,Вклад,67,https://bankiros.ru/bank/energobank/deposits/pribylnyj-3,Нет,Нет,Есть,2025-07-01
2812,91,180,10000.0,999999999.0,17.75,Энергобанк,Кибервклад,Вклад,67,https://bankiros.ru/bank/energobank/deposits/kibervklad,Есть,Нет,Есть,2025-07-01
2813,181,366,10000.0,999999999.0,18.0,Энергобанк,Кибервклад,Вклад,67,https://bankiros.ru/bank/energobank/deposits/kibervklad,Есть,Нет,Есть,2025-07-01
2814,367,9999,10000.0,999999999.0,15.5,Энергобанк,Кибервклад,Вклад,67,https://bankiros.ru/bank/energobank/deposits/kibervklad,Есть,Нет,Есть,2025-07-01
2815,31,61,50000.0,999999999.0,9.0,Энергобанк,Выгодный,Вклад,67,https://bankiros.ru/bank/energobank/deposits/vygodnyj-39,Нет,Нет,Есть,2025-07-01
2816,62,90,50000.0,999999999.0,11.0,Энергобанк,Выгодный,Вклад,67,https://bankiros.ru/bank/energobank/deposits/vygodnyj-39,Нет,Нет,Есть,2025-07-01
2817,91,154,50000.0,999999999.0,14.0,Энергобанк,Выгодный,Вклад,67,https://bankiros.ru/bank/energobank/deposits/vygodnyj-39,Нет,Нет,Есть,2025-07-01
2818,155,180,50000.0,999999999.0,15.75,Энергобанк,Выгодный,Вклад,67,https://bankiros.ru/bank/energobank/deposits/vygodnyj-39,Нет,Нет,Есть,2025-07-01
2819,181,366,50000.0,999999999.0,15.0,Энергобанк,Выгодный,Вклад,67,https://bankiros.ru/bank/energobank/deposits/vygodnyj-39,Нет,Нет,Есть,2025-07-01
2820,367,9999,50000.0,999999999.0,12.0,Энергобанк,Выгодный,Вклад,67,https://bankiros.ru/bank/energobank/deposits/vygodnyj-39,Нет,Нет,Есть,2025-07-01
2821,1,31,50000.0,999999999.0,12.0,Энергобанк,Перспектива,Вклад,67,https://bankiros.ru/bank/energobank/deposits/perspektiva-48,Есть,Нет,Есть,2025-07-01
2822,32,61,50000.0,999999999.0,11.0,Энергобанк,Перспектива,Вклад,67,https://bankiros.ru/bank/energobank/deposits/perspektiva-48,Есть,Нет,Есть,2025-07-01
2823,62,91,50000.0,999999999.0,10.0,Энергобанк,Перспектива,Вклад,67,https://bankiros.ru/bank/energobank/deposits/perspektiva-48,Есть,Нет,Есть,2025-07-01
2824,92,181,50000.0,999999999.0,9.0,Энергобанк,Перспектива,Вклад,67,https://bankiros.ru/bank/energobank/deposits/perspektiva-48,Есть,Нет,Есть,2025-07-01
2825,182,367,50000.0,999999999.0,7.0,Энергобанк,Перспектива,Вклад,67,https://bankiros.ru/bank/energobank/deposits/perspektiva-48,Есть,Нет,Есть,2025-07-01
2826,91,180,5000.0,999999999.0,7.0,Энергобанк,Мудрое решение,Вклад,67,https://bankiros.ru/bank/energobank/deposits/wise-decision,Есть,Нет,Есть,2025-07-01
2827,181,366,5000.0,999999999.0,7.75,Энергобанк,Мудрое решение,Вклад,67,https://bankiros.ru/bank/energobank/deposits/wise-decision,Есть,Нет,Есть,2025-07-01
2828,367,9999,5000.0,999999999.0,8.15,Энергобанк,Мудрое решение,Вклад,67,https://bankiros.ru/bank/energobank/deposits/wise-decision,Есть,Нет,Есть,2025-07-01
2829,181,366,30000.0,99999.0,5.1,Энергобанк,Удобный онлайн,Вклад,67,https://bankiros.ru/bank/energobank/deposits/udobnyj-onlajn,Есть,Есть,Есть,2025-07-01
2830,181,366,100000.0,499999.0,5.5,Энергобанк,Удобный онлайн,Вклад,67,https://bankiros.ru/bank/energobank/deposits/udobnyj-onlajn,Есть,Есть,Есть,2025-07-01
2831,181,366,500000.0,999999999.0,5.4,Энергобанк,Удобный онлайн,Вклад,67,https://bankiros.ru/bank/energobank/deposits/udobnyj-onlajn,Есть,Есть,Есть,2025-07-01
2832,367,9999,30000.0,99999.0,5.7,Энергобанк,Удобный онлайн,Вклад,67,https://bankiros.ru/bank/energobank/deposits/udobnyj-onlajn,Есть,Есть,Есть,2025-07-01
2833,367,9999,100000.0,499999.0,5.7,Энергобанк,Удобный онлайн,Вклад,67,https://bankiros.ru/bank/energobank/deposits/udobnyj-onlajn,Есть,Есть,Есть,2025-07-01
2834,367,9999,500000.0,999999999.0,6.0,Энергобанк,Удобный онлайн,Вклад,67,https://bankiros.ru/bank/energobank/deposits/udobnyj-onlajn,Есть,Есть,Есть,2025-07-01
2835,181,300,30000.0,99999.0,3.4,Энергобанк,Удобный,Вклад,67,https://bankiros.ru/bank/energobank/deposits/udobny,Есть,Есть,Есть,2025-07-01
2836,181,300,100000.0,499999.0,3.9,Энергобанк,Удобный,Вклад,67,https://bankiros.ru/bank/energobank/deposits/udobny,Есть,Есть,Есть,2025-07-01
2837,181,300,500000.0,999999.0,3.6,Энергобанк,Удобный,Вклад,67,https://bankiros.ru/bank/energobank/deposits/udobny,Есть,Есть,Есть,2025-07-01
2838,181,300,1000000.0,999999999.0,4.1,Энергобанк,Удобный,Вклад,67,https://bankiros.ru/bank/energobank/deposits/udobny,Есть,Есть,Есть,2025-07-01
2839,301,367,30000.0,99999.0,4.0,Энергобанк,Удобный,Вклад,67,https://bankiros.ru/bank/energobank/deposits/udobny,Есть,Есть,Есть,2025-07-01
2840,301,367,100000.0,499999.0,4.3,Энергобанк,Удобный,Вклад,67,https://bankiros.ru/bank/energobank/deposits/udobny,Есть,Есть,Есть,2025-07-01
2841,301,367,500000.0,999999.0,4.3,Энергобанк,Удобный,Вклад,67,https://bankiros.ru/bank/energobank/deposits/udobny,Есть,Есть,Есть,2025-07-01
2842,301,367,1000000.0,999999999.0,4.5,Энергобанк,Удобный,Вклад,67,https://bankiros.ru/bank/energobank/deposits/udobny,Есть,Есть,Есть,2025-07-01
2843,15,30,1000.0,99999.0,1.0,Энергобанк,Классика,Вклад,67,https://bankiros.ru/bank/energobank/deposits/classic,Есть,Нет,Есть,2025-07-01
2844,15,30,100000.0,999999999.0,1.25,Энергобанк,Классика,Вклад,67,https://bankiros.ru/bank/energobank/deposits/classic,Есть,Нет,Есть,2025-07-01
2845,31,50,1000.0,99999.0,2.25,Энергобанк,Классика,Вклад,67,https://bankiros.ru/bank/energobank/deposits/classic,Есть,Нет,Есть,2025-07-01
2846,31,50,100000.0,999999999.0,2.8,Энергобанк,Классика,Вклад,67,https://bankiros.ru/bank/energobank/deposits/classic,Есть,Нет,Есть,2025-07-01
2847,61,80,1000.0,99999.0,3.3,Энергобанк,Классика,Вклад,67,https://bankiros.ru/bank/energobank/deposits/classic,Есть,Нет,Есть,2025-07-01
2848,61,80,100000.0,999999999.0,3.5,Энергобанк,Классика,Вклад,67,https://bankiros.ru/bank/energobank/deposits/classic,Есть,Нет,Есть,2025-07-01
2849,91,150,1000.0,99999.0,3.0,Энергобанк,Классика,Вклад,67,https://bankiros.ru/bank/energobank/deposits/classic,Есть,Нет,Есть,2025-07-01
2850,91,150,100000.0,999999999.0,1.15,Энергобанк,Классика,Вклад,67,https://bankiros.ru/bank/energobank/deposits/classic,Есть,Нет,Есть,2025-07-01
2851,181,300,1000.0,99999.0,1.5,Энергобанк,Классика,Вклад,67,https://bankiros.ru/bank/energobank/deposits/classic,Есть,Нет,Есть,2025-07-01
2852,181,300,100000.0,999999999.0,2.5,Энергобанк,Классика,Вклад,67,https://bankiros.ru/bank/energobank/deposits/classic,Есть,Нет,Есть,2025-07-01
2853,367,539,1000.0,99999.0,3.0,Энергобанк,Классика,Вклад,67,https://bankiros.ru/bank/energobank/deposits/classic,Есть,Нет,Есть,2025-07-01
2854,367,539,100000.0,999999999.0,3.5,Энергобанк,Классика,Вклад,67,https://bankiros.ru/bank/energobank/deposits/classic,Есть,Нет,Есть,2025-07-01
2855,540,9999,1000.0,99999.0,3.7,Энергобанк,Классика,Вклад,67,https://bankiros.ru/bank/energobank/deposits/classic,Есть,Нет,Есть,2025-07-01
2856,540,9999,100000.0,999999999.0,3.2,Энергобанк,Классика,Вклад,67,https://bankiros.ru/bank/energobank/deposits/classic,Есть,Нет,Есть,2025-07-01
2857,730,9999,100.0,999999999.0,6.0,Энергобанк,Кошелёк пенсионера +,Вклад,67,https://bankiros.ru/bank/energobank/deposits/koshelek-pensionera-plus,Есть,Есть,Есть,2025-07-01
2858,367,9999,1000.0,999999999.0,5.1,Энергобанк,Бонус пенсионерам 2,Вклад,67,https://bankiros.ru/bank/energobank/deposits/bonus-pensioneram-2,Есть,Есть,Есть,2025-07-01
2859,200,366,5000.0,999999999.0,4.75,Энергобанк,Пенсионное настроение,Вклад,67,https://bankiros.ru/bank/energobank/deposits/pensionnoe-nastroenie,Есть,Нет,Есть,2025-07-01
2860,367,9999,5000.0,999999999.0,5.0,Энергобанк,Пенсионное настроение,Вклад,67,https://bankiros.ru/bank/energobank/deposits/pensionnoe-nastroenie,Есть,Нет,Есть,2025-07-01
2861,367,9999,1000.0,999999999.0,5.0,Энергобанк,Бонус пенсионерам 1,Вклад,67,https://bankiros.ru/bank/energobank/deposits/bonus-pensioneram1,Есть,Есть,Есть,2025-07-01
2862,367,9999,1000.0,999999999.0,4.9,Энергобанк,Бонус пенсионерам,Вклад,67,https://bankiros.ru/bank/energobank/deposits/bonus-pensioneram,Есть,Есть,Есть,2025-07-01
2863,367,730,1000000.0,999999999.0,3.5,Энергобанк,Гарантия,Вклад,67,https://bankiros.ru/bank/energobank/deposits/garantia-2,Нет,Нет,Есть,2025-07-01
2864,91,182,300000.0,10000000.0,17.0,СМЛТ Банк (бывш. Система),Самолёт-вклад,Вклад,2846,https://bankiros.ru/bank/sistemabank/deposits/samolet-vklad,Нет,Нет,Нет,2025-07-01
2865,183,366,300000.0,10000000.0,17.0,СМЛТ Банк (бывш. Система),Самолёт-вклад,Вклад,2846,https://bankiros.ru/bank/sistemabank/deposits/samolet-vklad,Нет,Нет,Нет,2025-07-01
2866,367,545,300000.0,10000000.0,18.1,СМЛТ Банк (бывш. Система),Самолёт-вклад,Вклад,2846,https://bankiros.ru/bank/sistemabank/deposits/samolet-vklad,Нет,Нет,Нет,2025-07-01
2867,546,729,300000.0,10000000.0,16.0,СМЛТ Банк (бывш. Система),Самолёт-вклад,Вклад,2846,https://bankiros.ru/bank/sistemabank/deposits/samolet-vklad,Нет,Нет,Нет,2025-07-01
2868,730,9999,300000.0,10000000.0,15.0,СМЛТ Банк (бывш. Система),Самолёт-вклад,Вклад,2846,https://bankiros.ru/bank/sistemabank/deposits/samolet-vklad,Нет,Нет,Нет,2025-07-01
2869,546,9999,400000.0,5000000.0,14.0,СМЛТ Банк (бывш. Система),Целепорт плюс,Вклад,2846,https://bankiros.ru/bank/sistemabank/deposits/celeport,Нет,Нет,Нет,2025-07-01
2870,1,61,1.0,100000.0,17.0,Банк Казани,Накопительный счёт Доходный,Накопительный счет,708,https://bankiros.ru/bank/kazanbank/deposits/dohodnyj-3,Есть,Есть,Нет,2025-07-01
2871,1,61,100001.0,999999999.0,14.0,Банк Казани,Накопительный счёт Доходный,Накопительный счет,708,https://bankiros.ru/bank/kazanbank/deposits/dohodnyj-3,Есть,Есть,Нет,2025-07-01
2872,62,9999,1.0,100000.0,18.0,Банк Казани,Накопительный счёт Доходный,Накопительный счет,708,https://bankiros.ru/bank/kazanbank/deposits/dohodnyj-3,Есть,Есть,Нет,2025-07-01
2873,62,9999,100001.0,999999999.0,15.0,Банк Казани,Накопительный счёт Доходный,Накопительный счет,708,https://bankiros.ru/bank/kazanbank/deposits/dohodnyj-3,Есть,Есть,Нет,2025-07-01
2874,367,9999,1000000.0,9999999.0,15.0,Банк Казани,ВИП-Миллениум 2.0,Вклад,708,https://bankiros.ru/bank/kazanbank/deposits/vip-millenium,Есть,Есть,Есть,2025-07-01
2875,367,9999,10000000.0,999999999.0,16.5,Банк Казани,ВИП-Миллениум 2.0,Вклад,708,https://bankiros.ru/bank/kazanbank/deposits/vip-millenium,Есть,Есть,Есть,2025-07-01
2876,31,90,1000.0,49999.0,13.75,Банк Казани,Городской пенсионный (% в конце срока),Вклад,708,https://bankiros.ru/bank/kazanbank/deposits/gorodskoj-pensionnyj-v-konce-sroka,Есть,Нет,Есть,2025-07-01
2877,31,90,50000.0,999999999.0,14.25,Банк Казани,Городской пенсионный (% в конце срока),Вклад,708,https://bankiros.ru/bank/kazanbank/deposits/gorodskoj-pensionnyj-v-konce-sroka,Есть,Нет,Есть,2025-07-01
2878,91,180,1000.0,49999.0,15.5,Банк Казани,Городской пенсионный (% в конце срока),Вклад,708,https://bankiros.ru/bank/kazanbank/deposits/gorodskoj-pensionnyj-v-konce-sroka,Есть,Нет,Есть,2025-07-01
2879,91,180,50000.0,999999999.0,13.75,Банк Казани,Городской пенсионный (% в конце срока),Вклад,708,https://bankiros.ru/bank/kazanbank/deposits/gorodskoj-pensionnyj-v-konce-sroka,Есть,Нет,Есть,2025-07-01
2880,181,366,1000.0,49999.0,11.0,Банк Казани,Городской пенсионный (% в конце срока),Вклад,708,https://bankiros.ru/bank/kazanbank/deposits/gorodskoj-pensionnyj-v-konce-sroka,Есть,Нет,Есть,2025-07-01
2881,181,366,50000.0,999999999.0,11.0,Банк Казани,Городской пенсионный (% в конце срока),Вклад,708,https://bankiros.ru/bank/kazanbank/deposits/gorodskoj-pensionnyj-v-konce-sroka,Есть,Нет,Есть,2025-07-01
2882,367,549,1000.0,49999.0,14.0,Банк Казани,Городской пенсионный (% в конце срока),Вклад,708,https://bankiros.ru/bank/kazanbank/deposits/gorodskoj-pensionnyj-v-konce-sroka,Есть,Нет,Есть,2025-07-01
2883,367,549,50000.0,999999999.0,14.5,Банк Казани,Городской пенсионный (% в конце срока),Вклад,708,https://bankiros.ru/bank/kazanbank/deposits/gorodskoj-pensionnyj-v-konce-sroka,Есть,Нет,Есть,2025-07-01
2884,550,729,1000.0,49999.0,15.75,Банк Казани,Городской пенсионный (% в конце срока),Вклад,708,https://bankiros.ru/bank/kazanbank/deposits/gorodskoj-pensionnyj-v-konce-sroka,Есть,Нет,Есть,2025-07-01
2885,550,729,50000.0,999999999.0,14.0,Банк Казани,Городской пенсионный (% в конце срока),Вклад,708,https://bankiros.ru/bank/kazanbank/deposits/gorodskoj-pensionnyj-v-konce-sroka,Есть,Нет,Есть,2025-07-01
2886,730,9999,1000.0,49999.0,11.25,Банк Казани,Городской пенсионный (% в конце срока),Вклад,708,https://bankiros.ru/bank/kazanbank/deposits/gorodskoj-pensionnyj-v-konce-sroka,Есть,Нет,Есть,2025-07-01
2887,730,9999,50000.0,999999999.0,11.25,Банк Казани,Городской пенсионный (% в конце срока),Вклад,708,https://bankiros.ru/bank/kazanbank/deposits/gorodskoj-pensionnyj-v-konce-sroka,Есть,Нет,Есть,2025-07-01
2888,31,90,5000.0,49999.0,13.75,Банк Казани,Городской стабильный (% в конце срока),Вклад,708,https://bankiros.ru/bank/kazanbank/deposits/gorodskoj-stabilnyj,Нет,Нет,Есть,2025-07-01
2889,31,90,50000.0,999999999.0,14.25,Банк Казани,Городской стабильный (% в конце срока),Вклад,708,https://bankiros.ru/bank/kazanbank/deposits/gorodskoj-stabilnyj,Нет,Нет,Есть,2025-07-01
2890,91,180,5000.0,49999.0,15.5,Банк Казани,Городской стабильный (% в конце срока),Вклад,708,https://bankiros.ru/bank/kazanbank/deposits/gorodskoj-stabilnyj,Нет,Нет,Есть,2025-07-01
2891,91,180,50000.0,999999999.0,13.75,Банк Казани,Городской стабильный (% в конце срока),Вклад,708,https://bankiros.ru/bank/kazanbank/deposits/gorodskoj-stabilnyj,Нет,Нет,Есть,2025-07-01
2892,181,366,5000.0,49999.0,11.0,Банк Казани,Городской стабильный (% в конце срока),Вклад,708,https://bankiros.ru/bank/kazanbank/deposits/gorodskoj-stabilnyj,Нет,Нет,Есть,2025-07-01
2893,181,366,50000.0,999999999.0,11.0,Банк Казани,Городской стабильный (% в конце срока),Вклад,708,https://bankiros.ru/bank/kazanbank/deposits/gorodskoj-stabilnyj,Нет,Нет,Есть,2025-07-01
2894,367,549,5000.0,49999.0,14.0,Банк Казани,Городской стабильный (% в конце срока),Вклад,708,https://bankiros.ru/bank/kazanbank/deposits/gorodskoj-stabilnyj,Нет,Нет,Есть,2025-07-01
2895,367,549,50000.0,999999999.0,14.5,Банк Казани,Городской стабильный (% в конце срока),Вклад,708,https://bankiros.ru/bank/kazanbank/deposits/gorodskoj-stabilnyj,Нет,Нет,Есть,2025-07-01
2896,550,729,5000.0,49999.0,15.75,Банк Казани,Городской стабильный (% в конце срока),Вклад,708,https://bankiros.ru/bank/kazanbank/deposits/gorodskoj-stabilnyj,Нет,Нет,Есть,2025-07-01
2897,550,729,50000.0,999999999.0,14.0,Банк Казани,Городской стабильный (% в конце срока),Вклад,708,https://bankiros.ru/bank/kazanbank/deposits/gorodskoj-stabilnyj,Нет,Нет,Есть,2025-07-01
2898,730,9999,5000.0,49999.0,11.25,Банк Казани,Городской стабильный (% в конце срока),Вклад,708,https://bankiros.ru/bank/kazanbank/deposits/gorodskoj-stabilnyj,Нет,Нет,Есть,2025-07-01
2899,730,9999,50000.0,999999999.0,11.25,Банк Казани,Городской стабильный (% в конце срока),Вклад,708,https://bankiros.ru/bank/kazanbank/deposits/gorodskoj-stabilnyj,Нет,Нет,Есть,2025-07-01
2900,91,180,1000.0,49999.0,14.0,Банк Казани,Городской пенсионный (% ежемесячно),Вклад,708,https://bankiros.ru/bank/kazanbank/deposits/gorodskoj-pensionnyj-ezemesacno,Есть,Нет,Есть,2025-07-01
2901,91,180,50000.0,999999999.0,15.25,Банк Казани,Городской пенсионный (% ежемесячно),Вклад,708,https://bankiros.ru/bank/kazanbank/deposits/gorodskoj-pensionnyj-ezemesacno,Есть,Нет,Есть,2025-07-01
2902,181,366,1000.0,49999.0,13.5,Банк Казани,Городской пенсионный (% ежемесячно),Вклад,708,https://bankiros.ru/bank/kazanbank/deposits/gorodskoj-pensionnyj-ezemesacno,Есть,Нет,Есть,2025-07-01
2903,181,366,50000.0,999999999.0,10.75,Банк Казани,Городской пенсионный (% ежемесячно),Вклад,708,https://bankiros.ru/bank/kazanbank/deposits/gorodskoj-pensionnyj-ezemesacno,Есть,Нет,Есть,2025-07-01
2904,367,549,1000.0,49999.0,10.75,Банк Казани,Городской пенсионный (% ежемесячно),Вклад,708,https://bankiros.ru/bank/kazanbank/deposits/gorodskoj-pensionnyj-ezemesacno,Есть,Нет,Есть,2025-07-01
2905,367,549,50000.0,999999999.0,14.25,Банк Казани,Городской пенсионный (% ежемесячно),Вклад,708,https://bankiros.ru/bank/kazanbank/deposits/gorodskoj-pensionnyj-ezemesacno,Есть,Нет,Есть,2025-07-01
2906,550,729,1000.0,49999.0,15.5,Банк Казани,Городской пенсионный (% ежемесячно),Вклад,708,https://bankiros.ru/bank/kazanbank/deposits/gorodskoj-pensionnyj-ezemesacno,Есть,Нет,Есть,2025-07-01
2907,550,729,50000.0,999999999.0,13.75,Банк Казани,Городской пенсионный (% ежемесячно),Вклад,708,https://bankiros.ru/bank/kazanbank/deposits/gorodskoj-pensionnyj-ezemesacno,Есть,Нет,Есть,2025-07-01
2908,730,9999,1000.0,49999.0,11.0,Банк Казани,Городской пенсионный (% ежемесячно),Вклад,708,https://bankiros.ru/bank/kazanbank/deposits/gorodskoj-pensionnyj-ezemesacno,Есть,Нет,Есть,2025-07-01
2909,730,9999,50000.0,999999999.0,11.0,Банк Казани,Городской пенсионный (% ежемесячно),Вклад,708,https://bankiros.ru/bank/kazanbank/deposits/gorodskoj-pensionnyj-ezemesacno,Есть,Нет,Есть,2025-07-01
2910,91,180,5000.0,49999.0,14.0,Банк Казани,Городской стабильный (% ежемесячно),Вклад,708,https://bankiros.ru/bank/kazanbank/deposits/gorodskoj-stabilnyj-ezemesacno,Есть,Нет,Есть,2025-07-01
2911,91,180,50000.0,999999999.0,15.25,Банк Казани,Городской стабильный (% ежемесячно),Вклад,708,https://bankiros.ru/bank/kazanbank/deposits/gorodskoj-stabilnyj-ezemesacno,Есть,Нет,Есть,2025-07-01
2912,181,366,5000.0,49999.0,13.5,Банк Казани,Городской стабильный (% ежемесячно),Вклад,708,https://bankiros.ru/bank/kazanbank/deposits/gorodskoj-stabilnyj-ezemesacno,Есть,Нет,Есть,2025-07-01
2913,181,366,50000.0,999999999.0,10.75,Банк Казани,Городской стабильный (% ежемесячно),Вклад,708,https://bankiros.ru/bank/kazanbank/deposits/gorodskoj-stabilnyj-ezemesacno,Есть,Нет,Есть,2025-07-01
2914,367,549,5000.0,49999.0,10.75,Банк Казани,Городской стабильный (% ежемесячно),Вклад,708,https://bankiros.ru/bank/kazanbank/deposits/gorodskoj-stabilnyj-ezemesacno,Есть,Нет,Есть,2025-07-01
2915,367,549,50000.0,999999999.0,14.25,Банк Казани,Городской стабильный (% ежемесячно),Вклад,708,https://bankiros.ru/bank/kazanbank/deposits/gorodskoj-stabilnyj-ezemesacno,Есть,Нет,Есть,2025-07-01
2916,550,729,5000.0,49999.0,15.5,Банк Казани,Городской стабильный (% ежемесячно),Вклад,708,https://bankiros.ru/bank/kazanbank/deposits/gorodskoj-stabilnyj-ezemesacno,Есть,Нет,Есть,2025-07-01
2917,550,729,50000.0,999999999.0,13.75,Банк Казани,Городской стабильный (% ежемесячно),Вклад,708,https://bankiros.ru/bank/kazanbank/deposits/gorodskoj-stabilnyj-ezemesacno,Есть,Нет,Есть,2025-07-01
2918,730,9999,5000.0,49999.0,11.0,Банк Казани,Городской стабильный (% ежемесячно),Вклад,708,https://bankiros.ru/bank/kazanbank/deposits/gorodskoj-stabilnyj-ezemesacno,Есть,Нет,Есть,2025-07-01
2919,730,9999,50000.0,999999999.0,11.0,Банк Казани,Городской стабильный (% ежемесячно),Вклад,708,https://bankiros.ru/bank/kazanbank/deposits/gorodskoj-stabilnyj-ezemesacno,Есть,Нет,Есть,2025-07-01
2920,367,9999,50000.0,999999999.0,13.75,Банк Казани,Миллениум,Вклад,708,https://bankiros.ru/bank/kazanbank/deposits/millenium,Есть,Есть,Есть,2025-07-01
2921,1,30,30000.0,999999999.0,18.0,Левобережный,Капиталъ,Вклад,1343,https://bankiros.ru/bank/levoberezhny/deposits/kapital-6,Нет,Нет,Есть,2025-07-01
2922,31,60,30000.0,999999999.0,16.5,Левобережный,Капиталъ,Вклад,1343,https://bankiros.ru/bank/levoberezhny/deposits/kapital-6,Нет,Нет,Есть,2025-07-01
2923,61,90,30000.0,999999999.0,15.0,Левобережный,Капиталъ,Вклад,1343,https://bankiros.ru/bank/levoberezhny/deposits/kapital-6,Нет,Нет,Есть,2025-07-01
2924,91,180,30000.0,999999999.0,12.0,Левобережный,Капиталъ,Вклад,1343,https://bankiros.ru/bank/levoberezhny/deposits/kapital-6,Нет,Нет,Есть,2025-07-01
2925,181,270,30000.0,999999999.0,10.0,Левобережный,Капиталъ,Вклад,1343,https://bankiros.ru/bank/levoberezhny/deposits/kapital-6,Нет,Нет,Есть,2025-07-01
2926,271,360,30000.0,999999999.0,8.0,Левобережный,Капиталъ,Вклад,1343,https://bankiros.ru/bank/levoberezhny/deposits/kapital-6,Нет,Нет,Есть,2025-07-01
2927,361,540,30000.0,999999999.0,8.0,Левобережный,Капиталъ,Вклад,1343,https://bankiros.ru/bank/levoberezhny/deposits/kapital-6,Нет,Нет,Есть,2025-07-01
2928,541,720,30000.0,999999999.0,8.0,Левобережный,Капиталъ,Вклад,1343,https://bankiros.ru/bank/levoberezhny/deposits/kapital-6,Нет,Нет,Есть,2025-07-01
2929,721,900,30000.0,999999999.0,6.0,Левобережный,Капиталъ,Вклад,1343,https://bankiros.ru/bank/levoberezhny/deposits/kapital-6,Нет,Нет,Есть,2025-07-01
2930,901,1100,30000.0,999999999.0,6.0,Левобережный,Капиталъ,Вклад,1343,https://bankiros.ru/bank/levoberezhny/deposits/kapital-6,Нет,Нет,Есть,2025-07-01
2931,180,9999,50000.0,999999999.0,20.0,Левобережный,Зарплатный,Вклад,1343,https://bankiros.ru/bank/levoberezhny/deposits/zarplatnyj-2-2,Есть,Нет,Нет,2025-07-01
2932,1,60,1000.0,999999999.0,19.0,Левобережный,Спутник,Вклад,1343,https://bankiros.ru/bank/levoberezhny/deposits/sputnik,Есть,Есть,Есть,2025-07-01
2933,61,1100,1000.0,999999999.0,16.0,Левобережный,Спутник,Вклад,1343,https://bankiros.ru/bank/levoberezhny/deposits/sputnik,Есть,Есть,Есть,2025-07-01
2934,367,9999,50000.0,999999999.0,15.5,Левобережный,«Любимый» для пенсионеров,Вклад,1343,https://bankiros.ru/bank/levoberezhny/deposits/lubimyj-dla-pensionerov,Нет,Нет,Есть,2025-07-01
2935,367,9999,50000.0,999999999.0,14.5,Левобережный,Любимый,Вклад,1343,https://bankiros.ru/bank/levoberezhny/deposits/lubimyj,Нет,Нет,Есть,2025-07-01
2936,1110,9999,5000.0,999999999.0,10.0,Левобережный,Копилка,Вклад,1343,https://bankiros.ru/bank/levoberezhny/deposits/kopilka-3,Есть,Есть,Есть,2025-07-01
2937,30,1000,1000.0,999999999.0,7.0,Левобережный,Поддержка+,Вклад,1343,https://bankiros.ru/bank/levoberezhny/deposits/podderzka,Есть,Есть,Есть,2025-07-01
2938,1,93,10000.0,999999999.0,18.0,НИКО-БАНК,Капитал-279,Вклад,702,https://bankiros.ru/bank/nico-bank/deposits/kapital-19,Нет,Нет,Нет,2025-07-01
2939,94,187,10000.0,999999999.0,16.0,НИКО-БАНК,Капитал-279,Вклад,702,https://bankiros.ru/bank/nico-bank/deposits/kapital-19,Нет,Нет,Нет,2025-07-01
2940,188,376,10000.0,999999999.0,15.0,НИКО-БАНК,Капитал-279,Вклад,702,https://bankiros.ru/bank/nico-bank/deposits/kapital-19,Нет,Нет,Нет,2025-07-01
2941,377,1488,10000.0,999999999.0,8.0,НИКО-БАНК,Капитал-279,Вклад,702,https://bankiros.ru/bank/nico-bank/deposits/kapital-19,Нет,Нет,Нет,2025-07-01
2942,0,184,10000.0,999999999.0,17.2,НИКО-БАНК,Добрые проценты - 184,Вклад,702,https://bankiros.ru/bank/nico-bank/deposits/dobrye-procenty,Нет,Нет,Нет,2025-07-01
2943,185,369,10000.0,999999999.0,14.0,НИКО-БАНК,Добрые проценты - 184,Вклад,702,https://bankiros.ru/bank/nico-bank/deposits/dobrye-procenty,Нет,Нет,Нет,2025-07-01
2944,370,1472,10000.0,999999999.0,6.0,НИКО-БАНК,Добрые проценты - 184,Вклад,702,https://bankiros.ru/bank/nico-bank/deposits/dobrye-procenty,Нет,Нет,Нет,2025-07-01
2945,1,186,10000.0,999999999.0,17.0,НИКО-БАНК,Капитал+,Вклад,702,https://bankiros.ru/bank/nico-bank/deposits/kapital-25,Нет,Нет,Нет,2025-07-01
2946,187,373,10000.0,999999999.0,15.0,НИКО-БАНК,Капитал+,Вклад,702,https://bankiros.ru/bank/nico-bank/deposits/kapital-25,Нет,Нет,Нет,2025-07-01
2947,374,1488,10000.0,999999999.0,8.0,НИКО-БАНК,Капитал+,Вклад,702,https://bankiros.ru/bank/nico-bank/deposits/kapital-25,Нет,Нет,Нет,2025-07-01
2948,1,92,5000.0,999999999.0,16.0,НИКО-БАНК,Шанс,Вклад,702,https://bankiros.ru/bank/nico-bank/deposits/sans-2,Есть,Нет,Нет,2025-07-01
2949,93,184,5000.0,999999999.0,15.0,НИКО-БАНК,Шанс,Вклад,702,https://bankiros.ru/bank/nico-bank/deposits/sans-2,Есть,Нет,Нет,2025-07-01
2950,185,276,5000.0,999999999.0,13.0,НИКО-БАНК,Шанс,Вклад,702,https://bankiros.ru/bank/nico-bank/deposits/sans-2,Есть,Нет,Нет,2025-07-01
2951,277,368,5000.0,999999999.0,11.0,НИКО-БАНК,Шанс,Вклад,702,https://bankiros.ru/bank/nico-bank/deposits/sans-2,Есть,Нет,Нет,2025-07-01
2952,369,460,5000.0,999999999.0,10.0,НИКО-БАНК,Шанс,Вклад,702,https://bankiros.ru/bank/nico-bank/deposits/sans-2,Есть,Нет,Нет,2025-07-01
2953,31,9999,1000000.0,999999999.0,16.0,НИКО-БАНК,Ключевая персона,Вклад,702,https://bankiros.ru/bank/nico-bank/deposits/klucevaa-persona,Есть,Есть,Есть,2025-07-01
2954,31,9999,400000.0,999999999.0,15.5,НИКО-БАНК,Ключевой клиент,Вклад,702,https://bankiros.ru/bank/nico-bank/deposits/klucevoj-klient,Есть,Есть,Есть,2025-07-01
2955,31,9999,10000.0,999999999.0,15.3,НИКО-БАНК,Срочный,Вклад,702,https://bankiros.ru/bank/nico-bank/deposits/srocnyj-12,Нет,Нет,Нет,2025-07-01
2956,468,599,10.0,999999999.0,5.5,НИКО-БАНК,Пенсионный,Вклад,702,https://bankiros.ru/bank/nico-bank/deposits/pensionnyj-67,Есть,Есть,Есть,2025-07-01
2957,600,9999,10.0,999999999.0,5.5,НИКО-БАНК,Пенсионный,Вклад,702,https://bankiros.ru/bank/nico-bank/deposits/pensionnyj-67,Есть,Есть,Есть,2025-07-01
2958,185,9999,30000.0,999999999.0,18.0,Банк Космос,Звездный,Вклад,2245,https://bankiros.ru/bank/cosmos-bank/deposits/zvezdnyj,Нет,Нет,Есть,2025-07-01
2959,365,9999,30000.0,999999999.0,16.0,Банк Космос,Космос,Вклад,2245,https://bankiros.ru/bank/cosmos-bank/deposits/kosmos-3,Нет,Нет,Есть,2025-07-01
2960,185,364,30000.0,999999999.0,15.5,Банк Космос,Пенсионный,Вклад,2245,https://bankiros.ru/bank/cosmos-bank/deposits/pensionnyj-129,Есть,Нет,Есть,2025-07-01
2961,365,9999,30000.0,999999999.0,16.0,Банк Космос,Пенсионный,Вклад,2245,https://bankiros.ru/bank/cosmos-bank/deposits/pensionnyj-129,Есть,Нет,Есть,2025-07-01
2962,91,9999,30000.0,999999999.0,16.0,Банк Космос,Орбита,Вклад,2245,https://bankiros.ru/bank/cosmos-bank/deposits/orbita,Нет,Нет,Нет,2025-07-01
2963,31,64,30000.0,999999999.0,10.0,Банк Космос,Комета,Вклад,2245,https://bankiros.ru/bank/cosmos-bank/deposits/kometa,Есть,Нет,Есть,2025-07-01
2964,65,9999,30000.0,999999999.0,10.0,Банк Космос,Комета,Вклад,2245,https://bankiros.ru/bank/cosmos-bank/deposits/kometa,Есть,Нет,Есть,2025-07-01
2965,30,365,100000.0,1400000.0,15.0,Россита-Банк,Суперкомфортный,Вклад,3257,https://bankiros.ru/bank/russitabank/deposits/komfortnyj-17,Есть,Есть,Нет,2025-07-01
2966,30,365,1400000.0,6000000.0,16.0,Россита-Банк,Суперкомфортный,Вклад,3257,https://bankiros.ru/bank/russitabank/deposits/komfortnyj-17,Есть,Есть,Нет,2025-07-01
2967,30,365,6000000.0,15000000.0,17.5,Россита-Банк,Суперкомфортный,Вклад,3257,https://bankiros.ru/bank/russitabank/deposits/komfortnyj-17,Есть,Есть,Нет,2025-07-01
2968,30,365,15000000.0,999999999.0,18.0,Россита-Банк,Суперкомфортный,Вклад,3257,https://bankiros.ru/bank/russitabank/deposits/komfortnyj-17,Есть,Есть,Нет,2025-07-01
2969,90,180,100000.0,999999999.0,13.05,Россита-Банк,Супердружеский,Вклад,3257,https://bankiros.ru/bank/russitabank/deposits/superdruzeskij,Нет,Нет,Нет,2025-07-01
2970,181,364,100000.0,999999999.0,14.1,Россита-Банк,Супердружеский,Вклад,3257,https://bankiros.ru/bank/russitabank/deposits/superdruzeskij,Нет,Нет,Нет,2025-07-01
2971,365,9999,100000.0,999999999.0,13.5,Россита-Банк,Супердружеский,Вклад,3257,https://bankiros.ru/bank/russitabank/deposits/superdruzeskij,Нет,Нет,Нет,2025-07-01
2972,90,180,100000.0,999999999.0,12.05,Россита-Банк,Супернадёжный,Вклад,3257,https://bankiros.ru/bank/russitabank/deposits/supernadeznyj,Нет,Нет,Нет,2025-07-01
2973,181,364,100000.0,999999999.0,13.1,Россита-Банк,Супернадёжный,Вклад,3257,https://bankiros.ru/bank/russitabank/deposits/supernadeznyj,Нет,Нет,Нет,2025-07-01
2974,365,9999,100000.0,999999999.0,12.5,Россита-Банк,Супернадёжный,Вклад,3257,https://bankiros.ru/bank/russitabank/deposits/supernadeznyj,Нет,Нет,Нет,2025-07-01
2975,31,179,500001.0,1000009.0,16.0,Соколовский,Срочный (% в конце срока),Вклад,2830,https://bankiros.ru/bank/sbnk/deposits/srocnyj-v-konce-sroka,Нет,Нет,Нет,2025-07-01
2976,31,179,1000010.0,19999999.0,16.5,Соколовский,Срочный (% в конце срока),Вклад,2830,https://bankiros.ru/bank/sbnk/deposits/srocnyj-v-konce-sroka,Нет,Нет,Нет,2025-07-01
2977,31,179,20000000.0,999999999.0,17.0,Соколовский,Срочный (% в конце срока),Вклад,2830,https://bankiros.ru/bank/sbnk/deposits/srocnyj-v-konce-sroka,Нет,Нет,Нет,2025-07-01
2978,180,359,500001.0,1000009.0,17.3,Соколовский,Срочный (% в конце срока),Вклад,2830,https://bankiros.ru/bank/sbnk/deposits/srocnyj-v-konce-sroka,Нет,Нет,Нет,2025-07-01
2979,180,359,1000010.0,19999999.0,17.5,Соколовский,Срочный (% в конце срока),Вклад,2830,https://bankiros.ru/bank/sbnk/deposits/srocnyj-v-konce-sroka,Нет,Нет,Нет,2025-07-01
2980,180,359,20000000.0,999999999.0,17.7,Соколовский,Срочный (% в конце срока),Вклад,2830,https://bankiros.ru/bank/sbnk/deposits/srocnyj-v-konce-sroka,Нет,Нет,Нет,2025-07-01
2981,360,9999,500001.0,1000009.0,17.8,Соколовский,Срочный (% в конце срока),Вклад,2830,https://bankiros.ru/bank/sbnk/deposits/srocnyj-v-konce-sroka,Нет,Нет,Нет,2025-07-01
2982,360,9999,1000010.0,19999999.0,17.9,Соколовский,Срочный (% в конце срока),Вклад,2830,https://bankiros.ru/bank/sbnk/deposits/srocnyj-v-konce-sroka,Нет,Нет,Нет,2025-07-01
2983,360,9999,20000000.0,999999999.0,18.0,Соколовский,Срочный (% в конце срока),Вклад,2830,https://bankiros.ru/bank/sbnk/deposits/srocnyj-v-konce-sroka,Нет,Нет,Нет,2025-07-01
2984,180,9999,1000000.0,999999999.0,16.6,Соколовский,Срочный (с дополнительными взносами),Вклад,2830,https://bankiros.ru/bank/sbnk/deposits/srocnyj-s-dopolnitelnymi-vznosami,Есть,Нет,Нет,2025-07-01
2985,180,9999,1000000.0,999999999.0,15.0,Соколовский,Срочный (% ежемесячно),Вклад,2830,https://bankiros.ru/bank/sbnk/deposits/srocnyj-ezemesacno,Нет,Нет,Нет,2025-07-01
2986,31,90,10000.0,999999999.0,16.0,Банк «Санкт-Петербург»,Белые ночи онлайн,Вклад,436,https://bankiros.ru/bank/bspb/deposits/sezonnyj-63,Нет,Нет,Есть,2025-07-01
2987,91,180,10000.0,999999999.0,18.0,Банк «Санкт-Петербург»,Белые ночи онлайн,Вклад,436,https://bankiros.ru/bank/bspb/deposits/sezonnyj-63,Нет,Нет,Есть,2025-07-01
2988,181,366,10000.0,999999999.0,17.5,Банк «Санкт-Петербург»,Белые ночи онлайн,Вклад,436,https://bankiros.ru/bank/bspb/deposits/sezonnyj-63,Нет,Нет,Есть,2025-07-01
2989,367,732,10000.0,999999999.0,16.5,Банк «Санкт-Петербург»,Белые ночи онлайн,Вклад,436,https://bankiros.ru/bank/bspb/deposits/sezonnyj-63,Нет,Нет,Есть,2025-07-01
2990,733,1096,10000.0,999999999.0,15.0,Банк «Санкт-Петербург»,Белые ночи онлайн,Вклад,436,https://bankiros.ru/bank/bspb/deposits/sezonnyj-63,Нет,Нет,Есть,2025-07-01
2991,1097,9999,10000.0,999999999.0,15.0,Банк «Санкт-Петербург»,Белые ночи онлайн,Вклад,436,https://bankiros.ru/bank/bspb/deposits/sezonnyj-63,Нет,Нет,Есть,2025-07-01
2992,31,90,10000.0,999999999.0,15.5,Банк «Санкт-Петербург»,Белые ночи,Вклад,436,https://bankiros.ru/bank/bspb/deposits/sezonnyj-65,Нет,Нет,Есть,2025-07-01
2993,91,180,10000.0,999999999.0,17.5,Банк «Санкт-Петербург»,Белые ночи,Вклад,436,https://bankiros.ru/bank/bspb/deposits/sezonnyj-65,Нет,Нет,Есть,2025-07-01
2994,181,366,10000.0,999999999.0,17.0,Банк «Санкт-Петербург»,Белые ночи,Вклад,436,https://bankiros.ru/bank/bspb/deposits/sezonnyj-65,Нет,Нет,Есть,2025-07-01
2995,367,732,10000.0,999999999.0,16.0,Банк «Санкт-Петербург»,Белые ночи,Вклад,436,https://bankiros.ru/bank/bspb/deposits/sezonnyj-65,Нет,Нет,Есть,2025-07-01
2996,733,1096,10000.0,999999999.0,14.5,Банк «Санкт-Петербург»,Белые ночи,Вклад,436,https://bankiros.ru/bank/bspb/deposits/sezonnyj-65,Нет,Нет,Есть,2025-07-01
2997,1097,9999,10000.0,999999999.0,14.5,Банк «Санкт-Петербург»,Белые ночи,Вклад,436,https://bankiros.ru/bank/bspb/deposits/sezonnyj-65,Нет,Нет,Есть,2025-07-01
2998,31,90,10000.0,999999999.0,22.0,Банк «Санкт-Петербург»,Пенсионный особый,Вклад,436,https://bankiros.ru/bank/bspb/deposits/pensionnyy,Нет,Нет,Есть,2025-07-01
2999,91,180,10000.0,999999999.0,20.5,Банк «Санкт-Петербург»,Пенсионный особый,Вклад,436,https://bankiros.ru/bank/bspb/deposits/pensionnyy,Нет,Нет,Есть,2025-07-01
3000,181,366,10000.0,999999999.0,19.0,Банк «Санкт-Петербург»,Пенсионный особый,Вклад,436,https://bankiros.ru/bank/bspb/deposits/pensionnyy,Нет,Нет,Есть,2025-07-01
3001,367,732,10000.0,999999999.0,18.0,Банк «Санкт-Петербург»,Пенсионный особый,Вклад,436,https://bankiros.ru/bank/bspb/deposits/pensionnyy,Нет,Нет,Есть,2025-07-01
3002,733,1091,10000.0,999999999.0,17.0,Банк «Санкт-Петербург»,Пенсионный особый,Вклад,436,https://bankiros.ru/bank/bspb/deposits/pensionnyy,Нет,Нет,Есть,2025-07-01
3003,1092,9999,10000.0,999999999.0,17.0,Банк «Санкт-Петербург»,Пенсионный особый,Вклад,436,https://bankiros.ru/bank/bspb/deposits/pensionnyy,Нет,Нет,Есть,2025-07-01
3004,1,61,1000.0,1500000.0,22.0,Банк «Санкт-Петербург»,Накопительный счет,Накопительный счет,436,https://bankiros.ru/bank/bspb/deposits/nakopitelnyj-scet-162,Нет,Нет,Есть,2025-07-01
3005,1,61,1500010.0,10000000.0,,Банк «Санкт-Петербург»,Накопительный счет,Накопительный счет,436,https://bankiros.ru/bank/bspb/deposits/nakopitelnyj-scet-162,Нет,Нет,Есть,2025-07-01
3006,1,61,10000000.0,999999999.0,16.5,Банк «Санкт-Петербург»,Накопительный счет,Накопительный счет,436,https://bankiros.ru/bank/bspb/deposits/nakopitelnyj-scet-162,Нет,Нет,Есть,2025-07-01
3007,1,9999,1000.0,1500000.0,,Банк «Санкт-Петербург»,Накопительный счет,Накопительный счет,436,https://bankiros.ru/bank/bspb/deposits/nakopitelnyj-scet-162,Нет,Нет,Есть,2025-07-01
3008,1,9999,1500010.0,10000000.0,16.5,Банк «Санкт-Петербург»,Накопительный счет,Накопительный счет,436,https://bankiros.ru/bank/bspb/deposits/nakopitelnyj-scet-162,Нет,Нет,Есть,2025-07-01
3009,1,9999,10000000.0,999999999.0,16.5,Банк «Санкт-Петербург»,Накопительный счет,Накопительный счет,436,https://bankiros.ru/bank/bspb/deposits/nakopitelnyj-scet-162,Нет,Нет,Есть,2025-07-01
3010,91,9999,10000.0,500000.0,20.5,Банк «Санкт-Петербург»,Выгодный старт,Вклад,436,https://bankiros.ru/bank/bspb/deposits/vygodnyj-start-27,Нет,Нет,Есть,2025-07-01
3011,91,180,5000.0,999999999.0,17.7,Банк «Санкт-Петербург»,Рантье онлайн,Вклад,436,https://bankiros.ru/bank/bspb/deposits/rante-onlayn-v-rublyah,Нет,Нет,Есть,2025-07-01
3012,181,366,5000.0,999999999.0,16.8,Банк «Санкт-Петербург»,Рантье онлайн,Вклад,436,https://bankiros.ru/bank/bspb/deposits/rante-onlayn-v-rublyah,Нет,Нет,Есть,2025-07-01
3013,367,732,5000.0,999999999.0,15.0,Банк «Санкт-Петербург»,Рантье онлайн,Вклад,436,https://bankiros.ru/bank/bspb/deposits/rante-onlayn-v-rublyah,Нет,Нет,Есть,2025-07-01
3014,733,1096,5000.0,999999999.0,12.4,Банк «Санкт-Петербург»,Рантье онлайн,Вклад,436,https://bankiros.ru/bank/bspb/deposits/rante-onlayn-v-rublyah,Нет,Нет,Есть,2025-07-01
3015,1097,9999,5000.0,999999999.0,11.2,Банк «Санкт-Петербург»,Рантье онлайн,Вклад,436,https://bankiros.ru/bank/bspb/deposits/rante-onlayn-v-rublyah,Нет,Нет,Есть,2025-07-01
3016,91,180,50000.0,999999999.0,17.2,Банк «Санкт-Петербург»,Рантье,Вклад,436,https://bankiros.ru/bank/bspb/deposits/rante-v-rublyah,Нет,Нет,Есть,2025-07-01
3017,181,366,50000.0,999999999.0,16.3,Банк «Санкт-Петербург»,Рантье,Вклад,436,https://bankiros.ru/bank/bspb/deposits/rante-v-rublyah,Нет,Нет,Есть,2025-07-01
3018,367,732,50000.0,999999999.0,14.5,Банк «Санкт-Петербург»,Рантье,Вклад,436,https://bankiros.ru/bank/bspb/deposits/rante-v-rublyah,Нет,Нет,Есть,2025-07-01
3019,733,1096,50000.0,999999999.0,11.9,Банк «Санкт-Петербург»,Рантье,Вклад,436,https://bankiros.ru/bank/bspb/deposits/rante-v-rublyah,Нет,Нет,Есть,2025-07-01
3020,1097,9999,50000.0,999999999.0,10.7,Банк «Санкт-Петербург»,Рантье,Вклад,436,https://bankiros.ru/bank/bspb/deposits/rante-v-rublyah,Нет,Нет,Есть,2025-07-01
3021,91,9999,50000.0,999999999.0,15.0,Банк «Санкт-Петербург»,Управляемый онлайн,Вклад,436,https://bankiros.ru/bank/bspb/deposits/upravlaemyj-onlajn,Есть,Есть,Есть,2025-07-01
3022,91,9999,50000.0,999999999.0,15.0,Банк «Санкт-Петербург»,Управляемый,Вклад,436,https://bankiros.ru/bank/bspb/deposits/upravlyaemyy,Есть,Есть,Есть,2025-07-01
3023,31,90,5000.0,999999999.0,16.0,Банк «Санкт-Петербург»,Стратег онлайн,Вклад,436,https://bankiros.ru/bank/bspb/deposits/strateg-onlayn-v-rublyah,Есть,Нет,Есть,2025-07-01
3024,91,180,5000.0,999999999.0,18.0,Банк «Санкт-Петербург»,Стратег онлайн,Вклад,436,https://bankiros.ru/bank/bspb/deposits/strateg-onlayn-v-rublyah,Есть,Нет,Есть,2025-07-01
3025,181,366,5000.0,999999999.0,17.5,Банк «Санкт-Петербург»,Стратег онлайн,Вклад,436,https://bankiros.ru/bank/bspb/deposits/strateg-onlayn-v-rublyah,Есть,Нет,Есть,2025-07-01
3026,367,547,5000.0,999999999.0,16.0,Банк «Санкт-Петербург»,Стратег онлайн,Вклад,436,https://bankiros.ru/bank/bspb/deposits/strateg-onlayn-v-rublyah,Есть,Нет,Есть,2025-07-01
3027,548,732,5000.0,999999999.0,15.0,Банк «Санкт-Петербург»,Стратег онлайн,Вклад,436,https://bankiros.ru/bank/bspb/deposits/strateg-onlayn-v-rublyah,Есть,Нет,Есть,2025-07-01
3028,733,1096,5000.0,999999999.0,15.0,Банк «Санкт-Петербург»,Стратег онлайн,Вклад,436,https://bankiros.ru/bank/bspb/deposits/strateg-onlayn-v-rublyah,Есть,Нет,Есть,2025-07-01
3029,1097,1824,5000.0,999999999.0,15.0,Банк «Санкт-Петербург»,Стратег онлайн,Вклад,436,https://bankiros.ru/bank/bspb/deposits/strateg-onlayn-v-rublyah,Есть,Нет,Есть,2025-07-01
3030,1825,9999,5000.0,999999999.0,10.5,Банк «Санкт-Петербург»,Стратег онлайн,Вклад,436,https://bankiros.ru/bank/bspb/deposits/strateg-onlayn-v-rublyah,Есть,Нет,Есть,2025-07-01
3031,31,90,50000.0,999999999.0,15.5,Банк «Санкт-Петербург»,Стратег,Вклад,436,https://bankiros.ru/bank/bspb/deposits/strateg-v-rublyah,Есть,Нет,Есть,2025-07-01
3032,91,180,50000.0,999999999.0,17.5,Банк «Санкт-Петербург»,Стратег,Вклад,436,https://bankiros.ru/bank/bspb/deposits/strateg-v-rublyah,Есть,Нет,Есть,2025-07-01
3033,181,366,50000.0,999999999.0,17.0,Банк «Санкт-Петербург»,Стратег,Вклад,436,https://bankiros.ru/bank/bspb/deposits/strateg-v-rublyah,Есть,Нет,Есть,2025-07-01
3034,367,547,50000.0,999999999.0,15.5,Банк «Санкт-Петербург»,Стратег,Вклад,436,https://bankiros.ru/bank/bspb/deposits/strateg-v-rublyah,Есть,Нет,Есть,2025-07-01
3035,548,732,50000.0,999999999.0,14.5,Банк «Санкт-Петербург»,Стратег,Вклад,436,https://bankiros.ru/bank/bspb/deposits/strateg-v-rublyah,Есть,Нет,Есть,2025-07-01
3036,733,1096,50000.0,999999999.0,14.5,Банк «Санкт-Петербург»,Стратег,Вклад,436,https://bankiros.ru/bank/bspb/deposits/strateg-v-rublyah,Есть,Нет,Есть,2025-07-01
3037,1097,1824,50000.0,999999999.0,14.5,Банк «Санкт-Петербург»,Стратег,Вклад,436,https://bankiros.ru/bank/bspb/deposits/strateg-v-rublyah,Есть,Нет,Есть,2025-07-01
3038,1825,9999,50000.0,999999999.0,10.0,Банк «Санкт-Петербург»,Стратег,Вклад,436,https://bankiros.ru/bank/bspb/deposits/strateg-v-rublyah,Есть,Нет,Есть,2025-07-01
3039,91,9999,75000000.0,999999999.0,18.0,Русьуниверсалбанк,Привилегия,Вклад,3293,https://bankiros.ru/bank/rubank/deposits/privilegia-7,Есть,Есть,Есть,2025-07-01
3040,91,9999,500000.0,999999999.0,17.0,Русьуниверсалбанк,Классический,Вклад,3293,https://bankiros.ru/bank/rubank/deposits/klassiceskij-33,Нет,Есть,Есть,2025-07-01
3041,365,9999,200000.0,999999999.0,9.5,Русьуниверсалбанк,Управляй,Вклад,3293,https://bankiros.ru/bank/rubank/deposits/upravlaj-166,Есть,Есть,Есть,2025-07-01
3042,92,9999,1000000.0,9999990.0,14.5,Ланта-Банк,Доходный,Вклад,1920,https://bankiros.ru/bank/lanta-bank/deposits/dohodnyj-vip,Есть,Есть,Нет,2025-07-01
3043,92,9999,10000000.0,999999999.0,18.0,Ланта-Банк,Доходный,Вклад,1920,https://bankiros.ru/bank/lanta-bank/deposits/dohodnyj-vip,Есть,Есть,Нет,2025-07-01
3044,31,91,100000.0,999999.0,14.0,Ланта-Банк,Накопительный,Накопительный счет,1920,https://bankiros.ru/bank/lanta-bank/deposits/nakopitelnyj-227,Есть,Нет,Нет,2025-07-01
3045,31,91,1000000.0,999999999.0,14.5,Ланта-Банк,Накопительный,Накопительный счет,1920,https://bankiros.ru/bank/lanta-bank/deposits/nakopitelnyj-227,Есть,Нет,Нет,2025-07-01
3046,92,180,100000.0,999999.0,13.5,Ланта-Банк,Накопительный,Накопительный счет,1920,https://bankiros.ru/bank/lanta-bank/deposits/nakopitelnyj-227,Есть,Нет,Нет,2025-07-01
3047,92,180,1000000.0,999999999.0,13.0,Ланта-Банк,Накопительный,Накопительный счет,1920,https://bankiros.ru/bank/lanta-bank/deposits/nakopitelnyj-227,Есть,Нет,Нет,2025-07-01
3048,181,366,100000.0,999999.0,14.5,Ланта-Банк,Накопительный,Накопительный счет,1920,https://bankiros.ru/bank/lanta-bank/deposits/nakopitelnyj-227,Есть,Нет,Нет,2025-07-01
3049,181,366,1000000.0,999999999.0,15.0,Ланта-Банк,Накопительный,Накопительный счет,1920,https://bankiros.ru/bank/lanta-bank/deposits/nakopitelnyj-227,Есть,Нет,Нет,2025-07-01
3050,367,9999,100000.0,999999.0,14.0,Ланта-Банк,Накопительный,Накопительный счет,1920,https://bankiros.ru/bank/lanta-bank/deposits/nakopitelnyj-227,Есть,Нет,Нет,2025-07-01
3051,367,9999,1000000.0,999999999.0,14.0,Ланта-Банк,Накопительный,Накопительный счет,1920,https://bankiros.ru/bank/lanta-bank/deposits/nakopitelnyj-227,Есть,Нет,Нет,2025-07-01
3052,92,180,25000.0,999999999.0,12.0,Ланта-Банк,Комфортный,Вклад,1920,https://bankiros.ru/bank/lanta-bank/deposits/komfortnyj-29,Есть,Есть,Нет,2025-07-01
3053,181,366,25000.0,999999999.0,12.1,Ланта-Банк,Комфортный,Вклад,1920,https://bankiros.ru/bank/lanta-bank/deposits/komfortnyj-29,Есть,Есть,Нет,2025-07-01
3054,367,9999,25000.0,999999999.0,13.0,Ланта-Банк,Комфортный,Вклад,1920,https://bankiros.ru/bank/lanta-bank/deposits/komfortnyj-29,Есть,Есть,Нет,2025-07-01
3055,30,50,30000.0,1300009.0,9.95,Итуруп,Простой онлайн,Вклад,2390,https://bankiros.ru/bank/iturup/deposits/prostoj-onlajn,Есть,Нет,Есть,2025-07-01
3056,30,50,1300010.0,4999999.0,18.0,Итуруп,Простой онлайн,Вклад,2390,https://bankiros.ru/bank/iturup/deposits/prostoj-onlajn,Есть,Нет,Есть,2025-07-01
3057,30,50,5000000.0,999999999.0,15.9,Итуруп,Простой онлайн,Вклад,2390,https://bankiros.ru/bank/iturup/deposits/prostoj-onlajn,Есть,Нет,Есть,2025-07-01
3058,51,100,30000.0,1300009.0,14.4,Итуруп,Простой онлайн,Вклад,2390,https://bankiros.ru/bank/iturup/deposits/prostoj-onlajn,Есть,Нет,Есть,2025-07-01
3059,51,100,1300010.0,4999999.0,11.1,Итуруп,Простой онлайн,Вклад,2390,https://bankiros.ru/bank/iturup/deposits/prostoj-onlajn,Есть,Нет,Есть,2025-07-01
3060,51,100,5000000.0,999999999.0,10.05,Итуруп,Простой онлайн,Вклад,2390,https://bankiros.ru/bank/iturup/deposits/prostoj-onlajn,Есть,Нет,Есть,2025-07-01
3061,101,200,30000.0,1300009.0,18.0,Итуруп,Простой онлайн,Вклад,2390,https://bankiros.ru/bank/iturup/deposits/prostoj-onlajn,Есть,Нет,Есть,2025-07-01
3062,101,200,1300010.0,4999999.0,16.0,Итуруп,Простой онлайн,Вклад,2390,https://bankiros.ru/bank/iturup/deposits/prostoj-onlajn,Есть,Нет,Есть,2025-07-01
3063,101,200,5000000.0,999999999.0,14.5,Итуруп,Простой онлайн,Вклад,2390,https://bankiros.ru/bank/iturup/deposits/prostoj-onlajn,Есть,Нет,Есть,2025-07-01
3064,201,300,30000.0,1300009.0,11.2,Итуруп,Простой онлайн,Вклад,2390,https://bankiros.ru/bank/iturup/deposits/prostoj-onlajn,Есть,Нет,Есть,2025-07-01
3065,201,300,1300010.0,4999999.0,10.15,Итуруп,Простой онлайн,Вклад,2390,https://bankiros.ru/bank/iturup/deposits/prostoj-onlajn,Есть,Нет,Есть,2025-07-01
3066,201,300,5000000.0,999999999.0,18.0,Итуруп,Простой онлайн,Вклад,2390,https://bankiros.ru/bank/iturup/deposits/prostoj-onlajn,Есть,Нет,Есть,2025-07-01
3067,301,500,30000.0,1300009.0,16.1,Итуруп,Простой онлайн,Вклад,2390,https://bankiros.ru/bank/iturup/deposits/prostoj-onlajn,Есть,Нет,Есть,2025-07-01
3068,301,500,1300010.0,4999999.0,14.6,Итуруп,Простой онлайн,Вклад,2390,https://bankiros.ru/bank/iturup/deposits/prostoj-onlajn,Есть,Нет,Есть,2025-07-01
3069,301,500,5000000.0,999999999.0,11.3,Итуруп,Простой онлайн,Вклад,2390,https://bankiros.ru/bank/iturup/deposits/prostoj-onlajn,Есть,Нет,Есть,2025-07-01
3070,30,50,30000.0,1300009.0,9.45,Итуруп,Простой,Вклад,2390,https://bankiros.ru/bank/iturup/deposits/prostoj,Есть,Нет,Есть,2025-07-01
3071,30,50,1300010.0,4999999.0,17.0,Итуруп,Простой,Вклад,2390,https://bankiros.ru/bank/iturup/deposits/prostoj,Есть,Нет,Есть,2025-07-01
3072,30,50,5000000.0,999999999.0,15.4,Итуруп,Простой,Вклад,2390,https://bankiros.ru/bank/iturup/deposits/prostoj,Есть,Нет,Есть,2025-07-01
3073,51,100,30000.0,1300009.0,13.9,Итуруп,Простой,Вклад,2390,https://bankiros.ru/bank/iturup/deposits/prostoj,Есть,Нет,Есть,2025-07-01
3074,51,100,1300010.0,4999999.0,10.6,Итуруп,Простой,Вклад,2390,https://bankiros.ru/bank/iturup/deposits/prostoj,Есть,Нет,Есть,2025-07-01
3075,51,100,5000000.0,999999999.0,9.55,Итуруп,Простой,Вклад,2390,https://bankiros.ru/bank/iturup/deposits/prostoj,Есть,Нет,Есть,2025-07-01
3076,101,200,30000.0,1300009.0,17.0,Итуруп,Простой,Вклад,2390,https://bankiros.ru/bank/iturup/deposits/prostoj,Есть,Нет,Есть,2025-07-01
3077,101,200,1300010.0,4999999.0,15.5,Итуруп,Простой,Вклад,2390,https://bankiros.ru/bank/iturup/deposits/prostoj,Есть,Нет,Есть,2025-07-01
3078,101,200,5000000.0,999999999.0,14.0,Итуруп,Простой,Вклад,2390,https://bankiros.ru/bank/iturup/deposits/prostoj,Есть,Нет,Есть,2025-07-01
3079,201,300,30000.0,1300009.0,10.7,Итуруп,Простой,Вклад,2390,https://bankiros.ru/bank/iturup/deposits/prostoj,Есть,Нет,Есть,2025-07-01
3080,201,300,1300010.0,4999999.0,9.65,Итуруп,Простой,Вклад,2390,https://bankiros.ru/bank/iturup/deposits/prostoj,Есть,Нет,Есть,2025-07-01
3081,201,300,5000000.0,999999999.0,17.0,Итуруп,Простой,Вклад,2390,https://bankiros.ru/bank/iturup/deposits/prostoj,Есть,Нет,Есть,2025-07-01
3082,301,500,30000.0,1300009.0,15.6,Итуруп,Простой,Вклад,2390,https://bankiros.ru/bank/iturup/deposits/prostoj,Есть,Нет,Есть,2025-07-01
3083,301,500,1300010.0,4999999.0,14.1,Итуруп,Простой,Вклад,2390,https://bankiros.ru/bank/iturup/deposits/prostoj,Есть,Нет,Есть,2025-07-01
3084,301,500,5000000.0,999999999.0,10.8,Итуруп,Простой,Вклад,2390,https://bankiros.ru/bank/iturup/deposits/prostoj,Есть,Нет,Есть,2025-07-01
3085,30,50,30000.0,1300009.0,7.95,Итуруп,Простой с возможностью частичного снятия,Вклад,2390,https://bankiros.ru/bank/iturup/deposits/prostoj-s-vozmoznostu-casticnogo-snatia,Есть,Есть,Есть,2025-07-01
3086,30,50,1300010.0,4999999.0,15.5,Итуруп,Простой с возможностью частичного снятия,Вклад,2390,https://bankiros.ru/bank/iturup/deposits/prostoj-s-vozmoznostu-casticnogo-snatia,Есть,Есть,Есть,2025-07-01
3087,30,50,5000000.0,999999999.0,13.9,Итуруп,Простой с возможностью частичного снятия,Вклад,2390,https://bankiros.ru/bank/iturup/deposits/prostoj-s-vozmoznostu-casticnogo-snatia,Есть,Есть,Есть,2025-07-01
3088,51,100,30000.0,1300009.0,12.4,Итуруп,Простой с возможностью частичного снятия,Вклад,2390,https://bankiros.ru/bank/iturup/deposits/prostoj-s-vozmoznostu-casticnogo-snatia,Есть,Есть,Есть,2025-07-01
3089,51,100,1300010.0,4999999.0,9.1,Итуруп,Простой с возможностью частичного снятия,Вклад,2390,https://bankiros.ru/bank/iturup/deposits/prostoj-s-vozmoznostu-casticnogo-snatia,Есть,Есть,Есть,2025-07-01
3090,51,100,5000000.0,999999999.0,8.05,Итуруп,Простой с возможностью частичного снятия,Вклад,2390,https://bankiros.ru/bank/iturup/deposits/prostoj-s-vozmoznostu-casticnogo-snatia,Есть,Есть,Есть,2025-07-01
3091,101,200,30000.0,1300009.0,15.5,Итуруп,Простой с возможностью частичного снятия,Вклад,2390,https://bankiros.ru/bank/iturup/deposits/prostoj-s-vozmoznostu-casticnogo-snatia,Есть,Есть,Есть,2025-07-01
3092,101,200,1300010.0,4999999.0,14.0,Итуруп,Простой с возможностью частичного снятия,Вклад,2390,https://bankiros.ru/bank/iturup/deposits/prostoj-s-vozmoznostu-casticnogo-snatia,Есть,Есть,Есть,2025-07-01
3093,101,200,5000000.0,999999999.0,12.5,Итуруп,Простой с возможностью частичного снятия,Вклад,2390,https://bankiros.ru/bank/iturup/deposits/prostoj-s-vozmoznostu-casticnogo-snatia,Есть,Есть,Есть,2025-07-01
3094,201,300,30000.0,1300009.0,9.2,Итуруп,Простой с возможностью частичного снятия,Вклад,2390,https://bankiros.ru/bank/iturup/deposits/prostoj-s-vozmoznostu-casticnogo-snatia,Есть,Есть,Есть,2025-07-01
3095,201,300,1300010.0,4999999.0,8.15,Итуруп,Простой с возможностью частичного снятия,Вклад,2390,https://bankiros.ru/bank/iturup/deposits/prostoj-s-vozmoznostu-casticnogo-snatia,Есть,Есть,Есть,2025-07-01
3096,201,300,5000000.0,999999999.0,15.5,Итуруп,Простой с возможностью частичного снятия,Вклад,2390,https://bankiros.ru/bank/iturup/deposits/prostoj-s-vozmoznostu-casticnogo-snatia,Есть,Есть,Есть,2025-07-01
3097,301,500,30000.0,1300009.0,14.1,Итуруп,Простой с возможностью частичного снятия,Вклад,2390,https://bankiros.ru/bank/iturup/deposits/prostoj-s-vozmoznostu-casticnogo-snatia,Есть,Есть,Есть,2025-07-01
3098,301,500,1300010.0,4999999.0,12.6,Итуруп,Простой с возможностью частичного снятия,Вклад,2390,https://bankiros.ru/bank/iturup/deposits/prostoj-s-vozmoznostu-casticnogo-snatia,Есть,Есть,Есть,2025-07-01
3099,301,500,5000000.0,999999999.0,9.3,Итуруп,Простой с возможностью частичного снятия,Вклад,2390,https://bankiros.ru/bank/iturup/deposits/prostoj-s-vozmoznostu-casticnogo-snatia,Есть,Есть,Есть,2025-07-01
3100,31,90,3000.0,999999999.0,10.0,Кредит Европа Банк,Срочный,Вклад,3311,https://bankiros.ru/bank/crediteuropebank/deposits/vklad-srochnyy-v-rublyah,Нет,Нет,Есть,2025-07-01
3101,91,180,3000.0,999999999.0,17.9,Кредит Европа Банк,Срочный,Вклад,3311,https://bankiros.ru/bank/crediteuropebank/deposits/vklad-srochnyy-v-rublyah,Нет,Нет,Есть,2025-07-01
3102,181,270,3000.0,999999999.0,17.9,Кредит Европа Банк,Срочный,Вклад,3311,https://bankiros.ru/bank/crediteuropebank/deposits/vklad-srochnyy-v-rublyah,Нет,Нет,Есть,2025-07-01
3103,271,367,3000.0,999999999.0,6.5,Кредит Европа Банк,Срочный,Вклад,3311,https://bankiros.ru/bank/crediteuropebank/deposits/vklad-srochnyy-v-rublyah,Нет,Нет,Есть,2025-07-01
3104,368,459,3000.0,999999999.0,17.9,Кредит Европа Банк,Срочный,Вклад,3311,https://bankiros.ru/bank/crediteuropebank/deposits/vklad-srochnyy-v-rublyah,Нет,Нет,Есть,2025-07-01
3105,460,549,3000.0,999999999.0,4.2,Кредит Европа Банк,Срочный,Вклад,3311,https://bankiros.ru/bank/crediteuropebank/deposits/vklad-srochnyy-v-rublyah,Нет,Нет,Есть,2025-07-01
3106,550,729,3000.0,999999999.0,14.9,Кредит Европа Банк,Срочный,Вклад,3311,https://bankiros.ru/bank/crediteuropebank/deposits/vklad-srochnyy-v-rublyah,Нет,Нет,Есть,2025-07-01
3107,730,1097,3000.0,999999999.0,14.9,Кредит Европа Банк,Срочный,Вклад,3311,https://bankiros.ru/bank/crediteuropebank/deposits/vklad-srochnyy-v-rublyah,Нет,Нет,Есть,2025-07-01
3108,1098,9999,3000.0,999999999.0,14.9,Кредит Европа Банк,Срочный,Вклад,3311,https://bankiros.ru/bank/crediteuropebank/deposits/vklad-srochnyy-v-rublyah,Нет,Нет,Есть,2025-07-01
3109,91,180,100000.0,999999999.0,18.0,Кредит Европа Банк,Оптимальный,Вклад,3311,https://bankiros.ru/bank/crediteuropebank/deposits/optimalnyj-39,Нет,Нет,Есть,2025-07-01
3110,181,367,100000.0,999999999.0,18.0,Кредит Европа Банк,Оптимальный,Вклад,3311,https://bankiros.ru/bank/crediteuropebank/deposits/optimalnyj-39,Нет,Нет,Есть,2025-07-01
3111,368,549,100000.0,999999999.0,18.0,Кредит Европа Банк,Оптимальный,Вклад,3311,https://bankiros.ru/bank/crediteuropebank/deposits/optimalnyj-39,Нет,Нет,Есть,2025-07-01
3112,550,729,100000.0,999999999.0,15.0,Кредит Европа Банк,Оптимальный,Вклад,3311,https://bankiros.ru/bank/crediteuropebank/deposits/optimalnyj-39,Нет,Нет,Есть,2025-07-01
3113,730,1097,100000.0,999999999.0,15.0,Кредит Европа Банк,Оптимальный,Вклад,3311,https://bankiros.ru/bank/crediteuropebank/deposits/optimalnyj-39,Нет,Нет,Есть,2025-07-01
3114,1098,9999,100000.0,999999999.0,15.0,Кредит Европа Банк,Оптимальный,Вклад,3311,https://bankiros.ru/bank/crediteuropebank/deposits/optimalnyj-39,Нет,Нет,Есть,2025-07-01
3115,181,367,3000.0,999999999.0,3.0,Кредит Европа Банк,Накопительный,Накопительный счет,3311,https://bankiros.ru/bank/crediteuropebank/deposits/vklad-nakopitelnyy-v-rublyah,Есть,Есть,Есть,2025-07-01
3116,368,549,3000.0,999999999.0,4.5,Кредит Европа Банк,Накопительный,Накопительный счет,3311,https://bankiros.ru/bank/crediteuropebank/deposits/vklad-nakopitelnyy-v-rublyah,Есть,Есть,Есть,2025-07-01
3117,550,729,3000.0,999999999.0,4.5,Кредит Европа Банк,Накопительный,Накопительный счет,3311,https://bankiros.ru/bank/crediteuropebank/deposits/vklad-nakopitelnyy-v-rublyah,Есть,Есть,Есть,2025-07-01
3118,730,9999,3000.0,999999999.0,4.5,Кредит Европа Банк,Накопительный,Накопительный счет,3311,https://bankiros.ru/bank/crediteuropebank/deposits/vklad-nakopitelnyy-v-rublyah,Есть,Есть,Есть,2025-07-01
3119,31,60,10000.0,999999999.0,17.8,Сургутнефтегазбанк,Новый сезон - выгодный,Вклад,588,https://bankiros.ru/bank/sngb/deposits/novyj-sezon-vygodnyj,Нет,Нет,Нет,2025-07-01
3120,61,90,10000.0,999999999.0,17.5,Сургутнефтегазбанк,Новый сезон - выгодный,Вклад,588,https://bankiros.ru/bank/sngb/deposits/novyj-sezon-vygodnyj,Нет,Нет,Нет,2025-07-01
3121,91,9999,10000.0,999999999.0,17.8,Сургутнефтегазбанк,Новый сезон - выгодный,Вклад,588,https://bankiros.ru/bank/sngb/deposits/novyj-sezon-vygodnyj,Нет,Нет,Нет,2025-07-01
3122,31,60,10000.0,999999999.0,16.2,Сургутнефтегазбанк,Доходный,Вклад,588,https://bankiros.ru/bank/sngb/deposits/dohodnyy,Нет,Нет,Нет,2025-07-01
3123,61,90,10000.0,999999999.0,16.5,Сургутнефтегазбанк,Доходный,Вклад,588,https://bankiros.ru/bank/sngb/deposits/dohodnyy,Нет,Нет,Нет,2025-07-01
3124,91,180,10000.0,999999999.0,16.7,Сургутнефтегазбанк,Доходный,Вклад,588,https://bankiros.ru/bank/sngb/deposits/dohodnyy,Нет,Нет,Нет,2025-07-01
3125,181,9999,10000.0,999999999.0,16.7,Сургутнефтегазбанк,Доходный,Вклад,588,https://bankiros.ru/bank/sngb/deposits/dohodnyy,Нет,Нет,Нет,2025-07-01
3126,31,90,50000.0,999999999.0,16.3,Сургутнефтегазбанк,Удачный,Вклад,588,https://bankiros.ru/bank/sngb/deposits/udacnyj-11,Нет,Нет,Нет,2025-07-01
3127,91,180,50000.0,999999999.0,15.3,Сургутнефтегазбанк,Удачный,Вклад,588,https://bankiros.ru/bank/sngb/deposits/udacnyj-11,Нет,Нет,Нет,2025-07-01
3128,181,272,50000.0,999999999.0,11.5,Сургутнефтегазбанк,Удачный,Вклад,588,https://bankiros.ru/bank/sngb/deposits/udacnyj-11,Нет,Нет,Нет,2025-07-01
3129,273,364,50000.0,999999999.0,11.5,Сургутнефтегазбанк,Удачный,Вклад,588,https://bankiros.ru/bank/sngb/deposits/udacnyj-11,Нет,Нет,Нет,2025-07-01
3130,365,546,50000.0,999999999.0,9.5,Сургутнефтегазбанк,Удачный,Вклад,588,https://bankiros.ru/bank/sngb/deposits/udacnyj-11,Нет,Нет,Нет,2025-07-01
3131,547,729,50000.0,999999999.0,9.5,Сургутнефтегазбанк,Удачный,Вклад,588,https://bankiros.ru/bank/sngb/deposits/udacnyj-11,Нет,Нет,Нет,2025-07-01
3132,730,9999,50000.0,999999999.0,9.5,Сургутнефтегазбанк,Удачный,Вклад,588,https://bankiros.ru/bank/sngb/deposits/udacnyj-11,Нет,Нет,Нет,2025-07-01
3133,31,90,10000.0,999999999.0,15.3,Сургутнефтегазбанк,Персональный,Вклад,588,https://bankiros.ru/bank/sngb/deposits/personalnyj-4,Есть,Есть,Нет,2025-07-01
3134,91,180,10000.0,999999999.0,14.8,Сургутнефтегазбанк,Персональный,Вклад,588,https://bankiros.ru/bank/sngb/deposits/personalnyj-4,Есть,Есть,Нет,2025-07-01
3135,181,364,10000.0,999999999.0,11.0,Сургутнефтегазбанк,Персональный,Вклад,588,https://bankiros.ru/bank/sngb/deposits/personalnyj-4,Есть,Есть,Нет,2025-07-01
3136,365,730,10000.0,999999999.0,9.0,Сургутнефтегазбанк,Персональный,Вклад,588,https://bankiros.ru/bank/sngb/deposits/personalnyj-4,Есть,Есть,Нет,2025-07-01
3137,31,365,10000.0,999999999.0,7.3,Сургутнефтегазбанк,Новый сезон,Вклад,588,https://bankiros.ru/bank/sngb/deposits/novyj-sezon-3,Нет,Нет,Нет,2025-07-01
3138,366,730,10000.0,999999999.0,6.5,Сургутнефтегазбанк,Новый сезон,Вклад,588,https://bankiros.ru/bank/sngb/deposits/novyj-sezon-3,Нет,Нет,Нет,2025-07-01
3139,91,120,10000.0,999999999.0,17.6,БКС Банк,Выгодный,Вклад,101,https://bankiros.ru/bank/bcs-bank/deposits/vygodnyj-29,Нет,Нет,Есть,2025-07-01
3140,121,180,10000.0,999999999.0,17.2,БКС Банк,Выгодный,Вклад,101,https://bankiros.ru/bank/bcs-bank/deposits/vygodnyj-29,Нет,Нет,Есть,2025-07-01
3141,181,270,10000.0,999999999.0,16.0,БКС Банк,Выгодный,Вклад,101,https://bankiros.ru/bank/bcs-bank/deposits/vygodnyj-29,Нет,Нет,Есть,2025-07-01
3142,271,369,10000.0,999999999.0,15.5,БКС Банк,Выгодный,Вклад,101,https://bankiros.ru/bank/bcs-bank/deposits/vygodnyj-29,Нет,Нет,Есть,2025-07-01
3143,370,739,10000.0,999999999.0,15.0,БКС Банк,Выгодный,Вклад,101,https://bankiros.ru/bank/bcs-bank/deposits/vygodnyj-29,Нет,Нет,Есть,2025-07-01
3144,740,9999,10000.0,999999999.0,14.0,БКС Банк,Выгодный,Вклад,101,https://bankiros.ru/bank/bcs-bank/deposits/vygodnyj-29,Нет,Нет,Есть,2025-07-01
3145,91,120,10000.0,999999.0,17.0,БКС Банк,Комфортный,Вклад,101,https://bankiros.ru/bank/bcs-bank/deposits/komfortnyj-13,Есть,Есть,Есть,2025-07-01
3146,91,120,1000000.0,9999999.0,16.8,БКС Банк,Комфортный,Вклад,101,https://bankiros.ru/bank/bcs-bank/deposits/komfortnyj-13,Есть,Есть,Есть,2025-07-01
3147,91,120,10000000.0,999999999.0,14.5,БКС Банк,Комфортный,Вклад,101,https://bankiros.ru/bank/bcs-bank/deposits/komfortnyj-13,Есть,Есть,Есть,2025-07-01
3148,121,364,10000.0,999999.0,17.0,БКС Банк,Комфортный,Вклад,101,https://bankiros.ru/bank/bcs-bank/deposits/komfortnyj-13,Есть,Есть,Есть,2025-07-01
3149,121,364,1000000.0,9999999.0,16.8,БКС Банк,Комфортный,Вклад,101,https://bankiros.ru/bank/bcs-bank/deposits/komfortnyj-13,Есть,Есть,Есть,2025-07-01
3150,121,364,10000000.0,999999999.0,14.5,БКС Банк,Комфортный,Вклад,101,https://bankiros.ru/bank/bcs-bank/deposits/komfortnyj-13,Есть,Есть,Есть,2025-07-01
3151,365,9999,10000.0,999999.0,17.0,БКС Банк,Комфортный,Вклад,101,https://bankiros.ru/bank/bcs-bank/deposits/komfortnyj-13,Есть,Есть,Есть,2025-07-01
3152,365,9999,1000000.0,9999999.0,16.8,БКС Банк,Комфортный,Вклад,101,https://bankiros.ru/bank/bcs-bank/deposits/komfortnyj-13,Есть,Есть,Есть,2025-07-01
3153,365,9999,10000000.0,999999999.0,14.5,БКС Банк,Комфортный,Вклад,101,https://bankiros.ru/bank/bcs-bank/deposits/komfortnyj-13,Есть,Есть,Есть,2025-07-01
3154,60,9999,10000.0,999999999.0,18.0,БКС Банк,Спринт,Вклад,101,https://bankiros.ru/bank/bcs-bank/deposits/sprint-8,Нет,Нет,Есть,2025-07-01
3155,60,9999,1000.0,1500000.0,18.0,БКС Банк,На подарок,Вклад,101,https://bankiros.ru/bank/bcs-bank/deposits/podarok-10,Есть,Нет,Есть,2025-07-01
3156,91,9999,10000.0,1499990.0,16.6,БКС Банк,Динамика,Вклад,101,https://bankiros.ru/bank/bcs-bank/deposits/dinamika-6,Есть,Есть,Есть,2025-07-01
3157,91,9999,1500000.0,9999990.0,16.7,БКС Банк,Динамика,Вклад,101,https://bankiros.ru/bank/bcs-bank/deposits/dinamika-6,Есть,Есть,Есть,2025-07-01
3158,91,9999,10000000.0,4999990.0,16.8,БКС Банк,Динамика,Вклад,101,https://bankiros.ru/bank/bcs-bank/deposits/dinamika-6,Есть,Есть,Есть,2025-07-01
3159,91,9999,50000000.0,1500000000.0,12.0,БКС Банк,Динамика,Вклад,101,https://bankiros.ru/bank/bcs-bank/deposits/dinamika-6,Есть,Есть,Есть,2025-07-01
3160,365,9999,100000.0,10000000.0,16.8,БКС Банк,Импульс,Вклад,101,https://bankiros.ru/bank/bcs-bank/deposits/impuls,Нет,Нет,Нет,2025-07-01
3161,1,91,1.0,10000000.0,12.0,БКС Банк,Накопительный счёт,Накопительный счет,101,https://bankiros.ru/bank/bcs-bank/deposits/nakopitelnyj-scet-210,Есть,Есть,Нет,2025-07-01
3162,1,91,10000000.0,999999999.0,,БКС Банк,Накопительный счёт,Накопительный счет,101,https://bankiros.ru/bank/bcs-bank/deposits/nakopitelnyj-scet-210,Есть,Есть,Нет,2025-07-01
3163,1,9999,1.0,10000000.0,1.0,БКС Банк,Накопительный счёт,Накопительный счет,101,https://bankiros.ru/bank/bcs-bank/deposits/nakopitelnyj-scet-210,Есть,Есть,Нет,2025-07-01
3164,1,9999,10000000.0,999999999.0,1.0,БКС Банк,Накопительный счёт,Накопительный счет,101,https://bankiros.ru/bank/bcs-bank/deposits/nakopitelnyj-scet-210,Есть,Есть,Нет,2025-07-01
3165,181,9999,30000.0,10000000.0,17.6,Экспобанк,Выбери меня,Вклад,2998,https://bankiros.ru/bank/expobank/deposits/sezonnyj-71,Нет,Нет,Есть,2025-07-01
3166,31,31,0.0,3000000.0,,Экспобанк,Накопительный счет «Копилка»,Накопительный счет,2998,https://bankiros.ru/bank/expobank/deposits/nakopitelnyj-scet-kopilka-5,Есть,Есть,Нет,2025-07-01
3167,31,31,1.0,3000000.0,15.0,Экспобанк,Накопительный счет «Копилка»,Накопительный счет,2998,https://bankiros.ru/bank/expobank/deposits/nakopitelnyj-scet-kopilka-5,Есть,Есть,Нет,2025-07-01
3168,31,31,3000010.0,999999999.0,14.0,Экспобанк,Накопительный счет «Копилка»,Накопительный счет,2998,https://bankiros.ru/bank/expobank/deposits/nakopitelnyj-scet-kopilka-5,Есть,Есть,Нет,2025-07-01
3169,32,9999,0.0,3000000.0,,Экспобанк,Накопительный счет «Копилка»,Накопительный счет,2998,https://bankiros.ru/bank/expobank/deposits/nakopitelnyj-scet-kopilka-5,Есть,Есть,Нет,2025-07-01
3170,32,9999,1.0,3000000.0,16.0,Экспобанк,Накопительный счет «Копилка»,Накопительный счет,2998,https://bankiros.ru/bank/expobank/deposits/nakopitelnyj-scet-kopilka-5,Есть,Есть,Нет,2025-07-01
3171,32,9999,3000010.0,999999999.0,17.0,Экспобанк,Накопительный счет «Копилка»,Накопительный счет,2998,https://bankiros.ru/bank/expobank/deposits/nakopitelnyj-scet-kopilka-5,Есть,Есть,Нет,2025-07-01
3172,31,90,1000000.0,999999999.0,15.0,ЧБРР,Клевер2+ VIP2,Вклад,3527,https://bankiros.ru/bank/chbrr/deposits/klever2-vip2,Нет,Нет,Нет,2025-07-01
3173,91,180,1000000.0,999999999.0,17.5,ЧБРР,Клевер2+ VIP2,Вклад,3527,https://bankiros.ru/bank/chbrr/deposits/klever2-vip2,Нет,Нет,Нет,2025-07-01
3174,181,366,1000000.0,999999999.0,17.5,ЧБРР,Клевер2+ VIP2,Вклад,3527,https://bankiros.ru/bank/chbrr/deposits/klever2-vip2,Нет,Нет,Нет,2025-07-01
3175,367,9999,1000000.0,999999999.0,15.0,ЧБРР,Клевер2+ VIP2,Вклад,3527,https://bankiros.ru/bank/chbrr/deposits/klever2-vip2,Нет,Нет,Нет,2025-07-01
3176,31,90,3000.0,999999999.0,15.0,ЧБРР,Пенсионный+,Вклад,3527,https://bankiros.ru/bank/chbrr/deposits/pensionnyj-115,Нет,Нет,Есть,2025-07-01
3177,91,180,3000.0,999999999.0,17.5,ЧБРР,Пенсионный+,Вклад,3527,https://bankiros.ru/bank/chbrr/deposits/pensionnyj-115,Нет,Нет,Есть,2025-07-01
3178,181,366,3000.0,999999999.0,17.5,ЧБРР,Пенсионный+,Вклад,3527,https://bankiros.ru/bank/chbrr/deposits/pensionnyj-115,Нет,Нет,Есть,2025-07-01
3179,367,9999,3000.0,999999999.0,15.0,ЧБРР,Пенсионный+,Вклад,3527,https://bankiros.ru/bank/chbrr/deposits/pensionnyj-115,Нет,Нет,Есть,2025-07-01
3180,31,90,300000.0,999999999.0,14.5,ЧБРР,Клевер2+ VIP,Вклад,3527,https://bankiros.ru/bank/chbrr/deposits/klever2-vip-2,Нет,Нет,Нет,2025-07-01
3181,91,180,300000.0,999999999.0,17.3,ЧБРР,Клевер2+ VIP,Вклад,3527,https://bankiros.ru/bank/chbrr/deposits/klever2-vip-2,Нет,Нет,Нет,2025-07-01
3182,181,366,300000.0,999999999.0,17.3,ЧБРР,Клевер2+ VIP,Вклад,3527,https://bankiros.ru/bank/chbrr/deposits/klever2-vip-2,Нет,Нет,Нет,2025-07-01
3183,367,9999,300000.0,999999999.0,14.6,ЧБРР,Клевер2+ VIP,Вклад,3527,https://bankiros.ru/bank/chbrr/deposits/klever2-vip-2,Нет,Нет,Нет,2025-07-01
3184,31,90,3000.0,999999999.0,14.0,ЧБРР,Клевер2+,Вклад,3527,https://bankiros.ru/bank/chbrr/deposits/klever2-2,Есть,Нет,Нет,2025-07-01
3185,91,180,3000.0,999999999.0,16.0,ЧБРР,Клевер2+,Вклад,3527,https://bankiros.ru/bank/chbrr/deposits/klever2-2,Есть,Нет,Нет,2025-07-01
3186,181,366,3000.0,999999999.0,15.0,ЧБРР,Клевер2+,Вклад,3527,https://bankiros.ru/bank/chbrr/deposits/klever2-2,Есть,Нет,Нет,2025-07-01
3187,367,9999,3000.0,999999999.0,14.4,ЧБРР,Клевер2+,Вклад,3527,https://bankiros.ru/bank/chbrr/deposits/klever2-2,Есть,Нет,Нет,2025-07-01
3188,91,180,3000.0,999999999.0,17.0,ЧБРР,Пенсионный,Вклад,3527,https://bankiros.ru/bank/chbrr/deposits/pensionnyj-113,Нет,Нет,Есть,2025-07-01
3189,181,366,3000.0,999999999.0,17.0,ЧБРР,Пенсионный,Вклад,3527,https://bankiros.ru/bank/chbrr/deposits/pensionnyj-113,Нет,Нет,Есть,2025-07-01
3190,367,9999,3000.0,999999999.0,14.8,ЧБРР,Пенсионный,Вклад,3527,https://bankiros.ru/bank/chbrr/deposits/pensionnyj-113,Нет,Нет,Есть,2025-07-01
3191,91,180,300000.0,999999999.0,17.0,ЧБРР,Клевер2 VIP,Вклад,3527,https://bankiros.ru/bank/chbrr/deposits/klever2-vip,Есть,Нет,Нет,2025-07-01
3192,181,366,300000.0,999999999.0,17.0,ЧБРР,Клевер2 VIP,Вклад,3527,https://bankiros.ru/bank/chbrr/deposits/klever2-vip,Есть,Нет,Нет,2025-07-01
3193,367,9999,300000.0,999999999.0,14.4,ЧБРР,Клевер2 VIP,Вклад,3527,https://bankiros.ru/bank/chbrr/deposits/klever2-vip,Есть,Нет,Нет,2025-07-01
3194,91,180,3000.0,999999999.0,16.0,ЧБРР,Клевер2,Вклад,3527,https://bankiros.ru/bank/chbrr/deposits/klever2,Есть,Нет,Нет,2025-07-01
3195,181,366,3000.0,999999999.0,14.5,ЧБРР,Клевер2,Вклад,3527,https://bankiros.ru/bank/chbrr/deposits/klever2,Есть,Нет,Нет,2025-07-01
3196,367,9999,3000.0,999999999.0,14.0,ЧБРР,Клевер2,Вклад,3527,https://bankiros.ru/bank/chbrr/deposits/klever2,Есть,Нет,Нет,2025-07-01
3197,30,367,10000.0,999999999.0,4.0,ЧБРР,Универсальный,Вклад,3527,https://bankiros.ru/bank/chbrr/deposits/universalnyj-9,Есть,Есть,Есть,2025-07-01
3198,185,369,50000.0,999999999.0,17.5,Мир Привилегий,МП. Ключевой,Вклад,3224,https://bankiros.ru/bank/mir-privilegij/deposits/klucevoj-5,Есть,Нет,Нет,2025-07-01
3199,370,9999,50000.0,999999999.0,17.25,Мир Привилегий,МП. Ключевой,Вклад,3224,https://bankiros.ru/bank/mir-privilegij/deposits/klucevoj-5,Есть,Нет,Нет,2025-07-01
3200,91,184,50000.0,999999999.0,13.0,Мир Привилегий,МП. Универсальный,Вклад,3224,https://bankiros.ru/bank/mir-privilegij/deposits/mp-universalnyj,Есть,Есть,Нет,2025-07-01
3201,185,9999,50000.0,999999999.0,12.0,Мир Привилегий,МП. Универсальный,Вклад,3224,https://bankiros.ru/bank/mir-privilegij/deposits/mp-universalnyj,Есть,Есть,Нет,2025-07-01
3202,1,89,500000.0,999999999.0,0.1,Банк Йошкар-Ола,100500 Йошкин кот,Вклад,2802,https://bankiros.ru/bank/bank-yoshkar-ola/deposits/sezonnyj-103,Нет,Нет,Нет,2025-07-01
3203,100,9999,500000.0,999999999.0,17.5,Банк Йошкар-Ола,100500 Йошкин кот,Вклад,2802,https://bankiros.ru/bank/bank-yoshkar-ola/deposits/sezonnyj-103,Нет,Нет,Нет,2025-07-01
3204,1,89,500000.0,999999999.0,0.1,Банк Йошкар-Ола,Йошкин кот,Вклад,2802,https://bankiros.ru/bank/bank-yoshkar-ola/deposits/joskin-kot,Нет,Нет,Нет,2025-07-01
3205,90,100,500000.0,999999999.0,16.5,Банк Йошкар-Ола,Йошкин кот,Вклад,2802,https://bankiros.ru/bank/bank-yoshkar-ola/deposits/joskin-kot,Нет,Нет,Нет,2025-07-01
3206,1,30,10000.0,999999999.0,0.1,Банк Йошкар-Ола,Срочный классический,Вклад,2802,https://bankiros.ru/bank/bank-yoshkar-ola/deposits/srocnyj-klassiceskij,Нет,Нет,Есть,2025-07-01
3207,31,60,10000.0,999999999.0,10.0,Банк Йошкар-Ола,Срочный классический,Вклад,2802,https://bankiros.ru/bank/bank-yoshkar-ola/deposits/srocnyj-klassiceskij,Нет,Нет,Есть,2025-07-01
3208,61,90,10000.0,999999999.0,12.0,Банк Йошкар-Ола,Срочный классический,Вклад,2802,https://bankiros.ru/bank/bank-yoshkar-ola/deposits/srocnyj-klassiceskij,Нет,Нет,Есть,2025-07-01
3209,91,180,10000.0,999999999.0,14.0,Банк Йошкар-Ола,Срочный классический,Вклад,2802,https://bankiros.ru/bank/bank-yoshkar-ola/deposits/srocnyj-klassiceskij,Нет,Нет,Есть,2025-07-01
3210,181,364,10000.0,999999999.0,14.5,Банк Йошкар-Ола,Срочный классический,Вклад,2802,https://bankiros.ru/bank/bank-yoshkar-ola/deposits/srocnyj-klassiceskij,Нет,Нет,Есть,2025-07-01
3211,365,375,10000.0,999999999.0,15.0,Банк Йошкар-Ола,Срочный классический,Вклад,2802,https://bankiros.ru/bank/bank-yoshkar-ola/deposits/srocnyj-klassiceskij,Нет,Нет,Есть,2025-07-01
3212,366,9999,100.0,999999999.0,11.0,Банк Йошкар-Ола,Пенсионный Люкс,Вклад,2802,https://bankiros.ru/bank/bank-yoshkar-ola/deposits/pensionnyj-luks,Есть,Есть,Есть,2025-07-01
3213,30,9999,1000.0,999999999.0,10.0,Банк Йошкар-Ола,Накопительный счет «Мои сбережения»,Накопительный счет,2802,https://bankiros.ru/bank/bank-yoshkar-ola/deposits/nakopitelnyj-scet-moi-sberezenia,Есть,Есть,Нет,2025-07-01
3214,366,9999,100.0,999999999.0,11.0,Банк Йошкар-Ола,Пенсионный Плюс,Вклад,2802,https://bankiros.ru/bank/bank-yoshkar-ola/deposits/pensionnyj-plus-11,Есть,Есть,Есть,2025-07-01
3215,1,9999,10.0,999999999.0,2.0,Банк Йошкар-Ола,Пенсионный,Вклад,2802,https://bankiros.ru/bank/bank-yoshkar-ola/deposits/pensionnyj-27,Есть,Есть,Нет,2025-07-01
3216,90,179,10000.0,1499999.0,16.7,Банк Синара,Приветственный,Вклад,705,https://bankiros.ru/bank/skb-bank/deposits/privetstvennyj,Нет,Нет,Нет,2025-07-01
3217,90,179,1500000.0,100000000.0,17.2,Банк Синара,Приветственный,Вклад,705,https://bankiros.ru/bank/skb-bank/deposits/privetstvennyj,Нет,Нет,Нет,2025-07-01
3218,180,366,10000.0,1499999.0,16.6,Банк Синара,Приветственный,Вклад,705,https://bankiros.ru/bank/skb-bank/deposits/privetstvennyj,Нет,Нет,Нет,2025-07-01
3219,180,366,1500000.0,100000000.0,14.6,Банк Синара,Приветственный,Вклад,705,https://bankiros.ru/bank/skb-bank/deposits/privetstvennyj,Нет,Нет,Нет,2025-07-01
3220,367,719,10000.0,1499999.0,13.5,Банк Синара,Приветственный,Вклад,705,https://bankiros.ru/bank/skb-bank/deposits/privetstvennyj,Нет,Нет,Нет,2025-07-01
3221,367,719,1500000.0,100000000.0,16.7,Банк Синара,Приветственный,Вклад,705,https://bankiros.ru/bank/skb-bank/deposits/privetstvennyj,Нет,Нет,Нет,2025-07-01
3222,720,1079,10000.0,1499999.0,17.2,Банк Синара,Приветственный,Вклад,705,https://bankiros.ru/bank/skb-bank/deposits/privetstvennyj,Нет,Нет,Нет,2025-07-01
3223,720,1079,1500000.0,100000000.0,16.6,Банк Синара,Приветственный,Вклад,705,https://bankiros.ru/bank/skb-bank/deposits/privetstvennyj,Нет,Нет,Нет,2025-07-01
3224,1080,9999,10000.0,1499999.0,14.6,Банк Синара,Приветственный,Вклад,705,https://bankiros.ru/bank/skb-bank/deposits/privetstvennyj,Нет,Нет,Нет,2025-07-01
3225,1080,9999,1500000.0,100000000.0,13.5,Банк Синара,Приветственный,Вклад,705,https://bankiros.ru/bank/skb-bank/deposits/privetstvennyj,Нет,Нет,Нет,2025-07-01
3226,30,61,1.0,1999990.0,20.0,Банк Синара,Активный доход,Вклад,705,https://bankiros.ru/bank/skb-bank/deposits/aktivnyj-dohod,Есть,Есть,Нет,2025-07-01
3227,30,61,2000000.0,999999999.0,16.0,Банк Синара,Активный доход,Вклад,705,https://bankiros.ru/bank/skb-bank/deposits/aktivnyj-dohod,Есть,Есть,Нет,2025-07-01
3228,91,9999,1.0,1999990.0,8.0,Банк Синара,Активный доход,Вклад,705,https://bankiros.ru/bank/skb-bank/deposits/aktivnyj-dohod,Есть,Есть,Нет,2025-07-01
3229,91,9999,2000000.0,999999999.0,8.0,Банк Синара,Активный доход,Вклад,705,https://bankiros.ru/bank/skb-bank/deposits/aktivnyj-dohod,Есть,Есть,Нет,2025-07-01
3230,30,89,10000.0,100000000.0,6.6,Банк Синара,Исполнение желаний,Вклад,705,https://bankiros.ru/bank/skb-bank/deposits/ispolnenie-zhelaniy,Нет,Нет,Нет,2025-07-01
3231,90,179,10000.0,100000000.0,16.5,Банк Синара,Исполнение желаний,Вклад,705,https://bankiros.ru/bank/skb-bank/deposits/ispolnenie-zhelaniy,Нет,Нет,Нет,2025-07-01
3232,180,366,10000.0,100000000.0,17.0,Банк Синара,Исполнение желаний,Вклад,705,https://bankiros.ru/bank/skb-bank/deposits/ispolnenie-zhelaniy,Нет,Нет,Нет,2025-07-01
3233,367,545,10000.0,100000000.0,16.5,Банк Синара,Исполнение желаний,Вклад,705,https://bankiros.ru/bank/skb-bank/deposits/ispolnenie-zhelaniy,Нет,Нет,Нет,2025-07-01
3234,546,719,10000.0,100000000.0,15.0,Банк Синара,Исполнение желаний,Вклад,705,https://bankiros.ru/bank/skb-bank/deposits/ispolnenie-zhelaniy,Нет,Нет,Нет,2025-07-01
3235,720,1079,10000.0,100000000.0,14.5,Банк Синара,Исполнение желаний,Вклад,705,https://bankiros.ru/bank/skb-bank/deposits/ispolnenie-zhelaniy,Нет,Нет,Нет,2025-07-01
3236,1080,9999,10000.0,100000000.0,13.0,Банк Синара,Исполнение желаний,Вклад,705,https://bankiros.ru/bank/skb-bank/deposits/ispolnenie-zhelaniy,Нет,Нет,Нет,2025-07-01
3237,30,89,10000.0,3000000.0,6.8,Банк Синара,Исполнение желаний+ ,Вклад,705,https://bankiros.ru/bank/skb-bank/deposits/ispolnenie-zelanij,Нет,Нет,Нет,2025-07-01
3238,90,179,10000.0,3000000.0,16.5,Банк Синара,Исполнение желаний+ ,Вклад,705,https://bankiros.ru/bank/skb-bank/deposits/ispolnenie-zelanij,Нет,Нет,Нет,2025-07-01
3239,180,366,10000.0,3000000.0,17.0,Банк Синара,Исполнение желаний+ ,Вклад,705,https://bankiros.ru/bank/skb-bank/deposits/ispolnenie-zelanij,Нет,Нет,Нет,2025-07-01
3240,367,545,10000.0,3000000.0,16.5,Банк Синара,Исполнение желаний+ ,Вклад,705,https://bankiros.ru/bank/skb-bank/deposits/ispolnenie-zelanij,Нет,Нет,Нет,2025-07-01
3241,546,719,10000.0,3000000.0,15.0,Банк Синара,Исполнение желаний+ ,Вклад,705,https://bankiros.ru/bank/skb-bank/deposits/ispolnenie-zelanij,Нет,Нет,Нет,2025-07-01
3242,720,1079,10000.0,3000000.0,14.5,Банк Синара,Исполнение желаний+ ,Вклад,705,https://bankiros.ru/bank/skb-bank/deposits/ispolnenie-zelanij,Нет,Нет,Нет,2025-07-01
3243,1080,9999,10000.0,3000000.0,13.0,Банк Синара,Исполнение желаний+ ,Вклад,705,https://bankiros.ru/bank/skb-bank/deposits/ispolnenie-zelanij,Нет,Нет,Нет,2025-07-01
3244,31,61,5000.0,2000000.0,19.0,Банк Синара,Курс на мечту,Вклад,705,https://bankiros.ru/bank/skb-bank/deposits/kurs-na-mectu,Есть,Есть,Нет,2025-07-01
3245,31,61,2000010.0,999999999.0,15.0,Банк Синара,Курс на мечту,Вклад,705,https://bankiros.ru/bank/skb-bank/deposits/kurs-na-mectu,Есть,Есть,Нет,2025-07-01
3246,91,9999,5000.0,2000000.0,12.0,Банк Синара,Курс на мечту,Вклад,705,https://bankiros.ru/bank/skb-bank/deposits/kurs-na-mectu,Есть,Есть,Нет,2025-07-01
3247,91,9999,2000010.0,999999999.0,10.0,Банк Синара,Курс на мечту,Вклад,705,https://bankiros.ru/bank/skb-bank/deposits/kurs-na-mectu,Есть,Есть,Нет,2025-07-01
3248,90,9999,10000.0,200000.0,19.0,Банк Синара,Максимальный,Вклад,705,https://bankiros.ru/bank/skb-bank/deposits/maksimalnyj-16,Нет,Нет,Нет,2025-07-01
3249,90,9999,200001.0,500000.0,19.0,Банк Синара,Максимальный,Вклад,705,https://bankiros.ru/bank/skb-bank/deposits/maksimalnyj-16,Нет,Нет,Нет,2025-07-01
3250,90,9999,500001.0,700000.0,19.0,Банк Синара,Максимальный,Вклад,705,https://bankiros.ru/bank/skb-bank/deposits/maksimalnyj-16,Нет,Нет,Нет,2025-07-01
3251,90,9999,700001.0,1000000.0,19.0,Банк Синара,Максимальный,Вклад,705,https://bankiros.ru/bank/skb-bank/deposits/maksimalnyj-16,Нет,Нет,Нет,2025-07-01
3252,1,30,10000.0,100000000.0,16.0,Банк Синара,Обыкновенное чудо,Вклад,705,https://bankiros.ru/bank/skb-bank/deposits/obyknovennoe-cudo-2,Нет,Есть,Нет,2025-07-01
3253,31,90,10000.0,100000000.0,15.5,Банк Синара,Обыкновенное чудо,Вклад,705,https://bankiros.ru/bank/skb-bank/deposits/obyknovennoe-cudo-2,Нет,Есть,Нет,2025-07-01
3254,91,180,10000.0,100000000.0,15.0,Банк Синара,Обыкновенное чудо,Вклад,705,https://bankiros.ru/bank/skb-bank/deposits/obyknovennoe-cudo-2,Нет,Есть,Нет,2025-07-01
3255,181,270,10000.0,100000000.0,14.0,Банк Синара,Обыкновенное чудо,Вклад,705,https://bankiros.ru/bank/skb-bank/deposits/obyknovennoe-cudo-2,Нет,Есть,Нет,2025-07-01
3256,271,365,10000.0,100000000.0,13.0,Банк Синара,Обыкновенное чудо,Вклад,705,https://bankiros.ru/bank/skb-bank/deposits/obyknovennoe-cudo-2,Нет,Есть,Нет,2025-07-01
3257,366,545,10000.0,100000000.0,5.0,Банк Синара,Обыкновенное чудо,Вклад,705,https://bankiros.ru/bank/skb-bank/deposits/obyknovennoe-cudo-2,Нет,Есть,Нет,2025-07-01
3258,546,720,10000.0,100000000.0,2.0,Банк Синара,Обыкновенное чудо,Вклад,705,https://bankiros.ru/bank/skb-bank/deposits/obyknovennoe-cudo-2,Нет,Есть,Нет,2025-07-01
3259,1,30,10000.0,100000000.0,15.8,Банк Синара,Обыкновенное чудо (с капитализацией),Вклад,705,https://bankiros.ru/bank/skb-bank/deposits/obyknovennoe-cudo-s-kapitalizaciej,Нет,Нет,Нет,2025-07-01
3260,31,90,10000.0,100000000.0,15.3,Банк Синара,Обыкновенное чудо (с капитализацией),Вклад,705,https://bankiros.ru/bank/skb-bank/deposits/obyknovennoe-cudo-s-kapitalizaciej,Нет,Нет,Нет,2025-07-01
3261,91,180,10000.0,100000000.0,14.8,Банк Синара,Обыкновенное чудо (с капитализацией),Вклад,705,https://bankiros.ru/bank/skb-bank/deposits/obyknovennoe-cudo-s-kapitalizaciej,Нет,Нет,Нет,2025-07-01
3262,181,270,10000.0,100000000.0,13.8,Банк Синара,Обыкновенное чудо (с капитализацией),Вклад,705,https://bankiros.ru/bank/skb-bank/deposits/obyknovennoe-cudo-s-kapitalizaciej,Нет,Нет,Нет,2025-07-01
3263,271,365,10000.0,100000000.0,12.8,Банк Синара,Обыкновенное чудо (с капитализацией),Вклад,705,https://bankiros.ru/bank/skb-bank/deposits/obyknovennoe-cudo-s-kapitalizaciej,Нет,Нет,Нет,2025-07-01
3264,366,545,10000.0,100000000.0,4.8,Банк Синара,Обыкновенное чудо (с капитализацией),Вклад,705,https://bankiros.ru/bank/skb-bank/deposits/obyknovennoe-cudo-s-kapitalizaciej,Нет,Нет,Нет,2025-07-01
3265,546,720,10000.0,100000000.0,2.0,Банк Синара,Обыкновенное чудо (с капитализацией),Вклад,705,https://bankiros.ru/bank/skb-bank/deposits/obyknovennoe-cudo-s-kapitalizaciej,Нет,Нет,Нет,2025-07-01
3266,1,90,10000.0,100000.0,14.6,Банк Синара,Счастливая монета,Вклад,705,https://bankiros.ru/bank/skb-bank/deposits/schastlivaya-moneta-v-rublyah,Есть,Есть,Нет,2025-07-01
3267,1,90,100001.0,700000.0,14.4,Банк Синара,Счастливая монета,Вклад,705,https://bankiros.ru/bank/skb-bank/deposits/schastlivaya-moneta-v-rublyah,Есть,Есть,Нет,2025-07-01
3268,1,90,700001.0,3000000.0,14.1,Банк Синара,Счастливая монета,Вклад,705,https://bankiros.ru/bank/skb-bank/deposits/schastlivaya-moneta-v-rublyah,Есть,Есть,Нет,2025-07-01
3269,1,90,3000010.0,10000000.0,13.1,Банк Синара,Счастливая монета,Вклад,705,https://bankiros.ru/bank/skb-bank/deposits/schastlivaya-moneta-v-rublyah,Есть,Есть,Нет,2025-07-01
3270,1,90,100000000.0,999999999.0,2.25,Банк Синара,Счастливая монета,Вклад,705,https://bankiros.ru/bank/skb-bank/deposits/schastlivaya-moneta-v-rublyah,Есть,Есть,Нет,2025-07-01
3271,91,180,10000.0,100000.0,14.8,Банк Синара,Счастливая монета,Вклад,705,https://bankiros.ru/bank/skb-bank/deposits/schastlivaya-moneta-v-rublyah,Есть,Есть,Нет,2025-07-01
3272,91,180,100001.0,700000.0,14.6,Банк Синара,Счастливая монета,Вклад,705,https://bankiros.ru/bank/skb-bank/deposits/schastlivaya-moneta-v-rublyah,Есть,Есть,Нет,2025-07-01
3273,91,180,700001.0,3000000.0,14.3,Банк Синара,Счастливая монета,Вклад,705,https://bankiros.ru/bank/skb-bank/deposits/schastlivaya-moneta-v-rublyah,Есть,Есть,Нет,2025-07-01
3274,91,180,3000010.0,10000000.0,13.3,Банк Синара,Счастливая монета,Вклад,705,https://bankiros.ru/bank/skb-bank/deposits/schastlivaya-moneta-v-rublyah,Есть,Есть,Нет,2025-07-01
3275,91,180,100000000.0,999999999.0,2.25,Банк Синара,Счастливая монета,Вклад,705,https://bankiros.ru/bank/skb-bank/deposits/schastlivaya-moneta-v-rublyah,Есть,Есть,Нет,2025-07-01
3276,181,270,10000.0,100000.0,15.0,Банк Синара,Счастливая монета,Вклад,705,https://bankiros.ru/bank/skb-bank/deposits/schastlivaya-moneta-v-rublyah,Есть,Есть,Нет,2025-07-01
3277,181,270,100001.0,700000.0,14.8,Банк Синара,Счастливая монета,Вклад,705,https://bankiros.ru/bank/skb-bank/deposits/schastlivaya-moneta-v-rublyah,Есть,Есть,Нет,2025-07-01
3278,181,270,700001.0,3000000.0,14.5,Банк Синара,Счастливая монета,Вклад,705,https://bankiros.ru/bank/skb-bank/deposits/schastlivaya-moneta-v-rublyah,Есть,Есть,Нет,2025-07-01
3279,181,270,3000010.0,10000000.0,13.5,Банк Синара,Счастливая монета,Вклад,705,https://bankiros.ru/bank/skb-bank/deposits/schastlivaya-moneta-v-rublyah,Есть,Есть,Нет,2025-07-01
3280,181,270,100000000.0,999999999.0,2.25,Банк Синара,Счастливая монета,Вклад,705,https://bankiros.ru/bank/skb-bank/deposits/schastlivaya-moneta-v-rublyah,Есть,Есть,Нет,2025-07-01
3281,271,360,10000.0,100000.0,15.2,Банк Синара,Счастливая монета,Вклад,705,https://bankiros.ru/bank/skb-bank/deposits/schastlivaya-moneta-v-rublyah,Есть,Есть,Нет,2025-07-01
3282,271,360,100001.0,700000.0,15.0,Банк Синара,Счастливая монета,Вклад,705,https://bankiros.ru/bank/skb-bank/deposits/schastlivaya-moneta-v-rublyah,Есть,Есть,Нет,2025-07-01
3283,271,360,700001.0,3000000.0,14.7,Банк Синара,Счастливая монета,Вклад,705,https://bankiros.ru/bank/skb-bank/deposits/schastlivaya-moneta-v-rublyah,Есть,Есть,Нет,2025-07-01
3284,271,360,3000010.0,10000000.0,13.7,Банк Синара,Счастливая монета,Вклад,705,https://bankiros.ru/bank/skb-bank/deposits/schastlivaya-moneta-v-rublyah,Есть,Есть,Нет,2025-07-01
3285,271,360,100000000.0,999999999.0,2.25,Банк Синара,Счастливая монета,Вклад,705,https://bankiros.ru/bank/skb-bank/deposits/schastlivaya-moneta-v-rublyah,Есть,Есть,Нет,2025-07-01
3286,361,1080,10000.0,100000.0,15.4,Банк Синара,Счастливая монета,Вклад,705,https://bankiros.ru/bank/skb-bank/deposits/schastlivaya-moneta-v-rublyah,Есть,Есть,Нет,2025-07-01
3287,361,1080,100001.0,700000.0,15.2,Банк Синара,Счастливая монета,Вклад,705,https://bankiros.ru/bank/skb-bank/deposits/schastlivaya-moneta-v-rublyah,Есть,Есть,Нет,2025-07-01
3288,361,1080,700001.0,3000000.0,14.9,Банк Синара,Счастливая монета,Вклад,705,https://bankiros.ru/bank/skb-bank/deposits/schastlivaya-moneta-v-rublyah,Есть,Есть,Нет,2025-07-01
3289,361,1080,3000010.0,10000000.0,13.9,Банк Синара,Счастливая монета,Вклад,705,https://bankiros.ru/bank/skb-bank/deposits/schastlivaya-moneta-v-rublyah,Есть,Есть,Нет,2025-07-01
3290,361,1080,100000000.0,999999999.0,2.25,Банк Синара,Счастливая монета,Вклад,705,https://bankiros.ru/bank/skb-bank/deposits/schastlivaya-moneta-v-rublyah,Есть,Есть,Нет,2025-07-01
3291,1,90,10000.0,100000.0,14.4,Банк Синара,Счастливая монета (с капитализацией),Вклад,705,https://bankiros.ru/bank/skb-bank/deposits/scastlivaa-moneta-s-kapitalizaciej,Есть,Нет,Нет,2025-07-01
3292,1,90,100001.0,700000.0,14.2,Банк Синара,Счастливая монета (с капитализацией),Вклад,705,https://bankiros.ru/bank/skb-bank/deposits/scastlivaa-moneta-s-kapitalizaciej,Есть,Нет,Нет,2025-07-01
3293,1,90,700001.0,3000000.0,13.9,Банк Синара,Счастливая монета (с капитализацией),Вклад,705,https://bankiros.ru/bank/skb-bank/deposits/scastlivaa-moneta-s-kapitalizaciej,Есть,Нет,Нет,2025-07-01
3294,1,90,3000010.0,10000000.0,12.9,Банк Синара,Счастливая монета (с капитализацией),Вклад,705,https://bankiros.ru/bank/skb-bank/deposits/scastlivaa-moneta-s-kapitalizaciej,Есть,Нет,Нет,2025-07-01
3295,1,90,10000000.0,100000000.0,2.05,Банк Синара,Счастливая монета (с капитализацией),Вклад,705,https://bankiros.ru/bank/skb-bank/deposits/scastlivaa-moneta-s-kapitalizaciej,Есть,Нет,Нет,2025-07-01
3296,91,180,10000.0,100000.0,14.6,Банк Синара,Счастливая монета (с капитализацией),Вклад,705,https://bankiros.ru/bank/skb-bank/deposits/scastlivaa-moneta-s-kapitalizaciej,Есть,Нет,Нет,2025-07-01
3297,91,180,100001.0,700000.0,14.4,Банк Синара,Счастливая монета (с капитализацией),Вклад,705,https://bankiros.ru/bank/skb-bank/deposits/scastlivaa-moneta-s-kapitalizaciej,Есть,Нет,Нет,2025-07-01
3298,91,180,700001.0,3000000.0,14.1,Банк Синара,Счастливая монета (с капитализацией),Вклад,705,https://bankiros.ru/bank/skb-bank/deposits/scastlivaa-moneta-s-kapitalizaciej,Есть,Нет,Нет,2025-07-01
3299,91,180,3000010.0,10000000.0,13.1,Банк Синара,Счастливая монета (с капитализацией),Вклад,705,https://bankiros.ru/bank/skb-bank/deposits/scastlivaa-moneta-s-kapitalizaciej,Есть,Нет,Нет,2025-07-01
3300,91,180,10000000.0,100000000.0,2.05,Банк Синара,Счастливая монета (с капитализацией),Вклад,705,https://bankiros.ru/bank/skb-bank/deposits/scastlivaa-moneta-s-kapitalizaciej,Есть,Нет,Нет,2025-07-01
3301,181,270,10000.0,100000.0,14.8,Банк Синара,Счастливая монета (с капитализацией),Вклад,705,https://bankiros.ru/bank/skb-bank/deposits/scastlivaa-moneta-s-kapitalizaciej,Есть,Нет,Нет,2025-07-01
3302,181,270,100001.0,700000.0,14.6,Банк Синара,Счастливая монета (с капитализацией),Вклад,705,https://bankiros.ru/bank/skb-bank/deposits/scastlivaa-moneta-s-kapitalizaciej,Есть,Нет,Нет,2025-07-01
3303,181,270,700001.0,3000000.0,14.3,Банк Синара,Счастливая монета (с капитализацией),Вклад,705,https://bankiros.ru/bank/skb-bank/deposits/scastlivaa-moneta-s-kapitalizaciej,Есть,Нет,Нет,2025-07-01
3304,181,270,3000010.0,10000000.0,13.3,Банк Синара,Счастливая монета (с капитализацией),Вклад,705,https://bankiros.ru/bank/skb-bank/deposits/scastlivaa-moneta-s-kapitalizaciej,Есть,Нет,Нет,2025-07-01
3305,181,270,10000000.0,100000000.0,2.05,Банк Синара,Счастливая монета (с капитализацией),Вклад,705,https://bankiros.ru/bank/skb-bank/deposits/scastlivaa-moneta-s-kapitalizaciej,Есть,Нет,Нет,2025-07-01
3306,271,360,10000.0,100000.0,15.0,Банк Синара,Счастливая монета (с капитализацией),Вклад,705,https://bankiros.ru/bank/skb-bank/deposits/scastlivaa-moneta-s-kapitalizaciej,Есть,Нет,Нет,2025-07-01
3307,271,360,100001.0,700000.0,14.8,Банк Синара,Счастливая монета (с капитализацией),Вклад,705,https://bankiros.ru/bank/skb-bank/deposits/scastlivaa-moneta-s-kapitalizaciej,Есть,Нет,Нет,2025-07-01
3308,271,360,700001.0,3000000.0,14.5,Банк Синара,Счастливая монета (с капитализацией),Вклад,705,https://bankiros.ru/bank/skb-bank/deposits/scastlivaa-moneta-s-kapitalizaciej,Есть,Нет,Нет,2025-07-01
3309,271,360,3000010.0,10000000.0,13.5,Банк Синара,Счастливая монета (с капитализацией),Вклад,705,https://bankiros.ru/bank/skb-bank/deposits/scastlivaa-moneta-s-kapitalizaciej,Есть,Нет,Нет,2025-07-01
3310,271,360,10000000.0,100000000.0,2.05,Банк Синара,Счастливая монета (с капитализацией),Вклад,705,https://bankiros.ru/bank/skb-bank/deposits/scastlivaa-moneta-s-kapitalizaciej,Есть,Нет,Нет,2025-07-01
3311,361,1080,10000.0,100000.0,15.2,Банк Синара,Счастливая монета (с капитализацией),Вклад,705,https://bankiros.ru/bank/skb-bank/deposits/scastlivaa-moneta-s-kapitalizaciej,Есть,Нет,Нет,2025-07-01
3312,361,1080,100001.0,700000.0,15.0,Банк Синара,Счастливая монета (с капитализацией),Вклад,705,https://bankiros.ru/bank/skb-bank/deposits/scastlivaa-moneta-s-kapitalizaciej,Есть,Нет,Нет,2025-07-01
3313,361,1080,700001.0,3000000.0,14.7,Банк Синара,Счастливая монета (с капитализацией),Вклад,705,https://bankiros.ru/bank/skb-bank/deposits/scastlivaa-moneta-s-kapitalizaciej,Есть,Нет,Нет,2025-07-01
3314,361,1080,3000010.0,10000000.0,13.7,Банк Синара,Счастливая монета (с капитализацией),Вклад,705,https://bankiros.ru/bank/skb-bank/deposits/scastlivaa-moneta-s-kapitalizaciej,Есть,Нет,Нет,2025-07-01
3315,361,1080,10000000.0,100000000.0,2.05,Банк Синара,Счастливая монета (с капитализацией),Вклад,705,https://bankiros.ru/bank/skb-bank/deposits/scastlivaa-moneta-s-kapitalizaciej,Есть,Нет,Нет,2025-07-01
3316,367,9999,10000.0,100000000.0,12.0,Банк Синара,В пользу третьего лица,Вклад,705,https://bankiros.ru/bank/skb-bank/deposits/v-polzu-tretego-lica-5,Нет,Нет,Нет,2025-07-01
3317,1,365,1000.0,999999999.0,12.8,Банк Синара,Пенсионный (с капитализацией),Вклад,705,https://bankiros.ru/bank/skb-bank/deposits/pensionnyj-s-kapitalizaciej,Есть,Есть,Есть,2025-07-01
3318,366,730,1000.0,999999999.0,2.8,Банк Синара,Пенсионный (с капитализацией),Вклад,705,https://bankiros.ru/bank/skb-bank/deposits/pensionnyj-s-kapitalizaciej,Есть,Есть,Есть,2025-07-01
3319,731,1080,1000.0,999999999.0,2.0,Банк Синара,Пенсионный (с капитализацией),Вклад,705,https://bankiros.ru/bank/skb-bank/deposits/pensionnyj-s-kapitalizaciej,Есть,Есть,Есть,2025-07-01
3320,1,180,10000.0,99999.0,6.5,Банк Синара,Активный счет,Вклад,705,https://bankiros.ru/bank/skb-bank/deposits/aktivnyy-schet,Есть,Есть,Нет,2025-07-01
3321,1,180,100000.0,299999.0,1.0,Банк Синара,Активный счет,Вклад,705,https://bankiros.ru/bank/skb-bank/deposits/aktivnyy-schet,Есть,Есть,Нет,2025-07-01
3322,1,180,300000.0,699999.0,6.7,Банк Синара,Активный счет,Вклад,705,https://bankiros.ru/bank/skb-bank/deposits/aktivnyy-schet,Есть,Есть,Нет,2025-07-01
3323,1,180,700000.0,999999.0,1.0,Банк Синара,Активный счет,Вклад,705,https://bankiros.ru/bank/skb-bank/deposits/aktivnyy-schet,Есть,Есть,Нет,2025-07-01
3324,1,180,1000000.0,4999990.0,6.8,Банк Синара,Активный счет,Вклад,705,https://bankiros.ru/bank/skb-bank/deposits/aktivnyy-schet,Есть,Есть,Нет,2025-07-01
3325,1,180,5000000.0,50000000.0,1.0,Банк Синара,Активный счет,Вклад,705,https://bankiros.ru/bank/skb-bank/deposits/aktivnyy-schet,Есть,Есть,Нет,2025-07-01
3326,181,1080,10000.0,99999.0,7.0,Банк Синара,Активный счет,Вклад,705,https://bankiros.ru/bank/skb-bank/deposits/aktivnyy-schet,Есть,Есть,Нет,2025-07-01
3327,181,1080,100000.0,299999.0,1.0,Банк Синара,Активный счет,Вклад,705,https://bankiros.ru/bank/skb-bank/deposits/aktivnyy-schet,Есть,Есть,Нет,2025-07-01
3328,181,1080,300000.0,699999.0,10.0,Банк Синара,Активный счет,Вклад,705,https://bankiros.ru/bank/skb-bank/deposits/aktivnyy-schet,Есть,Есть,Нет,2025-07-01
3329,181,1080,700000.0,999999.0,1.0,Банк Синара,Активный счет,Вклад,705,https://bankiros.ru/bank/skb-bank/deposits/aktivnyy-schet,Есть,Есть,Нет,2025-07-01
3330,181,1080,1000000.0,4999990.0,10.0,Банк Синара,Активный счет,Вклад,705,https://bankiros.ru/bank/skb-bank/deposits/aktivnyy-schet,Есть,Есть,Нет,2025-07-01
3331,181,1080,5000000.0,50000000.0,1.0,Банк Синара,Активный счет,Вклад,705,https://bankiros.ru/bank/skb-bank/deposits/aktivnyy-schet,Есть,Есть,Нет,2025-07-01
3332,1,180,10000.0,99999.0,6.3,Банк Синара,Активный счёт (с капитализацией),Вклад,705,https://bankiros.ru/bank/skb-bank/deposits/aktivnyj-scet-s-kapitalizaciej,Есть,Есть,Нет,2025-07-01
3333,1,180,100000.0,299999.0,1.0,Банк Синара,Активный счёт (с капитализацией),Вклад,705,https://bankiros.ru/bank/skb-bank/deposits/aktivnyj-scet-s-kapitalizaciej,Есть,Есть,Нет,2025-07-01
3334,1,180,300000.0,699999.0,6.5,Банк Синара,Активный счёт (с капитализацией),Вклад,705,https://bankiros.ru/bank/skb-bank/deposits/aktivnyj-scet-s-kapitalizaciej,Есть,Есть,Нет,2025-07-01
3335,1,180,700000.0,999999.0,1.0,Банк Синара,Активный счёт (с капитализацией),Вклад,705,https://bankiros.ru/bank/skb-bank/deposits/aktivnyj-scet-s-kapitalizaciej,Есть,Есть,Нет,2025-07-01
3336,1,180,1000000.0,4999990.0,6.6,Банк Синара,Активный счёт (с капитализацией),Вклад,705,https://bankiros.ru/bank/skb-bank/deposits/aktivnyj-scet-s-kapitalizaciej,Есть,Есть,Нет,2025-07-01
3337,1,180,5000000.0,50000000.0,1.0,Банк Синара,Активный счёт (с капитализацией),Вклад,705,https://bankiros.ru/bank/skb-bank/deposits/aktivnyj-scet-s-kapitalizaciej,Есть,Есть,Нет,2025-07-01
3338,181,1080,10000.0,99999.0,6.8,Банк Синара,Активный счёт (с капитализацией),Вклад,705,https://bankiros.ru/bank/skb-bank/deposits/aktivnyj-scet-s-kapitalizaciej,Есть,Есть,Нет,2025-07-01
3339,181,1080,100000.0,299999.0,1.0,Банк Синара,Активный счёт (с капитализацией),Вклад,705,https://bankiros.ru/bank/skb-bank/deposits/aktivnyj-scet-s-kapitalizaciej,Есть,Есть,Нет,2025-07-01
3340,181,1080,300000.0,699999.0,9.8,Банк Синара,Активный счёт (с капитализацией),Вклад,705,https://bankiros.ru/bank/skb-bank/deposits/aktivnyj-scet-s-kapitalizaciej,Есть,Есть,Нет,2025-07-01
3341,181,1080,700000.0,999999.0,1.0,Банк Синара,Активный счёт (с капитализацией),Вклад,705,https://bankiros.ru/bank/skb-bank/deposits/aktivnyj-scet-s-kapitalizaciej,Есть,Есть,Нет,2025-07-01
3342,181,1080,1000000.0,4999990.0,9.8,Банк Синара,Активный счёт (с капитализацией),Вклад,705,https://bankiros.ru/bank/skb-bank/deposits/aktivnyj-scet-s-kapitalizaciej,Есть,Есть,Нет,2025-07-01
3343,181,1080,5000000.0,50000000.0,1.0,Банк Синара,Активный счёт (с капитализацией),Вклад,705,https://bankiros.ru/bank/skb-bank/deposits/aktivnyj-scet-s-kapitalizaciej,Есть,Есть,Нет,2025-07-01
3344,1,365,1000.0,999999999.0,13.0,Банк Синара,Пенсионный,Вклад,705,https://bankiros.ru/bank/skb-bank/deposits/pensionnyj-5,Есть,Есть,Есть,2025-07-01
3345,366,730,1000.0,999999999.0,3.0,Банк Синара,Пенсионный,Вклад,705,https://bankiros.ru/bank/skb-bank/deposits/pensionnyj-5,Есть,Есть,Есть,2025-07-01
3346,731,1080,1000.0,999999999.0,2.0,Банк Синара,Пенсионный,Вклад,705,https://bankiros.ru/bank/skb-bank/deposits/pensionnyj-5,Есть,Есть,Есть,2025-07-01
3347,90,179,10000.0,1499999.0,17.2,Газэнергобанк,Приветственный,Вклад,3252,https://bankiros.ru/bank/gazenergobank/deposits/privetstvennyj-6,Нет,Нет,Нет,2025-07-01
3348,90,179,1500000.0,100000000.0,17.2,Газэнергобанк,Приветственный,Вклад,3252,https://bankiros.ru/bank/gazenergobank/deposits/privetstvennyj-6,Нет,Нет,Нет,2025-07-01
3349,180,366,10000.0,1499999.0,16.6,Газэнергобанк,Приветственный,Вклад,3252,https://bankiros.ru/bank/gazenergobank/deposits/privetstvennyj-6,Нет,Нет,Нет,2025-07-01
3350,180,366,1500000.0,100000000.0,15.6,Газэнергобанк,Приветственный,Вклад,3252,https://bankiros.ru/bank/gazenergobank/deposits/privetstvennyj-6,Нет,Нет,Нет,2025-07-01
3351,367,719,10000.0,1499999.0,15.0,Газэнергобанк,Приветственный,Вклад,3252,https://bankiros.ru/bank/gazenergobank/deposits/privetstvennyj-6,Нет,Нет,Нет,2025-07-01
3352,367,719,1500000.0,100000000.0,17.2,Газэнергобанк,Приветственный,Вклад,3252,https://bankiros.ru/bank/gazenergobank/deposits/privetstvennyj-6,Нет,Нет,Нет,2025-07-01
3353,720,1079,10000.0,1499999.0,17.2,Газэнергобанк,Приветственный,Вклад,3252,https://bankiros.ru/bank/gazenergobank/deposits/privetstvennyj-6,Нет,Нет,Нет,2025-07-01
3354,720,1079,1500000.0,100000000.0,16.6,Газэнергобанк,Приветственный,Вклад,3252,https://bankiros.ru/bank/gazenergobank/deposits/privetstvennyj-6,Нет,Нет,Нет,2025-07-01
3355,1080,9999,10000.0,1499999.0,15.6,Газэнергобанк,Приветственный,Вклад,3252,https://bankiros.ru/bank/gazenergobank/deposits/privetstvennyj-6,Нет,Нет,Нет,2025-07-01
3356,1080,9999,1500000.0,100000000.0,15.0,Газэнергобанк,Приветственный,Вклад,3252,https://bankiros.ru/bank/gazenergobank/deposits/privetstvennyj-6,Нет,Нет,Нет,2025-07-01
3357,30,89,10000.0,100000000.0,6.6,Газэнергобанк,Исполнение желаний,Вклад,3252,https://bankiros.ru/bank/gazenergobank/deposits/ispolnenie-zhelaniy,Нет,Нет,Нет,2025-07-01
3358,90,179,10000.0,100000000.0,17.0,Газэнергобанк,Исполнение желаний,Вклад,3252,https://bankiros.ru/bank/gazenergobank/deposits/ispolnenie-zhelaniy,Нет,Нет,Нет,2025-07-01
3359,180,366,10000.0,100000000.0,17.0,Газэнергобанк,Исполнение желаний,Вклад,3252,https://bankiros.ru/bank/gazenergobank/deposits/ispolnenie-zhelaniy,Нет,Нет,Нет,2025-07-01
3360,367,545,10000.0,100000000.0,16.5,Газэнергобанк,Исполнение желаний,Вклад,3252,https://bankiros.ru/bank/gazenergobank/deposits/ispolnenie-zhelaniy,Нет,Нет,Нет,2025-07-01
3361,546,719,10000.0,100000000.0,16.0,Газэнергобанк,Исполнение желаний,Вклад,3252,https://bankiros.ru/bank/gazenergobank/deposits/ispolnenie-zhelaniy,Нет,Нет,Нет,2025-07-01
3362,720,1079,10000.0,100000000.0,15.5,Газэнергобанк,Исполнение желаний,Вклад,3252,https://bankiros.ru/bank/gazenergobank/deposits/ispolnenie-zhelaniy,Нет,Нет,Нет,2025-07-01
3363,1080,9999,10000.0,100000000.0,14.5,Газэнергобанк,Исполнение желаний,Вклад,3252,https://bankiros.ru/bank/gazenergobank/deposits/ispolnenie-zhelaniy,Нет,Нет,Нет,2025-07-01
3364,30,89,10000.0,3000000.0,6.8,Газэнергобанк,Исполнение желаний+,Вклад,3252,https://bankiros.ru/bank/gazenergobank/deposits/ispolnenie-zelanij-2,Нет,Нет,Нет,2025-07-01
3365,90,179,10000.0,3000000.0,17.0,Газэнергобанк,Исполнение желаний+,Вклад,3252,https://bankiros.ru/bank/gazenergobank/deposits/ispolnenie-zelanij-2,Нет,Нет,Нет,2025-07-01
3366,180,366,10000.0,3000000.0,17.0,Газэнергобанк,Исполнение желаний+,Вклад,3252,https://bankiros.ru/bank/gazenergobank/deposits/ispolnenie-zelanij-2,Нет,Нет,Нет,2025-07-01
3367,367,545,10000.0,3000000.0,16.5,Газэнергобанк,Исполнение желаний+,Вклад,3252,https://bankiros.ru/bank/gazenergobank/deposits/ispolnenie-zelanij-2,Нет,Нет,Нет,2025-07-01
3368,546,719,10000.0,3000000.0,16.0,Газэнергобанк,Исполнение желаний+,Вклад,3252,https://bankiros.ru/bank/gazenergobank/deposits/ispolnenie-zelanij-2,Нет,Нет,Нет,2025-07-01
3369,720,1079,10000.0,3000000.0,15.5,Газэнергобанк,Исполнение желаний+,Вклад,3252,https://bankiros.ru/bank/gazenergobank/deposits/ispolnenie-zelanij-2,Нет,Нет,Нет,2025-07-01
3370,1080,9999,10000.0,3000000.0,14.5,Газэнергобанк,Исполнение желаний+,Вклад,3252,https://bankiros.ru/bank/gazenergobank/deposits/ispolnenie-zelanij-2,Нет,Нет,Нет,2025-07-01
3371,90,9999,10000.0,200000.0,19.0,Газэнергобанк,Максимальный,Вклад,3252,https://bankiros.ru/bank/gazenergobank/deposits/maksimalnyj-14,Нет,Нет,Нет,2025-07-01
3372,90,9999,200001.0,500000.0,19.0,Газэнергобанк,Максимальный,Вклад,3252,https://bankiros.ru/bank/gazenergobank/deposits/maksimalnyj-14,Нет,Нет,Нет,2025-07-01
3373,90,9999,500001.0,700000.0,19.0,Газэнергобанк,Максимальный,Вклад,3252,https://bankiros.ru/bank/gazenergobank/deposits/maksimalnyj-14,Нет,Нет,Нет,2025-07-01
3374,90,9999,700001.0,1000000.0,19.0,Газэнергобанк,Максимальный,Вклад,3252,https://bankiros.ru/bank/gazenergobank/deposits/maksimalnyj-14,Нет,Нет,Нет,2025-07-01
3375,1,30,10000.0,100000000.0,16.0,Газэнергобанк,Обыкновенное чудо,Вклад,3252,https://bankiros.ru/bank/gazenergobank/deposits/obyknovennoe-cudo-3,Нет,Нет,Нет,2025-07-01
3376,31,90,10000.0,100000000.0,15.5,Газэнергобанк,Обыкновенное чудо,Вклад,3252,https://bankiros.ru/bank/gazenergobank/deposits/obyknovennoe-cudo-3,Нет,Нет,Нет,2025-07-01
3377,91,180,10000.0,100000000.0,15.0,Газэнергобанк,Обыкновенное чудо,Вклад,3252,https://bankiros.ru/bank/gazenergobank/deposits/obyknovennoe-cudo-3,Нет,Нет,Нет,2025-07-01
3378,181,270,10000.0,100000000.0,14.0,Газэнергобанк,Обыкновенное чудо,Вклад,3252,https://bankiros.ru/bank/gazenergobank/deposits/obyknovennoe-cudo-3,Нет,Нет,Нет,2025-07-01
3379,271,365,10000.0,100000000.0,13.0,Газэнергобанк,Обыкновенное чудо,Вклад,3252,https://bankiros.ru/bank/gazenergobank/deposits/obyknovennoe-cudo-3,Нет,Нет,Нет,2025-07-01
3380,366,545,10000.0,100000000.0,5.0,Газэнергобанк,Обыкновенное чудо,Вклад,3252,https://bankiros.ru/bank/gazenergobank/deposits/obyknovennoe-cudo-3,Нет,Нет,Нет,2025-07-01
3381,546,720,10000.0,100000000.0,2.0,Газэнергобанк,Обыкновенное чудо,Вклад,3252,https://bankiros.ru/bank/gazenergobank/deposits/obyknovennoe-cudo-3,Нет,Нет,Нет,2025-07-01
3382,1,30,10000.0,100000000.0,15.8,Газэнергобанк,Обыкновенное чудо (с капитализацией),Вклад,3252,https://bankiros.ru/bank/gazenergobank/deposits/obyknovennoe-cudo,Нет,Нет,Нет,2025-07-01
3383,31,90,10000.0,100000000.0,15.3,Газэнергобанк,Обыкновенное чудо (с капитализацией),Вклад,3252,https://bankiros.ru/bank/gazenergobank/deposits/obyknovennoe-cudo,Нет,Нет,Нет,2025-07-01
3384,91,180,10000.0,100000000.0,14.8,Газэнергобанк,Обыкновенное чудо (с капитализацией),Вклад,3252,https://bankiros.ru/bank/gazenergobank/deposits/obyknovennoe-cudo,Нет,Нет,Нет,2025-07-01
3385,181,270,10000.0,100000000.0,13.8,Газэнергобанк,Обыкновенное чудо (с капитализацией),Вклад,3252,https://bankiros.ru/bank/gazenergobank/deposits/obyknovennoe-cudo,Нет,Нет,Нет,2025-07-01
3386,271,365,10000.0,100000000.0,12.8,Газэнергобанк,Обыкновенное чудо (с капитализацией),Вклад,3252,https://bankiros.ru/bank/gazenergobank/deposits/obyknovennoe-cudo,Нет,Нет,Нет,2025-07-01
3387,366,545,10000.0,100000000.0,4.8,Газэнергобанк,Обыкновенное чудо (с капитализацией),Вклад,3252,https://bankiros.ru/bank/gazenergobank/deposits/obyknovennoe-cudo,Нет,Нет,Нет,2025-07-01
3388,546,720,10000.0,100000000.0,2.0,Газэнергобанк,Обыкновенное чудо (с капитализацией),Вклад,3252,https://bankiros.ru/bank/gazenergobank/deposits/obyknovennoe-cudo,Нет,Нет,Нет,2025-07-01
3389,1,90,10000.0,100000.0,14.6,Газэнергобанк,Счастливая монета,Вклад,3252,https://bankiros.ru/bank/gazenergobank/deposits/schastlivaya-moneta-v-dollarah,Есть,Нет,Нет,2025-07-01
3390,1,90,100000.0,700000.0,14.4,Газэнергобанк,Счастливая монета,Вклад,3252,https://bankiros.ru/bank/gazenergobank/deposits/schastlivaya-moneta-v-dollarah,Есть,Нет,Нет,2025-07-01
3391,1,90,700000.0,3000000.0,14.1,Газэнергобанк,Счастливая монета,Вклад,3252,https://bankiros.ru/bank/gazenergobank/deposits/schastlivaya-moneta-v-dollarah,Есть,Нет,Нет,2025-07-01
3392,1,90,3000000.0,10000000.0,13.1,Газэнергобанк,Счастливая монета,Вклад,3252,https://bankiros.ru/bank/gazenergobank/deposits/schastlivaya-moneta-v-dollarah,Есть,Нет,Нет,2025-07-01
3393,1,90,10000000.0,100000000.0,2.25,Газэнергобанк,Счастливая монета,Вклад,3252,https://bankiros.ru/bank/gazenergobank/deposits/schastlivaya-moneta-v-dollarah,Есть,Нет,Нет,2025-07-01
3394,91,180,10000.0,100000.0,14.8,Газэнергобанк,Счастливая монета,Вклад,3252,https://bankiros.ru/bank/gazenergobank/deposits/schastlivaya-moneta-v-dollarah,Есть,Нет,Нет,2025-07-01
3395,91,180,100000.0,700000.0,14.6,Газэнергобанк,Счастливая монета,Вклад,3252,https://bankiros.ru/bank/gazenergobank/deposits/schastlivaya-moneta-v-dollarah,Есть,Нет,Нет,2025-07-01
3396,91,180,700000.0,3000000.0,14.3,Газэнергобанк,Счастливая монета,Вклад,3252,https://bankiros.ru/bank/gazenergobank/deposits/schastlivaya-moneta-v-dollarah,Есть,Нет,Нет,2025-07-01
3397,91,180,3000000.0,10000000.0,13.3,Газэнергобанк,Счастливая монета,Вклад,3252,https://bankiros.ru/bank/gazenergobank/deposits/schastlivaya-moneta-v-dollarah,Есть,Нет,Нет,2025-07-01
3398,91,180,10000000.0,100000000.0,2.25,Газэнергобанк,Счастливая монета,Вклад,3252,https://bankiros.ru/bank/gazenergobank/deposits/schastlivaya-moneta-v-dollarah,Есть,Нет,Нет,2025-07-01
3399,181,270,10000.0,100000.0,15.0,Газэнергобанк,Счастливая монета,Вклад,3252,https://bankiros.ru/bank/gazenergobank/deposits/schastlivaya-moneta-v-dollarah,Есть,Нет,Нет,2025-07-01
3400,181,270,100000.0,700000.0,14.8,Газэнергобанк,Счастливая монета,Вклад,3252,https://bankiros.ru/bank/gazenergobank/deposits/schastlivaya-moneta-v-dollarah,Есть,Нет,Нет,2025-07-01
3401,181,270,700000.0,3000000.0,14.5,Газэнергобанк,Счастливая монета,Вклад,3252,https://bankiros.ru/bank/gazenergobank/deposits/schastlivaya-moneta-v-dollarah,Есть,Нет,Нет,2025-07-01
3402,181,270,3000000.0,10000000.0,13.5,Газэнергобанк,Счастливая монета,Вклад,3252,https://bankiros.ru/bank/gazenergobank/deposits/schastlivaya-moneta-v-dollarah,Есть,Нет,Нет,2025-07-01
3403,181,270,10000000.0,100000000.0,2.25,Газэнергобанк,Счастливая монета,Вклад,3252,https://bankiros.ru/bank/gazenergobank/deposits/schastlivaya-moneta-v-dollarah,Есть,Нет,Нет,2025-07-01
3404,271,360,10000.0,100000.0,15.2,Газэнергобанк,Счастливая монета,Вклад,3252,https://bankiros.ru/bank/gazenergobank/deposits/schastlivaya-moneta-v-dollarah,Есть,Нет,Нет,2025-07-01
3405,271,360,100000.0,700000.0,15.0,Газэнергобанк,Счастливая монета,Вклад,3252,https://bankiros.ru/bank/gazenergobank/deposits/schastlivaya-moneta-v-dollarah,Есть,Нет,Нет,2025-07-01
3406,271,360,700000.0,3000000.0,14.7,Газэнергобанк,Счастливая монета,Вклад,3252,https://bankiros.ru/bank/gazenergobank/deposits/schastlivaya-moneta-v-dollarah,Есть,Нет,Нет,2025-07-01
3407,271,360,3000000.0,10000000.0,13.7,Газэнергобанк,Счастливая монета,Вклад,3252,https://bankiros.ru/bank/gazenergobank/deposits/schastlivaya-moneta-v-dollarah,Есть,Нет,Нет,2025-07-01
3408,271,360,10000000.0,100000000.0,2.25,Газэнергобанк,Счастливая монета,Вклад,3252,https://bankiros.ru/bank/gazenergobank/deposits/schastlivaya-moneta-v-dollarah,Есть,Нет,Нет,2025-07-01
3409,361,1080,10000.0,100000.0,15.4,Газэнергобанк,Счастливая монета,Вклад,3252,https://bankiros.ru/bank/gazenergobank/deposits/schastlivaya-moneta-v-dollarah,Есть,Нет,Нет,2025-07-01
3410,361,1080,100000.0,700000.0,15.2,Газэнергобанк,Счастливая монета,Вклад,3252,https://bankiros.ru/bank/gazenergobank/deposits/schastlivaya-moneta-v-dollarah,Есть,Нет,Нет,2025-07-01
3411,361,1080,700000.0,3000000.0,14.9,Газэнергобанк,Счастливая монета,Вклад,3252,https://bankiros.ru/bank/gazenergobank/deposits/schastlivaya-moneta-v-dollarah,Есть,Нет,Нет,2025-07-01
3412,361,1080,3000000.0,10000000.0,13.9,Газэнергобанк,Счастливая монета,Вклад,3252,https://bankiros.ru/bank/gazenergobank/deposits/schastlivaya-moneta-v-dollarah,Есть,Нет,Нет,2025-07-01
3413,361,1080,10000000.0,100000000.0,2.25,Газэнергобанк,Счастливая монета,Вклад,3252,https://bankiros.ru/bank/gazenergobank/deposits/schastlivaya-moneta-v-dollarah,Есть,Нет,Нет,2025-07-01
3414,30,9999,1.0,1499990.0,16.0,Газэнергобанк,Накопительный счёт «Активный доход»,Накопительный счет,3252,https://bankiros.ru/bank/gazenergobank/deposits/aktivnyj-dohod-3,Есть,Есть,Нет,2025-07-01
3415,30,9999,1500000.0,999999999.0,8.0,Газэнергобанк,Накопительный счёт «Активный доход»,Накопительный счет,3252,https://bankiros.ru/bank/gazenergobank/deposits/aktivnyj-dohod-3,Есть,Есть,Нет,2025-07-01
3416,1,90,10000.0,100000.0,14.4,Газэнергобанк,Счастливая монета (с капитализацией),Вклад,3252,https://bankiros.ru/bank/gazenergobank/deposits/schastlivaya-moneta,Есть,Нет,Нет,2025-07-01
3417,1,90,100000.0,700000.0,14.2,Газэнергобанк,Счастливая монета (с капитализацией),Вклад,3252,https://bankiros.ru/bank/gazenergobank/deposits/schastlivaya-moneta,Есть,Нет,Нет,2025-07-01
3418,1,90,700000.0,3000000.0,13.9,Газэнергобанк,Счастливая монета (с капитализацией),Вклад,3252,https://bankiros.ru/bank/gazenergobank/deposits/schastlivaya-moneta,Есть,Нет,Нет,2025-07-01
3419,1,90,3000000.0,10000000.0,12.9,Газэнергобанк,Счастливая монета (с капитализацией),Вклад,3252,https://bankiros.ru/bank/gazenergobank/deposits/schastlivaya-moneta,Есть,Нет,Нет,2025-07-01
3420,1,90,10000000.0,100000000.0,2.05,Газэнергобанк,Счастливая монета (с капитализацией),Вклад,3252,https://bankiros.ru/bank/gazenergobank/deposits/schastlivaya-moneta,Есть,Нет,Нет,2025-07-01
3421,91,180,10000.0,100000.0,14.6,Газэнергобанк,Счастливая монета (с капитализацией),Вклад,3252,https://bankiros.ru/bank/gazenergobank/deposits/schastlivaya-moneta,Есть,Нет,Нет,2025-07-01
3422,91,180,100000.0,700000.0,14.4,Газэнергобанк,Счастливая монета (с капитализацией),Вклад,3252,https://bankiros.ru/bank/gazenergobank/deposits/schastlivaya-moneta,Есть,Нет,Нет,2025-07-01
3423,91,180,700000.0,3000000.0,14.1,Газэнергобанк,Счастливая монета (с капитализацией),Вклад,3252,https://bankiros.ru/bank/gazenergobank/deposits/schastlivaya-moneta,Есть,Нет,Нет,2025-07-01
3424,91,180,3000000.0,10000000.0,13.1,Газэнергобанк,Счастливая монета (с капитализацией),Вклад,3252,https://bankiros.ru/bank/gazenergobank/deposits/schastlivaya-moneta,Есть,Нет,Нет,2025-07-01
3425,91,180,10000000.0,100000000.0,2.05,Газэнергобанк,Счастливая монета (с капитализацией),Вклад,3252,https://bankiros.ru/bank/gazenergobank/deposits/schastlivaya-moneta,Есть,Нет,Нет,2025-07-01
3426,181,270,10000.0,100000.0,14.8,Газэнергобанк,Счастливая монета (с капитализацией),Вклад,3252,https://bankiros.ru/bank/gazenergobank/deposits/schastlivaya-moneta,Есть,Нет,Нет,2025-07-01
3427,181,270,100000.0,700000.0,14.6,Газэнергобанк,Счастливая монета (с капитализацией),Вклад,3252,https://bankiros.ru/bank/gazenergobank/deposits/schastlivaya-moneta,Есть,Нет,Нет,2025-07-01
3428,181,270,700000.0,3000000.0,14.3,Газэнергобанк,Счастливая монета (с капитализацией),Вклад,3252,https://bankiros.ru/bank/gazenergobank/deposits/schastlivaya-moneta,Есть,Нет,Нет,2025-07-01
3429,181,270,3000000.0,10000000.0,13.3,Газэнергобанк,Счастливая монета (с капитализацией),Вклад,3252,https://bankiros.ru/bank/gazenergobank/deposits/schastlivaya-moneta,Есть,Нет,Нет,2025-07-01
3430,181,270,10000000.0,100000000.0,2.05,Газэнергобанк,Счастливая монета (с капитализацией),Вклад,3252,https://bankiros.ru/bank/gazenergobank/deposits/schastlivaya-moneta,Есть,Нет,Нет,2025-07-01
3431,271,360,10000.0,100000.0,15.0,Газэнергобанк,Счастливая монета (с капитализацией),Вклад,3252,https://bankiros.ru/bank/gazenergobank/deposits/schastlivaya-moneta,Есть,Нет,Нет,2025-07-01
3432,271,360,100000.0,700000.0,14.8,Газэнергобанк,Счастливая монета (с капитализацией),Вклад,3252,https://bankiros.ru/bank/gazenergobank/deposits/schastlivaya-moneta,Есть,Нет,Нет,2025-07-01
3433,271,360,700000.0,3000000.0,14.5,Газэнергобанк,Счастливая монета (с капитализацией),Вклад,3252,https://bankiros.ru/bank/gazenergobank/deposits/schastlivaya-moneta,Есть,Нет,Нет,2025-07-01
3434,271,360,3000000.0,10000000.0,13.5,Газэнергобанк,Счастливая монета (с капитализацией),Вклад,3252,https://bankiros.ru/bank/gazenergobank/deposits/schastlivaya-moneta,Есть,Нет,Нет,2025-07-01
3435,271,360,10000000.0,100000000.0,2.05,Газэнергобанк,Счастливая монета (с капитализацией),Вклад,3252,https://bankiros.ru/bank/gazenergobank/deposits/schastlivaya-moneta,Есть,Нет,Нет,2025-07-01
3436,361,1080,10000.0,100000.0,15.2,Газэнергобанк,Счастливая монета (с капитализацией),Вклад,3252,https://bankiros.ru/bank/gazenergobank/deposits/schastlivaya-moneta,Есть,Нет,Нет,2025-07-01
3437,361,1080,100000.0,700000.0,15.0,Газэнергобанк,Счастливая монета (с капитализацией),Вклад,3252,https://bankiros.ru/bank/gazenergobank/deposits/schastlivaya-moneta,Есть,Нет,Нет,2025-07-01
3438,361,1080,700000.0,3000000.0,14.7,Газэнергобанк,Счастливая монета (с капитализацией),Вклад,3252,https://bankiros.ru/bank/gazenergobank/deposits/schastlivaya-moneta,Есть,Нет,Нет,2025-07-01
3439,361,1080,3000000.0,10000000.0,13.7,Газэнергобанк,Счастливая монета (с капитализацией),Вклад,3252,https://bankiros.ru/bank/gazenergobank/deposits/schastlivaya-moneta,Есть,Нет,Нет,2025-07-01
3440,361,1080,10000000.0,100000000.0,2.05,Газэнергобанк,Счастливая монета (с капитализацией),Вклад,3252,https://bankiros.ru/bank/gazenergobank/deposits/schastlivaya-moneta,Есть,Нет,Нет,2025-07-01
3441,1,9999,5000.0,2000000.0,15.0,Газэнергобанк,Накопительный счёт «Курс на мечту»,Накопительный счет,3252,https://bankiros.ru/bank/gazenergobank/deposits/nakopitelnyj-scet-kurs-na-mectu,Есть,Есть,Нет,2025-07-01
3442,1,9999,2000000.0,999999999.0,10.0,Газэнергобанк,Накопительный счёт «Курс на мечту»,Накопительный счет,3252,https://bankiros.ru/bank/gazenergobank/deposits/nakopitelnyj-scet-kurs-na-mectu,Есть,Есть,Нет,2025-07-01
3443,367,9999,10000.0,100000000.0,14.0,Газэнергобанк,В пользу третьего лица,Вклад,3252,https://bankiros.ru/bank/gazenergobank/deposits/v-polzu-tretego-lica-3,Нет,Нет,Нет,2025-07-01
3444,1,365,1000.0,999999999.0,12.8,Газэнергобанк,Пенсионный (с капитализацией),Вклад,3252,https://bankiros.ru/bank/gazenergobank/deposits/pensionnyj,Есть,Есть,Есть,2025-07-01
3445,366,730,1000.0,999999999.0,2.8,Газэнергобанк,Пенсионный (с капитализацией),Вклад,3252,https://bankiros.ru/bank/gazenergobank/deposits/pensionnyj,Есть,Есть,Есть,2025-07-01
3446,731,1080,1000.0,999999999.0,2.0,Газэнергобанк,Пенсионный (с капитализацией),Вклад,3252,https://bankiros.ru/bank/gazenergobank/deposits/pensionnyj,Есть,Есть,Есть,2025-07-01
3447,1,180,10000.0,100000.0,6.5,Газэнергобанк,Активный счёт,Вклад,3252,https://bankiros.ru/bank/gazenergobank/deposits/aktivnyj-scet,Есть,Есть,Нет,2025-07-01
3448,1,180,100001.0,300000.0,1.0,Газэнергобанк,Активный счёт,Вклад,3252,https://bankiros.ru/bank/gazenergobank/deposits/aktivnyj-scet,Есть,Есть,Нет,2025-07-01
3449,1,180,300001.0,700000.0,6.7,Газэнергобанк,Активный счёт,Вклад,3252,https://bankiros.ru/bank/gazenergobank/deposits/aktivnyj-scet,Есть,Есть,Нет,2025-07-01
3450,1,180,700001.0,1000000.0,1.0,Газэнергобанк,Активный счёт,Вклад,3252,https://bankiros.ru/bank/gazenergobank/deposits/aktivnyj-scet,Есть,Есть,Нет,2025-07-01
3451,1,180,1000010.0,5000000.0,6.8,Газэнергобанк,Активный счёт,Вклад,3252,https://bankiros.ru/bank/gazenergobank/deposits/aktivnyj-scet,Есть,Есть,Нет,2025-07-01
3452,1,180,5000010.0,50000000.0,1.0,Газэнергобанк,Активный счёт,Вклад,3252,https://bankiros.ru/bank/gazenergobank/deposits/aktivnyj-scet,Есть,Есть,Нет,2025-07-01
3453,181,1080,10000.0,100000.0,7.0,Газэнергобанк,Активный счёт,Вклад,3252,https://bankiros.ru/bank/gazenergobank/deposits/aktivnyj-scet,Есть,Есть,Нет,2025-07-01
3454,181,1080,100001.0,300000.0,1.0,Газэнергобанк,Активный счёт,Вклад,3252,https://bankiros.ru/bank/gazenergobank/deposits/aktivnyj-scet,Есть,Есть,Нет,2025-07-01
3455,181,1080,300001.0,700000.0,6.8,Газэнергобанк,Активный счёт,Вклад,3252,https://bankiros.ru/bank/gazenergobank/deposits/aktivnyj-scet,Есть,Есть,Нет,2025-07-01
3456,181,1080,700001.0,1000000.0,1.0,Газэнергобанк,Активный счёт,Вклад,3252,https://bankiros.ru/bank/gazenergobank/deposits/aktivnyj-scet,Есть,Есть,Нет,2025-07-01
3457,181,1080,1000010.0,5000000.0,6.5,Газэнергобанк,Активный счёт,Вклад,3252,https://bankiros.ru/bank/gazenergobank/deposits/aktivnyj-scet,Есть,Есть,Нет,2025-07-01
3458,181,1080,5000010.0,50000000.0,1.0,Газэнергобанк,Активный счёт,Вклад,3252,https://bankiros.ru/bank/gazenergobank/deposits/aktivnyj-scet,Есть,Есть,Нет,2025-07-01
3459,1,180,10000.0,100000.0,6.3,Газэнергобанк,Активный счёт (с капитализацией),Вклад,3252,https://bankiros.ru/bank/gazenergobank/deposits/aktivnyy-schyot,Есть,Есть,Нет,2025-07-01
3460,1,180,100001.0,300000.0,1.0,Газэнергобанк,Активный счёт (с капитализацией),Вклад,3252,https://bankiros.ru/bank/gazenergobank/deposits/aktivnyy-schyot,Есть,Есть,Нет,2025-07-01
3461,1,180,300001.0,700000.0,6.5,Газэнергобанк,Активный счёт (с капитализацией),Вклад,3252,https://bankiros.ru/bank/gazenergobank/deposits/aktivnyy-schyot,Есть,Есть,Нет,2025-07-01
3462,1,180,700001.0,1000000.0,1.0,Газэнергобанк,Активный счёт (с капитализацией),Вклад,3252,https://bankiros.ru/bank/gazenergobank/deposits/aktivnyy-schyot,Есть,Есть,Нет,2025-07-01
3463,1,180,1000010.0,5000000.0,6.6,Газэнергобанк,Активный счёт (с капитализацией),Вклад,3252,https://bankiros.ru/bank/gazenergobank/deposits/aktivnyy-schyot,Есть,Есть,Нет,2025-07-01
3464,1,180,5000010.0,50000000.0,1.0,Газэнергобанк,Активный счёт (с капитализацией),Вклад,3252,https://bankiros.ru/bank/gazenergobank/deposits/aktivnyy-schyot,Есть,Есть,Нет,2025-07-01
3465,181,1080,10000.0,100000.0,6.8,Газэнергобанк,Активный счёт (с капитализацией),Вклад,3252,https://bankiros.ru/bank/gazenergobank/deposits/aktivnyy-schyot,Есть,Есть,Нет,2025-07-01
3466,181,1080,100001.0,300000.0,1.0,Газэнергобанк,Активный счёт (с капитализацией),Вклад,3252,https://bankiros.ru/bank/gazenergobank/deposits/aktivnyy-schyot,Есть,Есть,Нет,2025-07-01
3467,181,1080,300001.0,700000.0,6.6,Газэнергобанк,Активный счёт (с капитализацией),Вклад,3252,https://bankiros.ru/bank/gazenergobank/deposits/aktivnyy-schyot,Есть,Есть,Нет,2025-07-01
3468,181,1080,700001.0,1000000.0,1.0,Газэнергобанк,Активный счёт (с капитализацией),Вклад,3252,https://bankiros.ru/bank/gazenergobank/deposits/aktivnyy-schyot,Есть,Есть,Нет,2025-07-01
3469,181,1080,1000010.0,5000000.0,6.3,Газэнергобанк,Активный счёт (с капитализацией),Вклад,3252,https://bankiros.ru/bank/gazenergobank/deposits/aktivnyy-schyot,Есть,Есть,Нет,2025-07-01
3470,181,1080,5000010.0,50000000.0,1.0,Газэнергобанк,Активный счёт (с капитализацией),Вклад,3252,https://bankiros.ru/bank/gazenergobank/deposits/aktivnyy-schyot,Есть,Есть,Нет,2025-07-01
3471,1,365,1000.0,999999999.0,13.0,Газэнергобанк,Пенсионный,Вклад,3252,https://bankiros.ru/bank/gazenergobank/deposits/pensionnyj-11,Есть,Есть,Есть,2025-07-01
3472,366,730,1000.0,999999999.0,3.0,Газэнергобанк,Пенсионный,Вклад,3252,https://bankiros.ru/bank/gazenergobank/deposits/pensionnyj-11,Есть,Есть,Есть,2025-07-01
3473,731,1080,1000.0,999999999.0,2.0,Газэнергобанк,Пенсионный,Вклад,3252,https://bankiros.ru/bank/gazenergobank/deposits/pensionnyj-11,Есть,Есть,Есть,2025-07-01
3474,91,180,50000.0,999999999.0,15.25,Банк Акцепт,Устойчивый %,Вклад,567,https://bankiros.ru/bank/akcept/deposits/ustoichivyj-protsent,Нет,Нет,Нет,2025-07-01
3475,181,269,50000.0,999999999.0,17.0,Банк Акцепт,Устойчивый %,Вклад,567,https://bankiros.ru/bank/akcept/deposits/ustoichivyj-protsent,Нет,Нет,Нет,2025-07-01
3476,270,366,50000.0,999999999.0,16.0,Банк Акцепт,Устойчивый %,Вклад,567,https://bankiros.ru/bank/akcept/deposits/ustoichivyj-protsent,Нет,Нет,Нет,2025-07-01
3477,367,9999,50000.0,999999999.0,15.25,Банк Акцепт,Устойчивый %,Вклад,567,https://bankiros.ru/bank/akcept/deposits/ustoichivyj-protsent,Нет,Нет,Нет,2025-07-01
3478,30,90,1.0,1000000.0,20.0,Банк Акцепт,Накопительный счет,Накопительный счет,567,https://bankiros.ru/bank/akcept/deposits/nakopitelnyj-scet-220,Есть,Есть,Нет,2025-07-01
3479,91,9999,1.0,1000000.0,13.0,Банк Акцепт,Накопительный счет,Накопительный счет,567,https://bankiros.ru/bank/akcept/deposits/nakopitelnyj-scet-220,Есть,Есть,Нет,2025-07-01
3480,181,269,5000.0,999999999.0,16.0,Банк Акцепт,Пенсионный,Вклад,567,https://bankiros.ru/bank/akcept/deposits/pensionnyj-ezekvartalno,Есть,Есть,Есть,2025-07-01
3481,270,366,5000.0,999999999.0,17.0,Банк Акцепт,Пенсионный,Вклад,567,https://bankiros.ru/bank/akcept/deposits/pensionnyj-ezekvartalno,Есть,Есть,Есть,2025-07-01
3482,367,732,5000.0,999999999.0,15.8,Банк Акцепт,Пенсионный,Вклад,567,https://bankiros.ru/bank/akcept/deposits/pensionnyj-ezekvartalno,Есть,Есть,Есть,2025-07-01
3483,733,9999,5000.0,999999999.0,8.8,Банк Акцепт,Пенсионный,Вклад,567,https://bankiros.ru/bank/akcept/deposits/pensionnyj-ezekvartalno,Есть,Есть,Есть,2025-07-01
3484,1850,9999,10000.0,4999999.0,13.0,Банк Акцепт,Удобный,Вклад,567,https://bankiros.ru/bank/akcept/deposits/udobny,Есть,Есть,Есть,2025-07-01
3485,1850,9999,5000000.0,999999999.0,14.0,Банк Акцепт,Удобный,Вклад,567,https://bankiros.ru/bank/akcept/deposits/udobny,Есть,Есть,Есть,2025-07-01
3486,31,90,1000.0,500000.0,16.25,Держава,Классика (выплата в конце срока),Вклад,2738,https://bankiros.ru/bank/derzhava/deposits/klassika-3,Нет,Нет,Есть,2025-07-01
3487,31,90,500001.0,15000000.0,16.5,Держава,Классика (выплата в конце срока),Вклад,2738,https://bankiros.ru/bank/derzhava/deposits/klassika-3,Нет,Нет,Есть,2025-07-01
3488,31,90,15000100.0,999999999.0,15.5,Держава,Классика (выплата в конце срока),Вклад,2738,https://bankiros.ru/bank/derzhava/deposits/klassika-3,Нет,Нет,Есть,2025-07-01
3489,91,180,1000.0,500000.0,16.5,Держава,Классика (выплата в конце срока),Вклад,2738,https://bankiros.ru/bank/derzhava/deposits/klassika-3,Нет,Нет,Есть,2025-07-01
3490,91,180,500001.0,15000000.0,16.75,Держава,Классика (выплата в конце срока),Вклад,2738,https://bankiros.ru/bank/derzhava/deposits/klassika-3,Нет,Нет,Есть,2025-07-01
3491,91,180,15000100.0,999999999.0,15.75,Держава,Классика (выплата в конце срока),Вклад,2738,https://bankiros.ru/bank/derzhava/deposits/klassika-3,Нет,Нет,Есть,2025-07-01
3492,181,365,1000.0,500000.0,16.8,Держава,Классика (выплата в конце срока),Вклад,2738,https://bankiros.ru/bank/derzhava/deposits/klassika-3,Нет,Нет,Есть,2025-07-01
3493,181,365,500001.0,15000000.0,17.0,Держава,Классика (выплата в конце срока),Вклад,2738,https://bankiros.ru/bank/derzhava/deposits/klassika-3,Нет,Нет,Есть,2025-07-01
3494,181,365,15000100.0,999999999.0,16.0,Держава,Классика (выплата в конце срока),Вклад,2738,https://bankiros.ru/bank/derzhava/deposits/klassika-3,Нет,Нет,Есть,2025-07-01
3495,367,9999,30000.0,999999999.0,16.0,Держава,Мобильный,Вклад,2738,https://bankiros.ru/bank/derzhava/deposits/mobilnyj-15,Есть,Нет,Нет,2025-07-01
3496,31,90,1000.0,500000.0,15.15,Держава,Классика (выплата ежемесячно),Вклад,2738,https://bankiros.ru/bank/derzhava/deposits/klassika-vyplata-ezemesacno,Нет,Нет,Есть,2025-07-01
3497,31,90,500001.0,15000000.0,15.35,Держава,Классика (выплата ежемесячно),Вклад,2738,https://bankiros.ru/bank/derzhava/deposits/klassika-vyplata-ezemesacno,Нет,Нет,Есть,2025-07-01
3498,31,90,15000100.0,999999999.0,14.5,Держава,Классика (выплата ежемесячно),Вклад,2738,https://bankiros.ru/bank/derzhava/deposits/klassika-vyplata-ezemesacno,Нет,Нет,Есть,2025-07-01
3499,91,180,1000.0,500000.0,15.35,Держава,Классика (выплата ежемесячно),Вклад,2738,https://bankiros.ru/bank/derzhava/deposits/klassika-vyplata-ezemesacno,Нет,Нет,Есть,2025-07-01
3500,91,180,500001.0,15000000.0,15.6,Держава,Классика (выплата ежемесячно),Вклад,2738,https://bankiros.ru/bank/derzhava/deposits/klassika-vyplata-ezemesacno,Нет,Нет,Есть,2025-07-01
3501,91,180,15000100.0,999999999.0,14.7,Держава,Классика (выплата ежемесячно),Вклад,2738,https://bankiros.ru/bank/derzhava/deposits/klassika-vyplata-ezemesacno,Нет,Нет,Есть,2025-07-01
3502,181,365,1000.0,500000.0,15.65,Держава,Классика (выплата ежемесячно),Вклад,2738,https://bankiros.ru/bank/derzhava/deposits/klassika-vyplata-ezemesacno,Нет,Нет,Есть,2025-07-01
3503,181,365,500001.0,15000000.0,15.8,Держава,Классика (выплата ежемесячно),Вклад,2738,https://bankiros.ru/bank/derzhava/deposits/klassika-vyplata-ezemesacno,Нет,Нет,Есть,2025-07-01
3504,181,365,15000100.0,999999999.0,14.95,Держава,Классика (выплата ежемесячно),Вклад,2738,https://bankiros.ru/bank/derzhava/deposits/klassika-vyplata-ezemesacno,Нет,Нет,Есть,2025-07-01
3505,181,366,90000.0,499999.0,14.2,Держава,Универсальный,Вклад,2738,https://bankiros.ru/bank/derzhava/deposits/universalnyj-22,Есть,Есть,Есть,2025-07-01
3506,181,366,500000.0,999999999.0,13.2,Держава,Универсальный,Вклад,2738,https://bankiros.ru/bank/derzhava/deposits/universalnyj-22,Есть,Есть,Есть,2025-07-01
3507,367,9999,90000.0,499999.0,14.5,Держава,Универсальный,Вклад,2738,https://bankiros.ru/bank/derzhava/deposits/universalnyj-22,Есть,Есть,Есть,2025-07-01
3508,367,9999,500000.0,999999999.0,13.5,Держава,Универсальный,Вклад,2738,https://bankiros.ru/bank/derzhava/deposits/universalnyj-22,Есть,Есть,Есть,2025-07-01
3509,1000,9999,1000.0,999999999.0,17.0,Контур.Банк (бывш. Банк Екатеринбург),Удобный,Вклад,3161,https://bankiros.ru/bank/emb/deposits/udobnyj-97,Есть,Есть,Есть,2025-07-01
3510,60,9999,1000.0,999999999.0,17.0,Татсоцбанк,Радужный,Вклад,480,https://bankiros.ru/bank/tatsotsbank/deposits/raduznyj,Есть,Есть,Есть,2025-07-01
3511,91,180,50000.0,999999.0,6.25,Татсоцбанк,Тропическая жара,Вклад,480,https://bankiros.ru/bank/tatsotsbank/deposits/tropiceskaa-zara,Нет,Нет,Нет,2025-07-01
3512,91,180,1000000.0,999999999.0,6.75,Татсоцбанк,Тропическая жара,Вклад,480,https://bankiros.ru/bank/tatsotsbank/deposits/tropiceskaa-zara,Нет,Нет,Нет,2025-07-01
3513,181,366,50000.0,999999.0,7.0,Татсоцбанк,Тропическая жара,Вклад,480,https://bankiros.ru/bank/tatsotsbank/deposits/tropiceskaa-zara,Нет,Нет,Нет,2025-07-01
3514,181,366,1000000.0,999999999.0,7.25,Татсоцбанк,Тропическая жара,Вклад,480,https://bankiros.ru/bank/tatsotsbank/deposits/tropiceskaa-zara,Нет,Нет,Нет,2025-07-01
3515,367,731,50000.0,999999.0,7.75,Татсоцбанк,Тропическая жара,Вклад,480,https://bankiros.ru/bank/tatsotsbank/deposits/tropiceskaa-zara,Нет,Нет,Нет,2025-07-01
3516,367,731,1000000.0,999999999.0,6.75,Татсоцбанк,Тропическая жара,Вклад,480,https://bankiros.ru/bank/tatsotsbank/deposits/tropiceskaa-zara,Нет,Нет,Нет,2025-07-01
3517,732,1096,50000.0,999999.0,7.25,Татсоцбанк,Тропическая жара,Вклад,480,https://bankiros.ru/bank/tatsotsbank/deposits/tropiceskaa-zara,Нет,Нет,Нет,2025-07-01
3518,732,1096,1000000.0,999999999.0,7.5,Татсоцбанк,Тропическая жара,Вклад,480,https://bankiros.ru/bank/tatsotsbank/deposits/tropiceskaa-zara,Нет,Нет,Нет,2025-07-01
3519,1097,9999,50000.0,999999.0,7.75,Татсоцбанк,Тропическая жара,Вклад,480,https://bankiros.ru/bank/tatsotsbank/deposits/tropiceskaa-zara,Нет,Нет,Нет,2025-07-01
3520,1097,9999,1000000.0,999999999.0,8.0,Татсоцбанк,Тропическая жара,Вклад,480,https://bankiros.ru/bank/tatsotsbank/deposits/tropiceskaa-zara,Нет,Нет,Нет,2025-07-01
3521,750,9999,50000.0,999999999.0,7.75,Татсоцбанк,Ромашки,Вклад,480,https://bankiros.ru/bank/tatsotsbank/deposits/romaski,Есть,Есть,Нет,2025-07-01
3522,1,31,5000000.0,999999999.0,0.01,Татсоцбанк,Больше возможностей,Вклад,480,https://bankiros.ru/bank/tatsotsbank/deposits/bolse-vozmoznostej,Есть,Есть,Нет,2025-07-01
3523,32,90,5000000.0,999999999.0,1.5,Татсоцбанк,Больше возможностей,Вклад,480,https://bankiros.ru/bank/tatsotsbank/deposits/bolse-vozmoznostej,Есть,Есть,Нет,2025-07-01
3524,91,180,5000000.0,999999999.0,1.75,Татсоцбанк,Больше возможностей,Вклад,480,https://bankiros.ru/bank/tatsotsbank/deposits/bolse-vozmoznostej,Есть,Есть,Нет,2025-07-01
3525,181,276,5000000.0,999999999.0,3.25,Татсоцбанк,Больше возможностей,Вклад,480,https://bankiros.ru/bank/tatsotsbank/deposits/bolse-vozmoznostej,Есть,Есть,Нет,2025-07-01
3526,277,371,5000000.0,999999999.0,4.25,Татсоцбанк,Больше возможностей,Вклад,480,https://bankiros.ru/bank/tatsotsbank/deposits/bolse-vozmoznostej,Есть,Есть,Нет,2025-07-01
3527,372,9999,5000000.0,999999999.0,7.25,Татсоцбанк,Больше возможностей,Вклад,480,https://bankiros.ru/bank/tatsotsbank/deposits/bolse-vozmoznostej,Есть,Есть,Нет,2025-07-01
3528,1,30,1000000.0,999999999.0,0.01,Татсоцбанк,Капитальное вложение,Вклад,480,https://bankiros.ru/bank/tatsotsbank/deposits/kapitalnoe-vlozenie,Есть,Есть,Нет,2025-07-01
3529,31,90,1000000.0,999999999.0,1.5,Татсоцбанк,Капитальное вложение,Вклад,480,https://bankiros.ru/bank/tatsotsbank/deposits/kapitalnoe-vlozenie,Есть,Есть,Нет,2025-07-01
3530,91,180,1000000.0,999999999.0,1.75,Татсоцбанк,Капитальное вложение,Вклад,480,https://bankiros.ru/bank/tatsotsbank/deposits/kapitalnoe-vlozenie,Есть,Есть,Нет,2025-07-01
3531,181,276,1000000.0,999999999.0,3.25,Татсоцбанк,Капитальное вложение,Вклад,480,https://bankiros.ru/bank/tatsotsbank/deposits/kapitalnoe-vlozenie,Есть,Есть,Нет,2025-07-01
3532,277,371,1000000.0,999999999.0,4.25,Татсоцбанк,Капитальное вложение,Вклад,480,https://bankiros.ru/bank/tatsotsbank/deposits/kapitalnoe-vlozenie,Есть,Есть,Нет,2025-07-01
3533,372,9999,1000000.0,999999999.0,7.0,Татсоцбанк,Капитальное вложение,Вклад,480,https://bankiros.ru/bank/tatsotsbank/deposits/kapitalnoe-vlozenie,Есть,Есть,Нет,2025-07-01
3534,30,59,100000.0,999999999.0,15.0,Агора,с ежемесячными выплатами,Вклад,3231,https://bankiros.ru/bank/agora/deposits/vklad-s-ezemesacnymi-vyplatami,Нет,Нет,Нет,2025-07-01
3535,60,90,100000.0,999999999.0,16.0,Агора,с ежемесячными выплатами,Вклад,3231,https://bankiros.ru/bank/agora/deposits/vklad-s-ezemesacnymi-vyplatami,Нет,Нет,Нет,2025-07-01
3536,91,179,100000.0,999999999.0,16.5,Агора,с ежемесячными выплатами,Вклад,3231,https://bankiros.ru/bank/agora/deposits/vklad-s-ezemesacnymi-vyplatami,Нет,Нет,Нет,2025-07-01
3537,180,9999,100000.0,999999999.0,17.0,Агора,с ежемесячными выплатами,Вклад,3231,https://bankiros.ru/bank/agora/deposits/vklad-s-ezemesacnymi-vyplatami,Нет,Нет,Нет,2025-07-01
3538,365,9999,500000.0,5000000.0,16.0,Агора,на год,Вклад,3231,https://bankiros.ru/bank/agora/deposits/vklad,Нет,Нет,Нет,2025-07-01
3539,365,9999,500000.0,5000000.0,15.0,Агора,с капитализацией,Вклад,3231,https://bankiros.ru/bank/agora/deposits/vklad-s-kapitalizaciej,Нет,Нет,Нет,2025-07-01
3540,181,366,30000.0,999999999.0,14.0,Кредит Урал Банк,КУБ-Доход+,Вклад,2584,https://bankiros.ru/bank/credituralbank/deposits/kub-dohod,Нет,Нет,Нет,2025-07-01
3541,367,9999,30000.0,999999999.0,17.0,Кредит Урал Банк,КУБ-Доход+,Вклад,2584,https://bankiros.ru/bank/credituralbank/deposits/kub-dohod,Нет,Нет,Нет,2025-07-01
3542,90,180,5000.0,29999.0,,Кредит Урал Банк,КУБ-Максимум,Вклад,2584,https://bankiros.ru/bank/credituralbank/deposits/kub-maksimum,Нет,Нет,Нет,2025-07-01
3543,90,180,30000.0,999999999.0,,Кредит Урал Банк,КУБ-Максимум,Вклад,2584,https://bankiros.ru/bank/credituralbank/deposits/kub-maksimum,Нет,Нет,Нет,2025-07-01
3544,181,366,5000.0,29999.0,11.5,Кредит Урал Банк,КУБ-Максимум,Вклад,2584,https://bankiros.ru/bank/credituralbank/deposits/kub-maksimum,Нет,Нет,Нет,2025-07-01
3545,181,366,30000.0,999999999.0,15.25,Кредит Урал Банк,КУБ-Максимум,Вклад,2584,https://bankiros.ru/bank/credituralbank/deposits/kub-maksimum,Нет,Нет,Нет,2025-07-01
3546,367,9999,5000.0,29999.0,16.5,Кредит Урал Банк,КУБ-Максимум,Вклад,2584,https://bankiros.ru/bank/credituralbank/deposits/kub-maksimum,Нет,Нет,Нет,2025-07-01
3547,367,9999,30000.0,999999999.0,,Кредит Урал Банк,КУБ-Максимум,Вклад,2584,https://bankiros.ru/bank/credituralbank/deposits/kub-maksimum,Нет,Нет,Нет,2025-07-01
3548,1,9999,0.0,999999999.0,7.76,Кредит Урал Банк,Пенсионный,Вклад,2584,https://bankiros.ru/bank/credituralbank/deposits/vkladscet-pensionnyj,Есть,Есть,Есть,2025-07-01
3549,1,9999,10.0,999999999.0,0.01,Кредит Урал Банк,Пенсионный,Вклад,2584,https://bankiros.ru/bank/credituralbank/deposits/vkladscet-pensionnyj,Есть,Есть,Есть,2025-07-01
3550,1,90,60000.0,999999999.0,5.3,Кредит Урал Банк,КУБ-Управляемый,Вклад,2584,https://bankiros.ru/bank/credituralbank/deposits/kub-upravlaemyj,Есть,Есть,Нет,2025-07-01
3551,91,1100,60000.0,999999999.0,4.0,Кредит Урал Банк,КУБ-Управляемый,Вклад,2584,https://bankiros.ru/bank/credituralbank/deposits/kub-upravlaemyj,Есть,Есть,Нет,2025-07-01
3552,30,1100,10.0,999999999.0,2.0,Кредит Урал Банк,Пенсионный сберегательный,Вклад,2584,https://bankiros.ru/bank/credituralbank/deposits/pensionnyj-sberegatelnyj-3,Есть,Есть,Есть,2025-07-01
3553,1,9999,1.0,1500000.0,16.0,Севергазбанк,Накопительный счет,Накопительный счет,2816,https://bankiros.ru/bank/severgazbank/deposits/nakopitelnyj-scet-124,Есть,Есть,Нет,2025-07-01
3554,1,9999,1500010.0,999999999.0,11.0,Севергазбанк,Накопительный счет,Накопительный счет,2816,https://bankiros.ru/bank/severgazbank/deposits/nakopitelnyj-scet-124,Есть,Есть,Нет,2025-07-01
3555,30,89,10000.0,1400000.0,13.0,РБА Банк,Классический,Вклад,3413,https://bankiros.ru/bank/rbabank/deposits/klassiceskij-21,Нет,Нет,Нет,2025-07-01
3556,30,89,1400010.0,999999999.0,13.5,РБА Банк,Классический,Вклад,3413,https://bankiros.ru/bank/rbabank/deposits/klassiceskij-21,Нет,Нет,Нет,2025-07-01
3557,90,179,10000.0,1400000.0,15.0,РБА Банк,Классический,Вклад,3413,https://bankiros.ru/bank/rbabank/deposits/klassiceskij-21,Нет,Нет,Нет,2025-07-01
3558,90,179,1400010.0,999999999.0,13.0,РБА Банк,Классический,Вклад,3413,https://bankiros.ru/bank/rbabank/deposits/klassiceskij-21,Нет,Нет,Нет,2025-07-01
3559,180,364,10000.0,1400000.0,14.0,РБА Банк,Классический,Вклад,3413,https://bankiros.ru/bank/rbabank/deposits/klassiceskij-21,Нет,Нет,Нет,2025-07-01
3560,180,364,1400010.0,999999999.0,14.5,РБА Банк,Классический,Вклад,3413,https://bankiros.ru/bank/rbabank/deposits/klassiceskij-21,Нет,Нет,Нет,2025-07-01
3561,365,9999,10000.0,1400000.0,16.0,РБА Банк,Классический,Вклад,3413,https://bankiros.ru/bank/rbabank/deposits/klassiceskij-21,Нет,Нет,Нет,2025-07-01
3562,365,9999,1400010.0,999999999.0,14.0,РБА Банк,Классический,Вклад,3413,https://bankiros.ru/bank/rbabank/deposits/klassiceskij-21,Нет,Нет,Нет,2025-07-01
3563,1,9999,10.0,999999999.0,0.5,РБА Банк,До востребования,Вклад,3413,https://bankiros.ru/bank/rbabank/deposits/do-vostrebovania-211,Есть,Нет,Нет,2025-07-01
3564,31,40,10000.0,999999999.0,16.0,Сервис Резерв,Компенсационный,Вклад,2034,https://bankiros.ru/bank/srbank/deposits/kompensacionnyj,Нет,Нет,Нет,2025-07-01
3565,181,365,10000.0,999999999.0,15.0,Сервис Резерв,Срочный,Вклад,2034,https://bankiros.ru/bank/srbank/deposits/srocnyj-28,Нет,Нет,Нет,2025-07-01
3566,366,9999,10000.0,999999999.0,12.0,Сервис Резерв,Срочный,Вклад,2034,https://bankiros.ru/bank/srbank/deposits/srocnyj-28,Нет,Нет,Нет,2025-07-01
3567,181,365,1000000.0,999999999.0,13.0,Сервис Резерв,C ежемесячной капитализацией процентов,Вклад,2034,https://bankiros.ru/bank/srbank/deposits/c-ezemesacnoj-kapitalizaciej-procentov,Нет,Нет,Нет,2025-07-01
3568,181,365,10000.0,999999999.0,13.0,Сервис Резерв,Пополняемый,Вклад,2034,https://bankiros.ru/bank/srbank/deposits/popolnaemyj-33,Есть,Нет,Нет,2025-07-01
3569,91,180,30000.0,30000000.0,16.0,Эс-Би-Ай Банк (SBI Bank),Классика,Вклад,3185,https://bankiros.ru/bank/sbibank/deposits/klassika-10,Нет,Нет,Есть,2025-07-01
3570,181,366,30000.0,30000000.0,14.0,Эс-Би-Ай Банк (SBI Bank),Классика,Вклад,3185,https://bankiros.ru/bank/sbibank/deposits/klassika-10,Нет,Нет,Есть,2025-07-01
3571,367,547,30000.0,30000000.0,6.0,Эс-Би-Ай Банк (SBI Bank),Классика,Вклад,3185,https://bankiros.ru/bank/sbibank/deposits/klassika-10,Нет,Нет,Есть,2025-07-01
3572,548,729,30000.0,30000000.0,6.0,Эс-Би-Ай Банк (SBI Bank),Классика,Вклад,3185,https://bankiros.ru/bank/sbibank/deposits/klassika-10,Нет,Нет,Есть,2025-07-01
3573,730,9999,30000.0,30000000.0,6.0,Эс-Би-Ай Банк (SBI Bank),Классика,Вклад,3185,https://bankiros.ru/bank/sbibank/deposits/klassika-10,Нет,Нет,Есть,2025-07-01
3574,91,180,30000.0,30000000.0,14.26,Эс-Би-Ай Банк (SBI Bank),Капитал,Вклад,3185,https://bankiros.ru/bank/sbibank/deposits/kapital-45,Есть,Нет,Есть,2025-07-01
3575,181,366,30000.0,30000000.0,12.31,Эс-Би-Ай Банк (SBI Bank),Капитал,Вклад,3185,https://bankiros.ru/bank/sbibank/deposits/kapital-45,Есть,Нет,Есть,2025-07-01
3576,367,547,30000.0,30000000.0,3.74,Эс-Би-Ай Банк (SBI Bank),Капитал,Вклад,3185,https://bankiros.ru/bank/sbibank/deposits/kapital-45,Есть,Нет,Есть,2025-07-01
3577,548,729,30000.0,30000000.0,3.39,Эс-Би-Ай Банк (SBI Bank),Капитал,Вклад,3185,https://bankiros.ru/bank/sbibank/deposits/kapital-45,Есть,Нет,Есть,2025-07-01
3578,730,9999,30000.0,30000000.0,3.06,Эс-Би-Ай Банк (SBI Bank),Капитал,Вклад,3185,https://bankiros.ru/bank/sbibank/deposits/kapital-45,Есть,Нет,Есть,2025-07-01
3579,91,180,30000.0,30000000.0,14.0,Эс-Би-Ай Банк (SBI Bank),Подвижный,Вклад,3185,https://bankiros.ru/bank/sbibank/deposits/podviznyj,Есть,Есть,Есть,2025-07-01
3580,181,366,30000.0,30000000.0,12.0,Эс-Би-Ай Банк (SBI Bank),Подвижный,Вклад,3185,https://bankiros.ru/bank/sbibank/deposits/podviznyj,Есть,Есть,Есть,2025-07-01
3581,367,547,30000.0,30000000.0,4.0,Эс-Би-Ай Банк (SBI Bank),Подвижный,Вклад,3185,https://bankiros.ru/bank/sbibank/deposits/podviznyj,Есть,Есть,Есть,2025-07-01
3582,548,729,30000.0,30000000.0,4.0,Эс-Би-Ай Банк (SBI Bank),Подвижный,Вклад,3185,https://bankiros.ru/bank/sbibank/deposits/podviznyj,Есть,Есть,Есть,2025-07-01
3583,730,9999,30000.0,30000000.0,4.0,Эс-Би-Ай Банк (SBI Bank),Подвижный,Вклад,3185,https://bankiros.ru/bank/sbibank/deposits/podviznyj,Есть,Есть,Есть,2025-07-01
3584,30,59,1000.0,999999999.0,12.0,НБД-Банк,Накопительный,Накопительный счет,1966,https://bankiros.ru/bank/nbd-bank/deposits/nakopitelnyj-4,Есть,Нет,Есть,2025-07-01
3585,60,89,1000.0,999999999.0,14.75,НБД-Банк,Накопительный,Накопительный счет,1966,https://bankiros.ru/bank/nbd-bank/deposits/nakopitelnyj-4,Есть,Нет,Есть,2025-07-01
3586,90,119,1000.0,999999999.0,15.5,НБД-Банк,Накопительный,Накопительный счет,1966,https://bankiros.ru/bank/nbd-bank/deposits/nakopitelnyj-4,Есть,Нет,Есть,2025-07-01
3587,120,179,1000.0,999999999.0,15.5,НБД-Банк,Накопительный,Накопительный счет,1966,https://bankiros.ru/bank/nbd-bank/deposits/nakopitelnyj-4,Есть,Нет,Есть,2025-07-01
3588,180,269,1000.0,999999999.0,15.5,НБД-Банк,Накопительный,Накопительный счет,1966,https://bankiros.ru/bank/nbd-bank/deposits/nakopitelnyj-4,Есть,Нет,Есть,2025-07-01
3589,270,364,1000.0,999999999.0,15.5,НБД-Банк,Накопительный,Накопительный счет,1966,https://bankiros.ru/bank/nbd-bank/deposits/nakopitelnyj-4,Есть,Нет,Есть,2025-07-01
3590,365,539,1000.0,999999999.0,15.0,НБД-Банк,Накопительный,Накопительный счет,1966,https://bankiros.ru/bank/nbd-bank/deposits/nakopitelnyj-4,Есть,Нет,Есть,2025-07-01
3591,540,729,1000.0,999999999.0,12.0,НБД-Банк,Накопительный,Накопительный счет,1966,https://bankiros.ru/bank/nbd-bank/deposits/nakopitelnyj-4,Есть,Нет,Есть,2025-07-01
3592,730,1084,1000.0,999999999.0,12.0,НБД-Банк,Накопительный,Накопительный счет,1966,https://bankiros.ru/bank/nbd-bank/deposits/nakopitelnyj-4,Есть,Нет,Есть,2025-07-01
3593,1085,9999,1000.0,999999999.0,13.0,НБД-Банк,Накопительный,Накопительный счет,1966,https://bankiros.ru/bank/nbd-bank/deposits/nakopitelnyj-4,Есть,Нет,Есть,2025-07-01
3594,30,59,1000.0,999999999.0,11.75,НБД-Банк,Доходный,Вклад,1966,https://bankiros.ru/bank/nbd-bank/deposits/dohodnyj-6,Есть,Нет,Есть,2025-07-01
3595,60,89,1000.0,999999999.0,14.5,НБД-Банк,Доходный,Вклад,1966,https://bankiros.ru/bank/nbd-bank/deposits/dohodnyj-6,Есть,Нет,Есть,2025-07-01
3596,90,119,1000.0,999999999.0,15.25,НБД-Банк,Доходный,Вклад,1966,https://bankiros.ru/bank/nbd-bank/deposits/dohodnyj-6,Есть,Нет,Есть,2025-07-01
3597,120,179,1000.0,999999999.0,15.2,НБД-Банк,Доходный,Вклад,1966,https://bankiros.ru/bank/nbd-bank/deposits/dohodnyj-6,Есть,Нет,Есть,2025-07-01
3598,180,269,1000.0,999999999.0,15.0,НБД-Банк,Доходный,Вклад,1966,https://bankiros.ru/bank/nbd-bank/deposits/dohodnyj-6,Есть,Нет,Есть,2025-07-01
3599,270,364,1000.0,999999999.0,14.75,НБД-Банк,Доходный,Вклад,1966,https://bankiros.ru/bank/nbd-bank/deposits/dohodnyj-6,Есть,Нет,Есть,2025-07-01
3600,365,539,1000.0,999999999.0,14.0,НБД-Банк,Доходный,Вклад,1966,https://bankiros.ru/bank/nbd-bank/deposits/dohodnyj-6,Есть,Нет,Есть,2025-07-01
3601,540,729,1000.0,999999999.0,11.75,НБД-Банк,Доходный,Вклад,1966,https://bankiros.ru/bank/nbd-bank/deposits/dohodnyj-6,Есть,Нет,Есть,2025-07-01
3602,730,1094,1000.0,999999999.0,11.75,НБД-Банк,Доходный,Вклад,1966,https://bankiros.ru/bank/nbd-bank/deposits/dohodnyj-6,Есть,Нет,Есть,2025-07-01
3603,1095,9999,1000.0,999999999.0,12.75,НБД-Банк,Доходный,Вклад,1966,https://bankiros.ru/bank/nbd-bank/deposits/dohodnyj-6,Есть,Нет,Есть,2025-07-01
3604,180,9999,50000.0,149999.0,11.5,НБД-Банк,Удобный,Вклад,1966,https://bankiros.ru/bank/nbd-bank/deposits/udobnyj-6,Есть,Есть,Есть,2025-07-01
3605,180,9999,150000.0,499999.0,11.75,НБД-Банк,Удобный,Вклад,1966,https://bankiros.ru/bank/nbd-bank/deposits/udobnyj-6,Есть,Есть,Есть,2025-07-01
3606,180,9999,500000.0,999999999.0,11.0,НБД-Банк,Удобный,Вклад,1966,https://bankiros.ru/bank/nbd-bank/deposits/udobnyj-6,Есть,Есть,Есть,2025-07-01
3607,30,60,1000.0,999999999.0,13.55,Муниципальный Камчатпрофитбанк,Петропавловск,Вклад,2103,https://bankiros.ru/bank/mkpb/deposits/petropavlovsk,Нет,Нет,Есть,2025-07-01
3608,61,90,1000.0,999999999.0,10.2,Муниципальный Камчатпрофитбанк,Петропавловск,Вклад,2103,https://bankiros.ru/bank/mkpb/deposits/petropavlovsk,Нет,Нет,Есть,2025-07-01
3609,91,121,1000.0,999999999.0,15.25,Муниципальный Камчатпрофитбанк,Петропавловск,Вклад,2103,https://bankiros.ru/bank/mkpb/deposits/petropavlovsk,Нет,Нет,Есть,2025-07-01
3610,122,151,1000.0,999999999.0,7.0,Муниципальный Камчатпрофитбанк,Петропавловск,Вклад,2103,https://bankiros.ru/bank/mkpb/deposits/petropavlovsk,Нет,Нет,Есть,2025-07-01
3611,152,180,1000.0,999999999.0,7.0,Муниципальный Камчатпрофитбанк,Петропавловск,Вклад,2103,https://bankiros.ru/bank/mkpb/deposits/petropavlovsk,Нет,Нет,Есть,2025-07-01
3612,181,273,1000.0,999999999.0,15.25,Муниципальный Камчатпрофитбанк,Петропавловск,Вклад,2103,https://bankiros.ru/bank/mkpb/deposits/petropavlovsk,Нет,Нет,Есть,2025-07-01
3613,274,364,1000.0,999999999.0,13.4,Муниципальный Камчатпрофитбанк,Петропавловск,Вклад,2103,https://bankiros.ru/bank/mkpb/deposits/petropavlovsk,Нет,Нет,Есть,2025-07-01
3614,365,394,1000.0,999999999.0,14.05,Муниципальный Камчатпрофитбанк,Петропавловск,Вклад,2103,https://bankiros.ru/bank/mkpb/deposits/petropavlovsk,Нет,Нет,Есть,2025-07-01
3615,395,729,1000.0,999999999.0,7.7,Муниципальный Камчатпрофитбанк,Петропавловск,Вклад,2103,https://bankiros.ru/bank/mkpb/deposits/petropavlovsk,Нет,Нет,Есть,2025-07-01
3616,730,1094,1000.0,999999999.0,9.8,Муниципальный Камчатпрофитбанк,Петропавловск,Вклад,2103,https://bankiros.ru/bank/mkpb/deposits/petropavlovsk,Нет,Нет,Есть,2025-07-01
3617,1095,9999,1000.0,999999999.0,12.6,Муниципальный Камчатпрофитбанк,Петропавловск,Вклад,2103,https://bankiros.ru/bank/mkpb/deposits/petropavlovsk,Нет,Нет,Есть,2025-07-01
3618,181,394,10000.0,999999999.0,14.05,Муниципальный Камчатпрофитбанк,Пенсионный Доходный,Вклад,2103,https://bankiros.ru/bank/mkpb/deposits/pensionnyj-dohodnyj-2,Есть,Нет,Нет,2025-07-01
3619,395,9999,10000.0,999999999.0,13.25,Муниципальный Камчатпрофитбанк,Пенсионный Доходный,Вклад,2103,https://bankiros.ru/bank/mkpb/deposits/pensionnyj-dohodnyj-2,Есть,Нет,Нет,2025-07-01
3620,30,60,5000.0,199999.0,5.3,Муниципальный Камчатпрофитбанк,Комфортный,Вклад,2103,https://bankiros.ru/bank/mkpb/deposits/komfortnyj-21,Есть,Нет,Есть,2025-07-01
3621,30,60,200000.0,999999999.0,6.7,Муниципальный Камчатпрофитбанк,Комфортный,Вклад,2103,https://bankiros.ru/bank/mkpb/deposits/komfortnyj-21,Есть,Нет,Есть,2025-07-01
3622,61,90,5000.0,199999.0,13.85,Муниципальный Камчатпрофитбанк,Комфортный,Вклад,2103,https://bankiros.ru/bank/mkpb/deposits/komfortnyj-21,Есть,Нет,Есть,2025-07-01
3623,61,90,200000.0,999999999.0,13.1,Муниципальный Камчатпрофитбанк,Комфортный,Вклад,2103,https://bankiros.ru/bank/mkpb/deposits/komfortnyj-21,Есть,Нет,Есть,2025-07-01
3624,91,180,5000.0,199999.0,12.1,Муниципальный Камчатпрофитбанк,Комфортный,Вклад,2103,https://bankiros.ru/bank/mkpb/deposits/komfortnyj-21,Есть,Нет,Есть,2025-07-01
3625,91,180,200000.0,999999999.0,,Муниципальный Камчатпрофитбанк,Комфортный,Вклад,2103,https://bankiros.ru/bank/mkpb/deposits/komfortnyj-21,Есть,Нет,Есть,2025-07-01
3626,181,273,5000.0,199999.0,,Муниципальный Камчатпрофитбанк,Комфортный,Вклад,2103,https://bankiros.ru/bank/mkpb/deposits/komfortnyj-21,Есть,Нет,Есть,2025-07-01
3627,181,273,200000.0,999999999.0,,Муниципальный Камчатпрофитбанк,Комфортный,Вклад,2103,https://bankiros.ru/bank/mkpb/deposits/komfortnyj-21,Есть,Нет,Есть,2025-07-01
3628,274,364,5000.0,199999.0,,Муниципальный Камчатпрофитбанк,Комфортный,Вклад,2103,https://bankiros.ru/bank/mkpb/deposits/komfortnyj-21,Есть,Нет,Есть,2025-07-01
3629,274,364,200000.0,999999999.0,,Муниципальный Камчатпрофитбанк,Комфортный,Вклад,2103,https://bankiros.ru/bank/mkpb/deposits/komfortnyj-21,Есть,Нет,Есть,2025-07-01
3630,365,546,5000.0,199999.0,,Муниципальный Камчатпрофитбанк,Комфортный,Вклад,2103,https://bankiros.ru/bank/mkpb/deposits/komfortnyj-21,Есть,Нет,Есть,2025-07-01
3631,365,546,200000.0,999999999.0,,Муниципальный Камчатпрофитбанк,Комфортный,Вклад,2103,https://bankiros.ru/bank/mkpb/deposits/komfortnyj-21,Есть,Нет,Есть,2025-07-01
3632,547,729,5000.0,199999.0,,Муниципальный Камчатпрофитбанк,Комфортный,Вклад,2103,https://bankiros.ru/bank/mkpb/deposits/komfortnyj-21,Есть,Нет,Есть,2025-07-01
3633,547,729,200000.0,999999999.0,12.8,Муниципальный Камчатпрофитбанк,Комфортный,Вклад,2103,https://bankiros.ru/bank/mkpb/deposits/komfortnyj-21,Есть,Нет,Есть,2025-07-01
3634,730,9999,5000.0,199999.0,7.45,Муниципальный Камчатпрофитбанк,Комфортный,Вклад,2103,https://bankiros.ru/bank/mkpb/deposits/komfortnyj-21,Есть,Нет,Есть,2025-07-01
3635,730,9999,200000.0,999999999.0,11.5,Муниципальный Камчатпрофитбанк,Комфортный,Вклад,2103,https://bankiros.ru/bank/mkpb/deposits/komfortnyj-21,Есть,Нет,Есть,2025-07-01
3636,181,364,100000.0,1300009.0,13.0,Новый Московский Банк,Стандартный,Вклад,2932,https://bankiros.ru/bank/nmbank/deposits/standartnyj-2,Есть,Нет,Есть,2025-07-01
3637,181,364,1300010.0,4999999.0,12.7,Новый Московский Банк,Стандартный,Вклад,2932,https://bankiros.ru/bank/nmbank/deposits/standartnyj-2,Есть,Нет,Есть,2025-07-01
3638,181,364,5000000.0,999999999.0,13.2,Новый Московский Банк,Стандартный,Вклад,2932,https://bankiros.ru/bank/nmbank/deposits/standartnyj-2,Есть,Нет,Есть,2025-07-01
3639,365,9999,100000.0,1300009.0,12.9,Новый Московский Банк,Стандартный,Вклад,2932,https://bankiros.ru/bank/nmbank/deposits/standartnyj-2,Есть,Нет,Есть,2025-07-01
3640,365,9999,1300010.0,4999999.0,13.4,Новый Московский Банк,Стандартный,Вклад,2932,https://bankiros.ru/bank/nmbank/deposits/standartnyj-2,Есть,Нет,Есть,2025-07-01
3641,365,9999,5000000.0,999999999.0,13.1,Новый Московский Банк,Стандартный,Вклад,2932,https://bankiros.ru/bank/nmbank/deposits/standartnyj-2,Есть,Нет,Есть,2025-07-01
3642,181,364,100000.0,1300009.0,13.0,Новый Московский Банк,Доходный,Вклад,2932,https://bankiros.ru/bank/nmbank/deposits/dohodnyj-117,Нет,Нет,Есть,2025-07-01
3643,181,364,1300010.0,4999999.0,12.7,Новый Московский Банк,Доходный,Вклад,2932,https://bankiros.ru/bank/nmbank/deposits/dohodnyj-117,Нет,Нет,Есть,2025-07-01
3644,181,364,5000000.0,999999999.0,13.2,Новый Московский Банк,Доходный,Вклад,2932,https://bankiros.ru/bank/nmbank/deposits/dohodnyj-117,Нет,Нет,Есть,2025-07-01
3645,365,9999,100000.0,1300009.0,12.9,Новый Московский Банк,Доходный,Вклад,2932,https://bankiros.ru/bank/nmbank/deposits/dohodnyj-117,Нет,Нет,Есть,2025-07-01
3646,365,9999,1300010.0,4999999.0,13.4,Новый Московский Банк,Доходный,Вклад,2932,https://bankiros.ru/bank/nmbank/deposits/dohodnyj-117,Нет,Нет,Есть,2025-07-01
3647,365,9999,5000000.0,999999999.0,13.1,Новый Московский Банк,Доходный,Вклад,2932,https://bankiros.ru/bank/nmbank/deposits/dohodnyj-117,Нет,Нет,Есть,2025-07-01
3648,181,364,100000.0,1400009.0,12.9,Новый Московский Банк,Социальный,Вклад,2932,https://bankiros.ru/bank/nmbank/deposits/socialnyj-14,Нет,Нет,Есть,2025-07-01
3649,181,364,1400010.0,4999999.0,12.6,Новый Московский Банк,Социальный,Вклад,2932,https://bankiros.ru/bank/nmbank/deposits/socialnyj-14,Нет,Нет,Есть,2025-07-01
3650,181,364,5000000.0,999999999.0,12.8,Новый Московский Банк,Социальный,Вклад,2932,https://bankiros.ru/bank/nmbank/deposits/socialnyj-14,Нет,Нет,Есть,2025-07-01
3651,365,9999,100000.0,1400009.0,12.5,Новый Московский Банк,Социальный,Вклад,2932,https://bankiros.ru/bank/nmbank/deposits/socialnyj-14,Нет,Нет,Есть,2025-07-01
3652,365,9999,1400010.0,4999999.0,12.8,Новый Московский Банк,Социальный,Вклад,2932,https://bankiros.ru/bank/nmbank/deposits/socialnyj-14,Нет,Нет,Есть,2025-07-01
3653,365,9999,5000000.0,999999999.0,12.5,Новый Московский Банк,Социальный,Вклад,2932,https://bankiros.ru/bank/nmbank/deposits/socialnyj-14,Нет,Нет,Есть,2025-07-01
3654,181,364,100000.0,1300009.0,12.6,Новый Московский Банк,Доходный с лимитом остатка,Вклад,2932,https://bankiros.ru/bank/nmbank/deposits/dohodnyj-s-limitom-ostatka,Нет,Есть,Есть,2025-07-01
3655,181,364,1300010.0,4999999.0,12.5,Новый Московский Банк,Доходный с лимитом остатка,Вклад,2932,https://bankiros.ru/bank/nmbank/deposits/dohodnyj-s-limitom-ostatka,Нет,Есть,Есть,2025-07-01
3656,181,364,5000000.0,999999999.0,12.6,Новый Московский Банк,Доходный с лимитом остатка,Вклад,2932,https://bankiros.ru/bank/nmbank/deposits/dohodnyj-s-limitom-ostatka,Нет,Есть,Есть,2025-07-01
3657,365,9999,100000.0,1300009.0,12.5,Новый Московский Банк,Доходный с лимитом остатка,Вклад,2932,https://bankiros.ru/bank/nmbank/deposits/dohodnyj-s-limitom-ostatka,Нет,Есть,Есть,2025-07-01
3658,365,9999,1300010.0,4999999.0,12.7,Новый Московский Банк,Доходный с лимитом остатка,Вклад,2932,https://bankiros.ru/bank/nmbank/deposits/dohodnyj-s-limitom-ostatka,Нет,Есть,Есть,2025-07-01
3659,365,9999,5000000.0,999999999.0,12.6,Новый Московский Банк,Доходный с лимитом остатка,Вклад,2932,https://bankiros.ru/bank/nmbank/deposits/dohodnyj-s-limitom-ostatka,Нет,Есть,Есть,2025-07-01
3660,91,9999,10.0,999999999.0,13.0,Кузнецкий,Онлайн,Вклад,609,https://bankiros.ru/bank/kuznetsky/deposits/vklad-onlajn,Есть,Есть,Есть,2025-07-01
3661,1,90,10.0,999999999.0,5.8,Кузнецкий,Пенсионный оптимальный,Вклад,609,https://bankiros.ru/bank/kuznetsky/deposits/pensionnyj-optimalnyj,Есть,Есть,Есть,2025-07-01
3662,91,180,10.0,999999999.0,5.9,Кузнецкий,Пенсионный оптимальный,Вклад,609,https://bankiros.ru/bank/kuznetsky/deposits/pensionnyj-optimalnyj,Есть,Есть,Есть,2025-07-01
3663,181,270,10.0,999999999.0,6.0,Кузнецкий,Пенсионный оптимальный,Вклад,609,https://bankiros.ru/bank/kuznetsky/deposits/pensionnyj-optimalnyj,Есть,Есть,Есть,2025-07-01
3664,271,360,10.0,999999999.0,6.25,Кузнецкий,Пенсионный оптимальный,Вклад,609,https://bankiros.ru/bank/kuznetsky/deposits/pensionnyj-optimalnyj,Есть,Есть,Есть,2025-07-01
3665,361,450,10.0,999999999.0,6.0,Кузнецкий,Пенсионный оптимальный,Вклад,609,https://bankiros.ru/bank/kuznetsky/deposits/pensionnyj-optimalnyj,Есть,Есть,Есть,2025-07-01
3666,451,540,10.0,999999999.0,5.9,Кузнецкий,Пенсионный оптимальный,Вклад,609,https://bankiros.ru/bank/kuznetsky/deposits/pensionnyj-optimalnyj,Есть,Есть,Есть,2025-07-01
3667,555,9999,10.0,999999999.0,6.0,Кузнецкий,Пенсионный специальный,Вклад,609,https://bankiros.ru/bank/kuznetsky/deposits/pensionnyj-specialnyj-2,Есть,Есть,Есть,2025-07-01
3668,367,9999,30000.0,999999999.0,13.0,Банк Столичный Кредит,Актуальный,Вклад,2853,https://bankiros.ru/bank/bank-stolicnyj-kredit/deposits/aktualnyj-5,Нет,Нет,Есть,2025-07-01
3669,181,9999,10000.0,999999999.0,12.1,Банк Столичный Кредит,Доходный,Вклад,2853,https://bankiros.ru/bank/bank-stolicnyj-kredit/deposits/dohodnyj-129,Нет,Нет,Есть,2025-07-01
3670,90,180,50000.0,999999999.0,7.0,Банк Столичный Кредит,Стандартный,Вклад,2853,https://bankiros.ru/bank/bank-stolicnyj-kredit/deposits/standartnyj-4,Нет,Нет,Есть,2025-07-01
3671,181,9999,50000.0,999999999.0,8.0,Банк Столичный Кредит,Стандартный,Вклад,2853,https://bankiros.ru/bank/bank-stolicnyj-kredit/deposits/standartnyj-4,Нет,Нет,Есть,2025-07-01
3672,91,180,30000.0,999999999.0,3.9,Банк Столичный Кредит,Пенсионный,Вклад,2853,https://bankiros.ru/bank/bank-stolicnyj-kredit/deposits/pensionnyj-135,Есть,Есть,Есть,2025-07-01
3673,181,367,30000.0,999999999.0,4.2,Банк Столичный Кредит,Пенсионный,Вклад,2853,https://bankiros.ru/bank/bank-stolicnyj-kredit/deposits/pensionnyj-135,Есть,Есть,Есть,2025-07-01
3674,368,540,30000.0,999999999.0,4.0,Банк Столичный Кредит,Пенсионный,Вклад,2853,https://bankiros.ru/bank/bank-stolicnyj-kredit/deposits/pensionnyj-135,Есть,Есть,Есть,2025-07-01
3675,91,180,50000.0,999999999.0,10.0,Промсельхозбанк,Надёжный,Вклад,538,https://bankiros.ru/bank/pshb/deposits/nadeznyj-68,Нет,Нет,Нет,2025-07-01
3676,181,9999,50000.0,999999999.0,9.0,Промсельхозбанк,Надёжный,Вклад,538,https://bankiros.ru/bank/pshb/deposits/nadeznyj-68,Нет,Нет,Нет,2025-07-01
3677,363,9999,3000000.0,999999999.0,9.5,Промсельхозбанк,Премиальный,Вклад,538,https://bankiros.ru/bank/pshb/deposits/premialnyj-16,Есть,Есть,Нет,2025-07-01
3678,30,89,0.0,999999999.0,2.0,Эко-Инвест,Срочный,Вклад,3116,https://bankiros.ru/bank/eco-invest/deposits/srocnyj-20,Нет,Нет,Нет,2025-07-01
3679,90,179,0.0,999999999.0,2.5,Эко-Инвест,Срочный,Вклад,3116,https://bankiros.ru/bank/eco-invest/deposits/srocnyj-20,Нет,Нет,Нет,2025-07-01
3680,180,364,0.0,999999999.0,2.75,Эко-Инвест,Срочный,Вклад,3116,https://bankiros.ru/bank/eco-invest/deposits/srocnyj-20,Нет,Нет,Нет,2025-07-01
3681,365,9999,0.0,999999999.0,3.0,Эко-Инвест,Срочный,Вклад,3116,https://bankiros.ru/bank/eco-invest/deposits/srocnyj-20,Нет,Нет,Нет,2025-07-01
3682,30,60,1.0,1000000.0,19.5,ТрансКапиталБанк,Накопительный счет «ТКБ. Выгодный»,Накопительный счет,2210,https://bankiros.ru/bank/transcapitalbank/deposits/tkb-vygodnyj,Есть,Есть,Нет,2025-07-01
3683,30,60,1000010.0,10000000.0,17.5,ТрансКапиталБанк,Накопительный счет «ТКБ. Выгодный»,Накопительный счет,2210,https://bankiros.ru/bank/transcapitalbank/deposits/tkb-vygodnyj,Есть,Есть,Нет,2025-07-01
3684,91,9999,1.0,1000000.0,17.5,ТрансКапиталБанк,Накопительный счет «ТКБ. Выгодный»,Накопительный счет,2210,https://bankiros.ru/bank/transcapitalbank/deposits/tkb-vygodnyj,Есть,Есть,Нет,2025-07-01
3685,91,9999,1000010.0,10000000.0,17.5,ТрансКапиталБанк,Накопительный счет «ТКБ. Выгодный»,Накопительный счет,2210,https://bankiros.ru/bank/transcapitalbank/deposits/tkb-vygodnyj,Есть,Есть,Нет,2025-07-01
3686,110,180,50000.0,1499999.0,18.75,ТрансКапиталБанк,Новый Хит,Вклад,2210,https://bankiros.ru/bank/transcapitalbank/deposits/novyj-hit,Нет,Нет,Есть,2025-07-01
3687,110,180,1500000.0,999999999.0,17.75,ТрансКапиталБанк,Новый Хит,Вклад,2210,https://bankiros.ru/bank/transcapitalbank/deposits/novyj-hit,Нет,Нет,Есть,2025-07-01
3688,181,369,50000.0,1499999.0,16.75,ТрансКапиталБанк,Новый Хит,Вклад,2210,https://bankiros.ru/bank/transcapitalbank/deposits/novyj-hit,Нет,Нет,Есть,2025-07-01
3689,181,369,1500000.0,999999999.0,19.0,ТрансКапиталБанк,Новый Хит,Вклад,2210,https://bankiros.ru/bank/transcapitalbank/deposits/novyj-hit,Нет,Нет,Есть,2025-07-01
3690,370,9999,50000.0,1499999.0,18.0,ТрансКапиталБанк,Новый Хит,Вклад,2210,https://bankiros.ru/bank/transcapitalbank/deposits/novyj-hit,Нет,Нет,Есть,2025-07-01
3691,370,9999,1500000.0,999999999.0,17.0,ТрансКапиталБанк,Новый Хит,Вклад,2210,https://bankiros.ru/bank/transcapitalbank/deposits/novyj-hit,Нет,Нет,Есть,2025-07-01
3692,95,189,300000.0,3000000.0,18.25,ТрансКапиталБанк,ТКБ. Максимальный доход,Вклад,2210,https://bankiros.ru/bank/transcapitalbank/deposits/tkb-maksimalnyj-dohod,Нет,Нет,Есть,2025-07-01
3693,190,369,300000.0,3000000.0,17.6,ТрансКапиталБанк,ТКБ. Максимальный доход,Вклад,2210,https://bankiros.ru/bank/transcapitalbank/deposits/tkb-maksimalnyj-dohod,Нет,Нет,Есть,2025-07-01
3694,370,9999,300000.0,3000000.0,16.65,ТрансКапиталБанк,ТКБ. Максимальный доход,Вклад,2210,https://bankiros.ru/bank/transcapitalbank/deposits/tkb-maksimalnyj-dohod,Нет,Нет,Есть,2025-07-01
3695,1,9999,1.0,100000.0,17.5,ТрансКапиталБанк,Накопительный счет «ТКБ. Свободные средства»,Накопительный счет,2210,https://bankiros.ru/bank/transcapitalbank/deposits/nakopitelnyj-scet-tkb-svobodnye-sredstva,Есть,Есть,Нет,2025-07-01
3696,1,9999,100001.0,500000.0,17.0,ТрансКапиталБанк,Накопительный счет «ТКБ. Свободные средства»,Накопительный счет,2210,https://bankiros.ru/bank/transcapitalbank/deposits/nakopitelnyj-scet-tkb-svobodnye-sredstva,Есть,Есть,Нет,2025-07-01
3697,1,9999,500001.0,10000000.0,16.5,ТрансКапиталБанк,Накопительный счет «ТКБ. Свободные средства»,Накопительный счет,2210,https://bankiros.ru/bank/transcapitalbank/deposits/nakopitelnyj-scet-tkb-svobodnye-sredstva,Есть,Есть,Нет,2025-07-01
3698,181,369,50000.0,999999999.0,14.5,ТрансКапиталБанк,ТКБ. Просто вклад с опцией пополнения,Вклад,2210,https://bankiros.ru/bank/transcapitalbank/deposits/tkb-prosto-vklad-3,Есть,Нет,Есть,2025-07-01
3699,370,9999,50000.0,999999999.0,12.5,ТрансКапиталБанк,ТКБ. Просто вклад с опцией пополнения,Вклад,2210,https://bankiros.ru/bank/transcapitalbank/deposits/tkb-prosto-vklad-3,Есть,Нет,Есть,2025-07-01
3700,370,9999,50000.0,999999999.0,11.5,ТрансКапиталБанк,ТКБ. Просто вклад с опцией пополнения и снятия,Вклад,2210,https://bankiros.ru/bank/transcapitalbank/deposits/tkb-prosto-vklad-5,Есть,Есть,Есть,2025-07-01
3701,367,9999,25000.0,999999999.0,12.5,ТрансКапиталБанк,ТКБ.Пенсионный,Вклад,2210,https://bankiros.ru/bank/transcapitalbank/deposits/pensionnyy,Есть,Есть,Есть,2025-07-01
3702,31,90,30000.0,999999999.0,16.6,Энерготрансбанк,Доход без границ,Вклад,1307,https://bankiros.ru/bank/energotransbank/deposits/dohod-bez-granic,Нет,Нет,Нет,2025-07-01
3703,91,180,30000.0,999999999.0,18.6,Энерготрансбанк,Доход без границ,Вклад,1307,https://bankiros.ru/bank/energotransbank/deposits/dohod-bez-granic,Нет,Нет,Нет,2025-07-01
3704,181,270,30000.0,999999999.0,18.3,Энерготрансбанк,Доход без границ,Вклад,1307,https://bankiros.ru/bank/energotransbank/deposits/dohod-bez-granic,Нет,Нет,Нет,2025-07-01
3705,271,365,30000.0,999999999.0,17.0,Энерготрансбанк,Доход без границ,Вклад,1307,https://bankiros.ru/bank/energotransbank/deposits/dohod-bez-granic,Нет,Нет,Нет,2025-07-01
3706,31,90,30000.0,999999999.0,16.4,Энерготрансбанк,Доход Онлайн,Вклад,1307,https://bankiros.ru/bank/energotransbank/deposits/dohod-onlajn-2,Нет,Нет,Есть,2025-07-01
3707,91,180,30000.0,999999999.0,18.5,Энерготрансбанк,Доход Онлайн,Вклад,1307,https://bankiros.ru/bank/energotransbank/deposits/dohod-onlajn-2,Нет,Нет,Есть,2025-07-01
3708,181,270,30000.0,999999999.0,18.8,Энерготрансбанк,Доход Онлайн,Вклад,1307,https://bankiros.ru/bank/energotransbank/deposits/dohod-onlajn-2,Нет,Нет,Есть,2025-07-01
3709,271,365,30000.0,999999999.0,17.8,Энерготрансбанк,Доход Онлайн,Вклад,1307,https://bankiros.ru/bank/energotransbank/deposits/dohod-onlajn-2,Нет,Нет,Есть,2025-07-01
3710,366,548,30000.0,999999999.0,16.5,Энерготрансбанк,Доход Онлайн,Вклад,1307,https://bankiros.ru/bank/energotransbank/deposits/dohod-onlajn-2,Нет,Нет,Есть,2025-07-01
3711,549,730,30000.0,999999999.0,12.5,Энерготрансбанк,Доход Онлайн,Вклад,1307,https://bankiros.ru/bank/energotransbank/deposits/dohod-onlajn-2,Нет,Нет,Есть,2025-07-01
3712,31,90,30000.0,999999999.0,16.1,Энерготрансбанк,Доход,Вклад,1307,https://bankiros.ru/bank/energotransbank/deposits/dohod-2,Нет,Нет,Есть,2025-07-01
3713,91,180,30000.0,999999999.0,18.3,Энерготрансбанк,Доход,Вклад,1307,https://bankiros.ru/bank/energotransbank/deposits/dohod-2,Нет,Нет,Есть,2025-07-01
3714,181,270,30000.0,999999999.0,18.6,Энерготрансбанк,Доход,Вклад,1307,https://bankiros.ru/bank/energotransbank/deposits/dohod-2,Нет,Нет,Есть,2025-07-01
3715,271,365,30000.0,999999999.0,17.6,Энерготрансбанк,Доход,Вклад,1307,https://bankiros.ru/bank/energotransbank/deposits/dohod-2,Нет,Нет,Есть,2025-07-01
3716,366,548,30000.0,999999999.0,16.3,Энерготрансбанк,Доход,Вклад,1307,https://bankiros.ru/bank/energotransbank/deposits/dohod-2,Нет,Нет,Есть,2025-07-01
3717,549,730,30000.0,999999999.0,12.3,Энерготрансбанк,Доход,Вклад,1307,https://bankiros.ru/bank/energotransbank/deposits/dohod-2,Нет,Нет,Есть,2025-07-01
3718,181,270,50000.0,999999999.0,18.3,Энерготрансбанк,Ключевое накопление,Вклад,1307,https://bankiros.ru/bank/energotransbank/deposits/klucevoe-nakoplenie,Есть,Нет,Есть,2025-07-01
3719,271,365,50000.0,999999999.0,18.5,Энерготрансбанк,Ключевое накопление,Вклад,1307,https://bankiros.ru/bank/energotransbank/deposits/klucevoe-nakoplenie,Есть,Нет,Есть,2025-07-01
3720,366,548,50000.0,999999999.0,17.8,Энерготрансбанк,Ключевое накопление,Вклад,1307,https://bankiros.ru/bank/energotransbank/deposits/klucevoe-nakoplenie,Есть,Нет,Есть,2025-07-01
3721,91,180,30000.0,49999.0,,Энерготрансбанк,Накопление без границ,Вклад,1307,https://bankiros.ru/bank/energotransbank/deposits/nakoplenie-bez-granic-3,Есть,Нет,Нет,2025-07-01
3722,91,180,50000.0,999999999.0,16.3,Энерготрансбанк,Накопление без границ,Вклад,1307,https://bankiros.ru/bank/energotransbank/deposits/nakoplenie-bez-granic-3,Есть,Нет,Нет,2025-07-01
3723,181,270,30000.0,49999.0,15.7,Энерготрансбанк,Накопление без границ,Вклад,1307,https://bankiros.ru/bank/energotransbank/deposits/nakoplenie-bez-granic-3,Есть,Нет,Нет,2025-07-01
3724,181,270,50000.0,999999999.0,16.0,Энерготрансбанк,Накопление без границ,Вклад,1307,https://bankiros.ru/bank/energotransbank/deposits/nakoplenie-bez-granic-3,Есть,Нет,Нет,2025-07-01
3725,271,365,30000.0,49999.0,,Энерготрансбанк,Накопление без границ,Вклад,1307,https://bankiros.ru/bank/energotransbank/deposits/nakoplenie-bez-granic-3,Есть,Нет,Нет,2025-07-01
3726,271,365,50000.0,999999999.0,,Энерготрансбанк,Накопление без границ,Вклад,1307,https://bankiros.ru/bank/energotransbank/deposits/nakoplenie-bez-granic-3,Есть,Нет,Нет,2025-07-01
3727,91,180,10000.0,999999999.0,15.6,Энерготрансбанк,Пенсионная копилка онлайн,Вклад,1307,https://bankiros.ru/bank/energotransbank/deposits/pensionnaa-kopilka-onlajn,Есть,Есть,Есть,2025-07-01
3728,181,270,10000.0,999999999.0,16.4,Энерготрансбанк,Пенсионная копилка онлайн,Вклад,1307,https://bankiros.ru/bank/energotransbank/deposits/pensionnaa-kopilka-onlajn,Есть,Есть,Есть,2025-07-01
3729,271,365,10000.0,999999999.0,15.4,Энерготрансбанк,Пенсионная копилка онлайн,Вклад,1307,https://bankiros.ru/bank/energotransbank/deposits/pensionnaa-kopilka-onlajn,Есть,Есть,Есть,2025-07-01
3730,366,548,10000.0,999999999.0,14.3,Энерготрансбанк,Пенсионная копилка онлайн,Вклад,1307,https://bankiros.ru/bank/energotransbank/deposits/pensionnaa-kopilka-onlajn,Есть,Есть,Есть,2025-07-01
3731,549,730,10000.0,999999999.0,11.8,Энерготрансбанк,Пенсионная копилка онлайн,Вклад,1307,https://bankiros.ru/bank/energotransbank/deposits/pensionnaa-kopilka-onlajn,Есть,Есть,Есть,2025-07-01
3732,91,180,10000.0,999999999.0,16.0,Энерготрансбанк,Накопление Онлайн,Вклад,1307,https://bankiros.ru/bank/energotransbank/deposits/nakoplenie-onlajn,Есть,Нет,Есть,2025-07-01
3733,181,270,10000.0,999999999.0,16.3,Энерготрансбанк,Накопление Онлайн,Вклад,1307,https://bankiros.ru/bank/energotransbank/deposits/nakoplenie-onlajn,Есть,Нет,Есть,2025-07-01
3734,271,365,10000.0,999999999.0,15.3,Энерготрансбанк,Накопление Онлайн,Вклад,1307,https://bankiros.ru/bank/energotransbank/deposits/nakoplenie-onlajn,Есть,Нет,Есть,2025-07-01
3735,366,548,10000.0,999999999.0,14.2,Энерготрансбанк,Накопление Онлайн,Вклад,1307,https://bankiros.ru/bank/energotransbank/deposits/nakoplenie-onlajn,Есть,Нет,Есть,2025-07-01
3736,549,730,10000.0,999999999.0,11.7,Энерготрансбанк,Накопление Онлайн,Вклад,1307,https://bankiros.ru/bank/energotransbank/deposits/nakoplenie-onlajn,Есть,Нет,Есть,2025-07-01
3737,91,180,10000.0,999999999.0,15.4,Энерготрансбанк,Пенсионная копилка,Вклад,1307,https://bankiros.ru/bank/energotransbank/deposits/pensionnaa-kopilka,Есть,Есть,Есть,2025-07-01
3738,181,270,10000.0,999999999.0,16.2,Энерготрансбанк,Пенсионная копилка,Вклад,1307,https://bankiros.ru/bank/energotransbank/deposits/pensionnaa-kopilka,Есть,Есть,Есть,2025-07-01
3739,271,365,10000.0,999999999.0,15.2,Энерготрансбанк,Пенсионная копилка,Вклад,1307,https://bankiros.ru/bank/energotransbank/deposits/pensionnaa-kopilka,Есть,Есть,Есть,2025-07-01
3740,366,548,10000.0,999999999.0,14.1,Энерготрансбанк,Пенсионная копилка,Вклад,1307,https://bankiros.ru/bank/energotransbank/deposits/pensionnaa-kopilka,Есть,Есть,Есть,2025-07-01
3741,549,730,10000.0,999999999.0,11.6,Энерготрансбанк,Пенсионная копилка,Вклад,1307,https://bankiros.ru/bank/energotransbank/deposits/pensionnaa-kopilka,Есть,Есть,Есть,2025-07-01
3742,91,180,10000.0,999999999.0,15.8,Энерготрансбанк,Накопление,Вклад,1307,https://bankiros.ru/bank/energotransbank/deposits/nakoplenie,Есть,Нет,Есть,2025-07-01
3743,181,270,10000.0,999999999.0,16.1,Энерготрансбанк,Накопление,Вклад,1307,https://bankiros.ru/bank/energotransbank/deposits/nakoplenie,Есть,Нет,Есть,2025-07-01
3744,271,365,10000.0,999999999.0,15.1,Энерготрансбанк,Накопление,Вклад,1307,https://bankiros.ru/bank/energotransbank/deposits/nakoplenie,Есть,Нет,Есть,2025-07-01
3745,366,548,10000.0,999999999.0,14.0,Энерготрансбанк,Накопление,Вклад,1307,https://bankiros.ru/bank/energotransbank/deposits/nakoplenie,Есть,Нет,Есть,2025-07-01
3746,549,730,10000.0,999999999.0,11.5,Энерготрансбанк,Накопление,Вклад,1307,https://bankiros.ru/bank/energotransbank/deposits/nakoplenie,Есть,Нет,Есть,2025-07-01
3747,31,90,30000.0,299999.0,14.8,Энерготрансбанк,Комфорт Онлайн,Вклад,1307,https://bankiros.ru/bank/energotransbank/deposits/komfort-onlajn-3,Есть,Есть,Есть,2025-07-01
3748,31,90,300000.0,999999999.0,15.0,Энерготрансбанк,Комфорт Онлайн,Вклад,1307,https://bankiros.ru/bank/energotransbank/deposits/komfort-onlajn-3,Есть,Есть,Есть,2025-07-01
3749,91,180,30000.0,299999.0,15.5,Энерготрансбанк,Комфорт Онлайн,Вклад,1307,https://bankiros.ru/bank/energotransbank/deposits/komfort-onlajn-3,Есть,Есть,Есть,2025-07-01
3750,91,180,300000.0,999999999.0,14.5,Энерготрансбанк,Комфорт Онлайн,Вклад,1307,https://bankiros.ru/bank/energotransbank/deposits/komfort-onlajn-3,Есть,Есть,Есть,2025-07-01
3751,181,270,30000.0,299999.0,13.3,Энерготрансбанк,Комфорт Онлайн,Вклад,1307,https://bankiros.ru/bank/energotransbank/deposits/komfort-onlajn-3,Есть,Есть,Есть,2025-07-01
3752,181,270,300000.0,999999999.0,11.1,Энерготрансбанк,Комфорт Онлайн,Вклад,1307,https://bankiros.ru/bank/energotransbank/deposits/komfort-onlajn-3,Есть,Есть,Есть,2025-07-01
3753,271,365,30000.0,299999.0,14.9,Энерготрансбанк,Комфорт Онлайн,Вклад,1307,https://bankiros.ru/bank/energotransbank/deposits/komfort-onlajn-3,Есть,Есть,Есть,2025-07-01
3754,271,365,300000.0,999999999.0,15.1,Энерготрансбанк,Комфорт Онлайн,Вклад,1307,https://bankiros.ru/bank/energotransbank/deposits/komfort-onlajn-3,Есть,Есть,Есть,2025-07-01
3755,366,548,30000.0,299999.0,15.6,Энерготрансбанк,Комфорт Онлайн,Вклад,1307,https://bankiros.ru/bank/energotransbank/deposits/komfort-onlajn-3,Есть,Есть,Есть,2025-07-01
3756,366,548,300000.0,999999999.0,14.6,Энерготрансбанк,Комфорт Онлайн,Вклад,1307,https://bankiros.ru/bank/energotransbank/deposits/komfort-onlajn-3,Есть,Есть,Есть,2025-07-01
3757,549,730,30000.0,299999.0,13.6,Энерготрансбанк,Комфорт Онлайн,Вклад,1307,https://bankiros.ru/bank/energotransbank/deposits/komfort-onlajn-3,Есть,Есть,Есть,2025-07-01
3758,549,730,300000.0,999999999.0,11.1,Энерготрансбанк,Комфорт Онлайн,Вклад,1307,https://bankiros.ru/bank/energotransbank/deposits/komfort-onlajn-3,Есть,Есть,Есть,2025-07-01
3759,31,90,30000.0,299999.0,14.6,Энерготрансбанк,Комфорт,Вклад,1307,https://bankiros.ru/bank/energotransbank/deposits/komfort-4,Есть,Есть,Есть,2025-07-01
3760,31,90,300000.0,999999999.0,14.8,Энерготрансбанк,Комфорт,Вклад,1307,https://bankiros.ru/bank/energotransbank/deposits/komfort-4,Есть,Есть,Есть,2025-07-01
3761,91,180,30000.0,299999.0,15.3,Энерготрансбанк,Комфорт,Вклад,1307,https://bankiros.ru/bank/energotransbank/deposits/komfort-4,Есть,Есть,Есть,2025-07-01
3762,91,180,300000.0,999999999.0,14.3,Энерготрансбанк,Комфорт,Вклад,1307,https://bankiros.ru/bank/energotransbank/deposits/komfort-4,Есть,Есть,Есть,2025-07-01
3763,181,270,30000.0,299999.0,13.1,Энерготрансбанк,Комфорт,Вклад,1307,https://bankiros.ru/bank/energotransbank/deposits/komfort-4,Есть,Есть,Есть,2025-07-01
3764,181,270,300000.0,999999999.0,11.1,Энерготрансбанк,Комфорт,Вклад,1307,https://bankiros.ru/bank/energotransbank/deposits/komfort-4,Есть,Есть,Есть,2025-07-01
3765,271,365,30000.0,299999.0,14.7,Энерготрансбанк,Комфорт,Вклад,1307,https://bankiros.ru/bank/energotransbank/deposits/komfort-4,Есть,Есть,Есть,2025-07-01
3766,271,365,300000.0,999999999.0,14.9,Энерготрансбанк,Комфорт,Вклад,1307,https://bankiros.ru/bank/energotransbank/deposits/komfort-4,Есть,Есть,Есть,2025-07-01
3767,366,548,30000.0,299999.0,15.4,Энерготрансбанк,Комфорт,Вклад,1307,https://bankiros.ru/bank/energotransbank/deposits/komfort-4,Есть,Есть,Есть,2025-07-01
3768,366,548,300000.0,999999999.0,14.4,Энерготрансбанк,Комфорт,Вклад,1307,https://bankiros.ru/bank/energotransbank/deposits/komfort-4,Есть,Есть,Есть,2025-07-01
3769,549,730,30000.0,299999.0,13.4,Энерготрансбанк,Комфорт,Вклад,1307,https://bankiros.ru/bank/energotransbank/deposits/komfort-4,Есть,Есть,Есть,2025-07-01
3770,549,730,300000.0,999999999.0,11.1,Энерготрансбанк,Комфорт,Вклад,1307,https://bankiros.ru/bank/energotransbank/deposits/komfort-4,Есть,Есть,Есть,2025-07-01
3771,1,9999,10000.0,99999.0,13.0,Энерготрансбанк,Янтарная волна,Вклад,1307,https://bankiros.ru/bank/energotransbank/deposits/antarnaa-volna,Есть,Есть,Нет,2025-07-01
3772,1,9999,100000.0,499999.0,13.15,Энерготрансбанк,Янтарная волна,Вклад,1307,https://bankiros.ru/bank/energotransbank/deposits/antarnaa-volna,Есть,Есть,Нет,2025-07-01
3773,1,9999,500000.0,999999.0,13.3,Энерготрансбанк,Янтарная волна,Вклад,1307,https://bankiros.ru/bank/energotransbank/deposits/antarnaa-volna,Есть,Есть,Нет,2025-07-01
3774,1,9999,1000000.0,2999990.0,13.5,Энерготрансбанк,Янтарная волна,Вклад,1307,https://bankiros.ru/bank/energotransbank/deposits/antarnaa-volna,Есть,Есть,Нет,2025-07-01
3775,1,9999,3000000.0,999999999.0,0.1,Энерготрансбанк,Янтарная волна,Вклад,1307,https://bankiros.ru/bank/energotransbank/deposits/antarnaa-volna,Есть,Есть,Нет,2025-07-01
3776,91,180,10000.0,999999999.0,18.6,Энерготрансбанк,Пенсионный доход онлайн,Вклад,1307,https://bankiros.ru/bank/energotransbank/deposits/pensionnyj-dohod-onlajn-3,Нет,Нет,Есть,2025-07-01
3777,181,364,10000.0,999999999.0,19.0,Энерготрансбанк,Пенсионный доход онлайн,Вклад,1307,https://bankiros.ru/bank/energotransbank/deposits/pensionnyj-dohod-onlajn-3,Нет,Нет,Есть,2025-07-01
3778,365,9999,10000.0,999999999.0,18.2,Энерготрансбанк,Пенсионный доход онлайн,Вклад,1307,https://bankiros.ru/bank/energotransbank/deposits/pensionnyj-dohod-onlajn-3,Нет,Нет,Есть,2025-07-01
3779,91,180,10000.0,999999999.0,18.6,Энерготрансбанк,Пенсионный доход,Вклад,1307,https://bankiros.ru/bank/energotransbank/deposits/pensionnyj-dohod-7,Нет,Нет,Есть,2025-07-01
3780,181,364,10000.0,999999999.0,19.0,Энерготрансбанк,Пенсионный доход,Вклад,1307,https://bankiros.ru/bank/energotransbank/deposits/pensionnyj-dohod-7,Нет,Нет,Есть,2025-07-01
3781,365,9999,10000.0,999999999.0,18.2,Энерготрансбанк,Пенсионный доход,Вклад,1307,https://bankiros.ru/bank/energotransbank/deposits/pensionnyj-dohod-7,Нет,Нет,Есть,2025-07-01
3782,31,90,10000.0,999999999.0,15.2,Энерготрансбанк,Пенсионный,Вклад,1307,https://bankiros.ru/bank/energotransbank/deposits/pensionnyj-24,Есть,Нет,Есть,2025-07-01
3783,91,180,10000.0,999999999.0,15.3,Энерготрансбанк,Пенсионный,Вклад,1307,https://bankiros.ru/bank/energotransbank/deposits/pensionnyj-24,Есть,Нет,Есть,2025-07-01
3784,181,270,10000.0,999999999.0,15.5,Энерготрансбанк,Пенсионный,Вклад,1307,https://bankiros.ru/bank/energotransbank/deposits/pensionnyj-24,Есть,Нет,Есть,2025-07-01
3785,271,365,10000.0,999999999.0,14.5,Энерготрансбанк,Пенсионный,Вклад,1307,https://bankiros.ru/bank/energotransbank/deposits/pensionnyj-24,Есть,Нет,Есть,2025-07-01
3786,366,548,10000.0,999999999.0,13.1,Энерготрансбанк,Пенсионный,Вклад,1307,https://bankiros.ru/bank/energotransbank/deposits/pensionnyj-24,Есть,Нет,Есть,2025-07-01
3787,549,730,10000.0,999999999.0,11.55,Энерготрансбанк,Пенсионный,Вклад,1307,https://bankiros.ru/bank/energotransbank/deposits/pensionnyj-24,Есть,Нет,Есть,2025-07-01
3788,91,180,5000.0,999999999.0,18.6,Ренессанс Банк,РенСтарт,Вклад,3354,https://bankiros.ru/bank/rencredit/deposits/renstart,Нет,Нет,Есть,2025-07-01
3789,181,366,5000.0,999999999.0,18.35,Ренессанс Банк,РенСтарт,Вклад,3354,https://bankiros.ru/bank/rencredit/deposits/renstart,Нет,Нет,Есть,2025-07-01
3790,367,549,5000.0,999999999.0,17.85,Ренессанс Банк,РенСтарт,Вклад,3354,https://bankiros.ru/bank/rencredit/deposits/renstart,Нет,Нет,Есть,2025-07-01
3791,550,1079,5000.0,999999999.0,15.1,Ренессанс Банк,РенСтарт,Вклад,3354,https://bankiros.ru/bank/rencredit/deposits/renstart,Нет,Нет,Есть,2025-07-01
3792,1080,9999,5000.0,999999999.0,15.1,Ренессанс Банк,РенСтарт,Вклад,3354,https://bankiros.ru/bank/rencredit/deposits/renstart,Нет,Нет,Есть,2025-07-01
3793,91,180,5000.0,999999999.0,18.5,Ренессанс Банк,Ренессанс Специальный онлайн,Вклад,3354,https://bankiros.ru/bank/rencredit/deposits/specialnyj-2,Нет,Нет,Есть,2025-07-01
3794,181,366,5000.0,999999999.0,18.25,Ренессанс Банк,Ренессанс Специальный онлайн,Вклад,3354,https://bankiros.ru/bank/rencredit/deposits/specialnyj-2,Нет,Нет,Есть,2025-07-01
3795,367,549,5000.0,999999999.0,17.75,Ренессанс Банк,Ренессанс Специальный онлайн,Вклад,3354,https://bankiros.ru/bank/rencredit/deposits/specialnyj-2,Нет,Нет,Есть,2025-07-01
3796,550,1079,5000.0,999999999.0,15.0,Ренессанс Банк,Ренессанс Специальный онлайн,Вклад,3354,https://bankiros.ru/bank/rencredit/deposits/specialnyj-2,Нет,Нет,Есть,2025-07-01
3797,1080,9999,5000.0,999999999.0,15.0,Ренессанс Банк,Ренессанс Специальный онлайн,Вклад,3354,https://bankiros.ru/bank/rencredit/deposits/specialnyj-2,Нет,Нет,Есть,2025-07-01
3798,181,9999,50000.0,999999999.0,21.0,Ренессанс Банк,Ренессанс Инвестиционный,Вклад,3354,https://bankiros.ru/bank/rencredit/deposits/investicionnyj-3,Нет,Нет,Есть,2025-07-01
3799,95,184,50000.0,299999.0,13.2,Курган,Срочный,Вклад,2568,https://bankiros.ru/bank/bank-kurgan/deposits/srochnyj-2,Нет,Нет,Нет,2025-07-01
3800,95,184,300000.0,999999999.0,16.0,Курган,Срочный,Вклад,2568,https://bankiros.ru/bank/bank-kurgan/deposits/srochnyj-2,Нет,Нет,Нет,2025-07-01
3801,185,369,50000.0,299999.0,13.6,Курган,Срочный,Вклад,2568,https://bankiros.ru/bank/bank-kurgan/deposits/srochnyj-2,Нет,Нет,Нет,2025-07-01
3802,185,369,300000.0,999999999.0,11.5,Курган,Срочный,Вклад,2568,https://bankiros.ru/bank/bank-kurgan/deposits/srochnyj-2,Нет,Нет,Нет,2025-07-01
3803,370,749,50000.0,299999.0,13.5,Курган,Срочный,Вклад,2568,https://bankiros.ru/bank/bank-kurgan/deposits/srochnyj-2,Нет,Нет,Нет,2025-07-01
3804,370,749,300000.0,999999999.0,16.7,Курган,Срочный,Вклад,2568,https://bankiros.ru/bank/bank-kurgan/deposits/srochnyj-2,Нет,Нет,Нет,2025-07-01
3805,750,9999,50000.0,299999.0,13.8,Курган,Срочный,Вклад,2568,https://bankiros.ru/bank/bank-kurgan/deposits/srochnyj-2,Нет,Нет,Нет,2025-07-01
3806,750,9999,300000.0,999999999.0,11.7,Курган,Срочный,Вклад,2568,https://bankiros.ru/bank/bank-kurgan/deposits/srochnyj-2,Нет,Нет,Нет,2025-07-01
3807,370,9999,500000.0,999999999.0,15.5,Курган,Рантье,Вклад,2568,https://bankiros.ru/bank/bank-kurgan/deposits/rante,Нет,Есть,Нет,2025-07-01
3808,1110,9999,10000.0,49999.0,7.3,Курган,Оптимальный,Вклад,2568,https://bankiros.ru/bank/bank-kurgan/deposits/optimalnyj,Есть,Есть,Нет,2025-07-01
3809,1110,9999,50000.0,149999.0,7.5,Курган,Оптимальный,Вклад,2568,https://bankiros.ru/bank/bank-kurgan/deposits/optimalnyj,Есть,Есть,Нет,2025-07-01
3810,1110,9999,150000.0,499999.0,7.7,Курган,Оптимальный,Вклад,2568,https://bankiros.ru/bank/bank-kurgan/deposits/optimalnyj,Есть,Есть,Нет,2025-07-01
3811,1110,9999,500000.0,2999990.0,7.8,Курган,Оптимальный,Вклад,2568,https://bankiros.ru/bank/bank-kurgan/deposits/optimalnyj,Есть,Есть,Нет,2025-07-01
3812,1110,9999,3000000.0,999999999.0,7.6,Курган,Оптимальный,Вклад,2568,https://bankiros.ru/bank/bank-kurgan/deposits/optimalnyj,Есть,Есть,Нет,2025-07-01
3813,180,9999,200000.0,999999999.0,19.0,Курган,Перспектива,Вклад,2568,https://bankiros.ru/bank/bank-kurgan/deposits/perspektiva-56,Нет,Нет,Нет,2025-07-01
3814,95,184,50000.0,299999.0,13.2,Курган,Срочный,Вклад,2568,https://bankiros.ru/bank/bank-kurgan/deposits/srochnyj,Нет,Нет,Нет,2025-07-01
3815,95,184,300000.0,999999999.0,16.0,Курган,Срочный,Вклад,2568,https://bankiros.ru/bank/bank-kurgan/deposits/srochnyj,Нет,Нет,Нет,2025-07-01
3816,185,369,50000.0,299999.0,13.6,Курган,Срочный,Вклад,2568,https://bankiros.ru/bank/bank-kurgan/deposits/srochnyj,Нет,Нет,Нет,2025-07-01
3817,185,369,300000.0,999999999.0,11.5,Курган,Срочный,Вклад,2568,https://bankiros.ru/bank/bank-kurgan/deposits/srochnyj,Нет,Нет,Нет,2025-07-01
3818,370,749,50000.0,299999.0,13.5,Курган,Срочный,Вклад,2568,https://bankiros.ru/bank/bank-kurgan/deposits/srochnyj,Нет,Нет,Нет,2025-07-01
3819,370,749,300000.0,999999999.0,16.7,Курган,Срочный,Вклад,2568,https://bankiros.ru/bank/bank-kurgan/deposits/srochnyj,Нет,Нет,Нет,2025-07-01
3820,750,9999,50000.0,299999.0,13.8,Курган,Срочный,Вклад,2568,https://bankiros.ru/bank/bank-kurgan/deposits/srochnyj,Нет,Нет,Нет,2025-07-01
3821,750,9999,300000.0,999999999.0,11.7,Курган,Срочный,Вклад,2568,https://bankiros.ru/bank/bank-kurgan/deposits/srochnyj,Нет,Нет,Нет,2025-07-01
3822,95,184,30000.0,299999.0,12.0,Курган,Накопительный,Накопительный счет,2568,https://bankiros.ru/bank/bank-kurgan/deposits/nakopitelnyj-15,Есть,Нет,Нет,2025-07-01
3823,95,184,300000.0,999999999.0,13.2,Курган,Накопительный,Накопительный счет,2568,https://bankiros.ru/bank/bank-kurgan/deposits/nakopitelnyj-15,Есть,Нет,Нет,2025-07-01
3824,185,369,30000.0,299999.0,10.4,Курган,Накопительный,Накопительный счет,2568,https://bankiros.ru/bank/bank-kurgan/deposits/nakopitelnyj-15,Есть,Нет,Нет,2025-07-01
3825,185,369,300000.0,999999999.0,8.2,Курган,Накопительный,Накопительный счет,2568,https://bankiros.ru/bank/bank-kurgan/deposits/nakopitelnyj-15,Есть,Нет,Нет,2025-07-01
3826,370,749,30000.0,299999.0,12.3,Курган,Накопительный,Накопительный счет,2568,https://bankiros.ru/bank/bank-kurgan/deposits/nakopitelnyj-15,Есть,Нет,Нет,2025-07-01
3827,370,749,300000.0,999999999.0,13.7,Курган,Накопительный,Накопительный счет,2568,https://bankiros.ru/bank/bank-kurgan/deposits/nakopitelnyj-15,Есть,Нет,Нет,2025-07-01
3828,750,9999,30000.0,299999.0,10.6,Курган,Накопительный,Накопительный счет,2568,https://bankiros.ru/bank/bank-kurgan/deposits/nakopitelnyj-15,Есть,Нет,Нет,2025-07-01
3829,750,9999,300000.0,999999999.0,8.5,Курган,Накопительный,Накопительный счет,2568,https://bankiros.ru/bank/bank-kurgan/deposits/nakopitelnyj-15,Есть,Нет,Нет,2025-07-01
3830,1110,9999,10000.0,999999999.0,14.5,Курган,Пенсионный — накопительный,Вклад,2568,https://bankiros.ru/bank/bank-kurgan/deposits/pensionnyj-nakopitelnyj,Есть,Есть,Есть,2025-07-01
3831,1110,9999,100.0,999999999.0,3.0,Курган,Пенсионный,Вклад,2568,https://bankiros.ru/bank/bank-kurgan/deposits/pensionnyj,Есть,Есть,Есть,2025-07-01
3832,91,180,30000.0,1500000.0,19.35,Пересвет,Капитальный ПЛЮС,Вклад,2110,https://bankiros.ru/bank/peresvet/deposits/kapitalnyj-plus,Нет,Нет,Есть,2025-07-01
3833,91,180,1500010.0,999999999.0,18.55,Пересвет,Капитальный ПЛЮС,Вклад,2110,https://bankiros.ru/bank/peresvet/deposits/kapitalnyj-plus,Нет,Нет,Есть,2025-07-01
3834,181,365,30000.0,1500000.0,16.65,Пересвет,Капитальный ПЛЮС,Вклад,2110,https://bankiros.ru/bank/peresvet/deposits/kapitalnyj-plus,Нет,Нет,Есть,2025-07-01
3835,181,365,1500010.0,999999999.0,20.45,Пересвет,Капитальный ПЛЮС,Вклад,2110,https://bankiros.ru/bank/peresvet/deposits/kapitalnyj-plus,Нет,Нет,Есть,2025-07-01
3836,366,9999,30000.0,1500000.0,19.45,Пересвет,Капитальный ПЛЮС,Вклад,2110,https://bankiros.ru/bank/peresvet/deposits/kapitalnyj-plus,Нет,Нет,Есть,2025-07-01
3837,366,9999,1500010.0,999999999.0,17.15,Пересвет,Капитальный ПЛЮС,Вклад,2110,https://bankiros.ru/bank/peresvet/deposits/kapitalnyj-plus,Нет,Нет,Есть,2025-07-01
3838,181,365,30000.0,1499990.0,18.55,Пересвет,Инвестиционный,Вклад,2110,https://bankiros.ru/bank/peresvet/deposits/investicionnyj-58,Нет,Нет,Есть,2025-07-01
3839,181,365,1500000.0,2999990.0,16.65,Пересвет,Инвестиционный,Вклад,2110,https://bankiros.ru/bank/peresvet/deposits/investicionnyj-58,Нет,Нет,Есть,2025-07-01
3840,181,365,3000000.0,14999900.0,12.15,Пересвет,Инвестиционный,Вклад,2110,https://bankiros.ru/bank/peresvet/deposits/investicionnyj-58,Нет,Нет,Есть,2025-07-01
3841,181,365,15000000.0,59999900.0,18.55,Пересвет,Инвестиционный,Вклад,2110,https://bankiros.ru/bank/peresvet/deposits/investicionnyj-58,Нет,Нет,Есть,2025-07-01
3842,181,365,60000000.0,999999999.0,16.65,Пересвет,Инвестиционный,Вклад,2110,https://bankiros.ru/bank/peresvet/deposits/investicionnyj-58,Нет,Нет,Есть,2025-07-01
3843,366,545,30000.0,1499990.0,12.15,Пересвет,Инвестиционный,Вклад,2110,https://bankiros.ru/bank/peresvet/deposits/investicionnyj-58,Нет,Нет,Есть,2025-07-01
3844,366,545,1500000.0,2999990.0,19.45,Пересвет,Инвестиционный,Вклад,2110,https://bankiros.ru/bank/peresvet/deposits/investicionnyj-58,Нет,Нет,Есть,2025-07-01
3845,366,545,3000000.0,14999900.0,17.15,Пересвет,Инвестиционный,Вклад,2110,https://bankiros.ru/bank/peresvet/deposits/investicionnyj-58,Нет,Нет,Есть,2025-07-01
3846,366,545,15000000.0,59999900.0,12.15,Пересвет,Инвестиционный,Вклад,2110,https://bankiros.ru/bank/peresvet/deposits/investicionnyj-58,Нет,Нет,Есть,2025-07-01
3847,366,545,60000000.0,999999999.0,19.45,Пересвет,Инвестиционный,Вклад,2110,https://bankiros.ru/bank/peresvet/deposits/investicionnyj-58,Нет,Нет,Есть,2025-07-01
3848,546,732,30000.0,1499990.0,17.15,Пересвет,Инвестиционный,Вклад,2110,https://bankiros.ru/bank/peresvet/deposits/investicionnyj-58,Нет,Нет,Есть,2025-07-01
3849,546,732,1500000.0,2999990.0,12.15,Пересвет,Инвестиционный,Вклад,2110,https://bankiros.ru/bank/peresvet/deposits/investicionnyj-58,Нет,Нет,Есть,2025-07-01
3850,546,732,3000000.0,14999900.0,19.45,Пересвет,Инвестиционный,Вклад,2110,https://bankiros.ru/bank/peresvet/deposits/investicionnyj-58,Нет,Нет,Есть,2025-07-01
3851,546,732,15000000.0,59999900.0,17.15,Пересвет,Инвестиционный,Вклад,2110,https://bankiros.ru/bank/peresvet/deposits/investicionnyj-58,Нет,Нет,Есть,2025-07-01
3852,546,732,60000000.0,999999999.0,12.15,Пересвет,Инвестиционный,Вклад,2110,https://bankiros.ru/bank/peresvet/deposits/investicionnyj-58,Нет,Нет,Есть,2025-07-01
3853,31,90,30000.0,100000.0,15.35,Пересвет,Активный,Вклад,2110,https://bankiros.ru/bank/peresvet/deposits/aktivnyj-9,Есть,Есть,Есть,2025-07-01
3854,31,90,100001.0,500000.0,15.5,Пересвет,Активный,Вклад,2110,https://bankiros.ru/bank/peresvet/deposits/aktivnyj-9,Есть,Есть,Есть,2025-07-01
3855,31,90,500001.0,1500000.0,13.0,Пересвет,Активный,Вклад,2110,https://bankiros.ru/bank/peresvet/deposits/aktivnyj-9,Есть,Есть,Есть,2025-07-01
3856,31,90,1500010.0,999999999.0,15.4,Пересвет,Активный,Вклад,2110,https://bankiros.ru/bank/peresvet/deposits/aktivnyj-9,Есть,Есть,Есть,2025-07-01
3857,91,180,30000.0,100000.0,15.55,Пересвет,Активный,Вклад,2110,https://bankiros.ru/bank/peresvet/deposits/aktivnyj-9,Есть,Есть,Есть,2025-07-01
3858,91,180,100001.0,500000.0,13.05,Пересвет,Активный,Вклад,2110,https://bankiros.ru/bank/peresvet/deposits/aktivnyj-9,Есть,Есть,Есть,2025-07-01
3859,91,180,500001.0,1500000.0,15.45,Пересвет,Активный,Вклад,2110,https://bankiros.ru/bank/peresvet/deposits/aktivnyj-9,Есть,Есть,Есть,2025-07-01
3860,91,180,1500010.0,999999999.0,15.6,Пересвет,Активный,Вклад,2110,https://bankiros.ru/bank/peresvet/deposits/aktivnyj-9,Есть,Есть,Есть,2025-07-01
3861,181,365,30000.0,100000.0,13.1,Пересвет,Активный,Вклад,2110,https://bankiros.ru/bank/peresvet/deposits/aktivnyj-9,Есть,Есть,Есть,2025-07-01
3862,181,365,100001.0,500000.0,15.5,Пересвет,Активный,Вклад,2110,https://bankiros.ru/bank/peresvet/deposits/aktivnyj-9,Есть,Есть,Есть,2025-07-01
3863,181,365,500001.0,1500000.0,15.65,Пересвет,Активный,Вклад,2110,https://bankiros.ru/bank/peresvet/deposits/aktivnyj-9,Есть,Есть,Есть,2025-07-01
3864,181,365,1500010.0,999999999.0,13.15,Пересвет,Активный,Вклад,2110,https://bankiros.ru/bank/peresvet/deposits/aktivnyj-9,Есть,Есть,Есть,2025-07-01
3865,186,279,50000.0,999999999.0,20.0,КАМКОМБАНК,Жара,Вклад,438,https://bankiros.ru/bank/kamkombank/deposits/zara,Нет,Нет,Есть,2025-07-01
3866,280,9999,50000.0,999999999.0,19.25,КАМКОМБАНК,Жара,Вклад,438,https://bankiros.ru/bank/kamkombank/deposits/zara,Нет,Нет,Есть,2025-07-01
3867,93,182,100000.0,5000000.0,18.5,Банк Финсервис,Сезонный,Вклад,3388,https://bankiros.ru/bank/finservice/deposits/sezonnyj-81,Нет,Нет,Нет,2025-07-01
3868,183,9999,100000.0,5000000.0,19.5,Банк Финсервис,Сезонный,Вклад,3388,https://bankiros.ru/bank/finservice/deposits/sezonnyj-81,Нет,Нет,Нет,2025-07-01
3869,183,367,50000000.0,999999999.0,17.5,Банк Финсервис,Доходный плюс,Вклад,3388,https://bankiros.ru/bank/finservice/deposits/dohodnyj-78,Нет,Нет,Есть,2025-07-01
3870,368,733,50000000.0,999999999.0,14.5,Банк Финсервис,Доходный плюс,Вклад,3388,https://bankiros.ru/bank/finservice/deposits/dohodnyj-78,Нет,Нет,Есть,2025-07-01
3871,734,9999,50000000.0,999999999.0,10.25,Банк Финсервис,Доходный плюс,Вклад,3388,https://bankiros.ru/bank/finservice/deposits/dohodnyj-78,Нет,Нет,Есть,2025-07-01
3872,93,182,1000.0,1000000.0,14.35,Банк Финсервис,Решение онлайн,Вклад,3388,https://bankiros.ru/bank/finservice/deposits/resenie-onlajn,Есть,Есть,Есть,2025-07-01
3873,93,182,1000010.0,999999999.0,14.65,Банк Финсервис,Решение онлайн,Вклад,3388,https://bankiros.ru/bank/finservice/deposits/resenie-onlajn,Есть,Есть,Есть,2025-07-01
3874,183,274,1000.0,1000000.0,13.7,Банк Финсервис,Решение онлайн,Вклад,3388,https://bankiros.ru/bank/finservice/deposits/resenie-onlajn,Есть,Есть,Есть,2025-07-01
3875,183,274,1000010.0,999999999.0,13.25,Банк Финсервис,Решение онлайн,Вклад,3388,https://bankiros.ru/bank/finservice/deposits/resenie-onlajn,Есть,Есть,Есть,2025-07-01
3876,275,367,1000.0,1000000.0,9.8,Банк Финсервис,Решение онлайн,Вклад,3388,https://bankiros.ru/bank/finservice/deposits/resenie-onlajn,Есть,Есть,Есть,2025-07-01
3877,275,367,1000010.0,999999999.0,9.45,Банк Финсервис,Решение онлайн,Вклад,3388,https://bankiros.ru/bank/finservice/deposits/resenie-onlajn,Есть,Есть,Есть,2025-07-01
3878,368,733,1000.0,1000000.0,14.45,Банк Финсервис,Решение онлайн,Вклад,3388,https://bankiros.ru/bank/finservice/deposits/resenie-onlajn,Есть,Есть,Есть,2025-07-01
3879,368,733,1000010.0,999999999.0,14.75,Банк Финсервис,Решение онлайн,Вклад,3388,https://bankiros.ru/bank/finservice/deposits/resenie-onlajn,Есть,Есть,Есть,2025-07-01
3880,734,1099,1000.0,1000000.0,13.8,Банк Финсервис,Решение онлайн,Вклад,3388,https://bankiros.ru/bank/finservice/deposits/resenie-onlajn,Есть,Есть,Есть,2025-07-01
3881,734,1099,1000010.0,999999999.0,13.35,Банк Финсервис,Решение онлайн,Вклад,3388,https://bankiros.ru/bank/finservice/deposits/resenie-onlajn,Есть,Есть,Есть,2025-07-01
3882,1100,9999,1000.0,1000000.0,9.9,Банк Финсервис,Решение онлайн,Вклад,3388,https://bankiros.ru/bank/finservice/deposits/resenie-onlajn,Есть,Есть,Есть,2025-07-01
3883,1100,9999,1000010.0,999999999.0,9.55,Банк Финсервис,Решение онлайн,Вклад,3388,https://bankiros.ru/bank/finservice/deposits/resenie-onlajn,Есть,Есть,Есть,2025-07-01
3884,368,733,5000000.0,999999999.0,18.0,Банк Финсервис,VIP плюс,Вклад,3388,https://bankiros.ru/bank/finservice/deposits/vip,Есть,Есть,Есть,2025-07-01
3885,734,1099,5000000.0,999999999.0,10.25,Банк Финсервис,VIP плюс,Вклад,3388,https://bankiros.ru/bank/finservice/deposits/vip,Есть,Есть,Есть,2025-07-01
3886,1100,9999,5000000.0,999999999.0,10.0,Банк Финсервис,VIP плюс,Вклад,3388,https://bankiros.ru/bank/finservice/deposits/vip,Есть,Есть,Есть,2025-07-01
3887,93,182,50000.0,100000.0,13.85,Банк Финсервис,Классика плюс,Вклад,3388,https://bankiros.ru/bank/finservice/deposits/klassika,Есть,Нет,Есть,2025-07-01
3888,93,182,100000.0,999999999.0,14.15,Банк Финсервис,Классика плюс,Вклад,3388,https://bankiros.ru/bank/finservice/deposits/klassika,Есть,Нет,Есть,2025-07-01
3889,93,182,100001.0,1000000.0,13.2,Банк Финсервис,Классика плюс,Вклад,3388,https://bankiros.ru/bank/finservice/deposits/klassika,Есть,Нет,Есть,2025-07-01
3890,93,182,1000010.0,999999999.0,12.75,Банк Финсервис,Классика плюс,Вклад,3388,https://bankiros.ru/bank/finservice/deposits/klassika,Есть,Нет,Есть,2025-07-01
3891,183,274,50000.0,100000.0,,Банк Финсервис,Классика плюс,Вклад,3388,https://bankiros.ru/bank/finservice/deposits/klassika,Есть,Нет,Есть,2025-07-01
3892,183,274,100000.0,999999999.0,,Банк Финсервис,Классика плюс,Вклад,3388,https://bankiros.ru/bank/finservice/deposits/klassika,Есть,Нет,Есть,2025-07-01
3893,183,274,100001.0,1000000.0,,Банк Финсервис,Классика плюс,Вклад,3388,https://bankiros.ru/bank/finservice/deposits/klassika,Есть,Нет,Есть,2025-07-01
3894,183,274,1000010.0,999999999.0,,Банк Финсервис,Классика плюс,Вклад,3388,https://bankiros.ru/bank/finservice/deposits/klassika,Есть,Нет,Есть,2025-07-01
3895,275,367,50000.0,100000.0,,Банк Финсервис,Классика плюс,Вклад,3388,https://bankiros.ru/bank/finservice/deposits/klassika,Есть,Нет,Есть,2025-07-01
3896,275,367,100000.0,999999999.0,,Банк Финсервис,Классика плюс,Вклад,3388,https://bankiros.ru/bank/finservice/deposits/klassika,Есть,Нет,Есть,2025-07-01
3897,275,367,100001.0,1000000.0,9.3,Банк Финсервис,Классика плюс,Вклад,3388,https://bankiros.ru/bank/finservice/deposits/klassika,Есть,Нет,Есть,2025-07-01
3898,275,367,1000010.0,999999999.0,8.95,Банк Финсервис,Классика плюс,Вклад,3388,https://bankiros.ru/bank/finservice/deposits/klassika,Есть,Нет,Есть,2025-07-01
3899,368,733,50000.0,100000.0,13.95,Банк Финсервис,Классика плюс,Вклад,3388,https://bankiros.ru/bank/finservice/deposits/klassika,Есть,Нет,Есть,2025-07-01
3900,368,733,100000.0,999999999.0,14.25,Банк Финсервис,Классика плюс,Вклад,3388,https://bankiros.ru/bank/finservice/deposits/klassika,Есть,Нет,Есть,2025-07-01
3901,368,733,100001.0,1000000.0,13.3,Банк Финсервис,Классика плюс,Вклад,3388,https://bankiros.ru/bank/finservice/deposits/klassika,Есть,Нет,Есть,2025-07-01
3902,368,733,1000010.0,999999999.0,12.85,Банк Финсервис,Классика плюс,Вклад,3388,https://bankiros.ru/bank/finservice/deposits/klassika,Есть,Нет,Есть,2025-07-01
3903,734,1099,50000.0,100000.0,9.4,Банк Финсервис,Классика плюс,Вклад,3388,https://bankiros.ru/bank/finservice/deposits/klassika,Есть,Нет,Есть,2025-07-01
3904,734,1099,100000.0,999999999.0,9.05,Банк Финсервис,Классика плюс,Вклад,3388,https://bankiros.ru/bank/finservice/deposits/klassika,Есть,Нет,Есть,2025-07-01
3905,734,1099,100001.0,1000000.0,14.05,Банк Финсервис,Классика плюс,Вклад,3388,https://bankiros.ru/bank/finservice/deposits/klassika,Есть,Нет,Есть,2025-07-01
3906,734,1099,1000010.0,999999999.0,14.35,Банк Финсервис,Классика плюс,Вклад,3388,https://bankiros.ru/bank/finservice/deposits/klassika,Есть,Нет,Есть,2025-07-01
3907,1100,9999,50000.0,100000.0,13.4,Банк Финсервис,Классика плюс,Вклад,3388,https://bankiros.ru/bank/finservice/deposits/klassika,Есть,Нет,Есть,2025-07-01
3908,1100,9999,100000.0,999999999.0,12.95,Банк Финсервис,Классика плюс,Вклад,3388,https://bankiros.ru/bank/finservice/deposits/klassika,Есть,Нет,Есть,2025-07-01
3909,1100,9999,100001.0,1000000.0,9.5,Банк Финсервис,Классика плюс,Вклад,3388,https://bankiros.ru/bank/finservice/deposits/klassika,Есть,Нет,Есть,2025-07-01
3910,1100,9999,1000010.0,999999999.0,9.15,Банк Финсервис,Классика плюс,Вклад,3388,https://bankiros.ru/bank/finservice/deposits/klassika,Есть,Нет,Есть,2025-07-01
3911,93,182,50000.0,100000.0,12.3,Банк Финсервис,Удобный плюс,Вклад,3388,https://bankiros.ru/bank/finservice/deposits/udobnyj-15,Есть,Нет,Есть,2025-07-01
3912,93,182,100000.0,999999999.0,12.55,Банк Финсервис,Удобный плюс,Вклад,3388,https://bankiros.ru/bank/finservice/deposits/udobnyj-15,Есть,Нет,Есть,2025-07-01
3913,93,182,100001.0,1000000.0,11.95,Банк Финсервис,Удобный плюс,Вклад,3388,https://bankiros.ru/bank/finservice/deposits/udobnyj-15,Есть,Нет,Есть,2025-07-01
3914,93,182,1000010.0,999999999.0,10.0,Банк Финсервис,Удобный плюс,Вклад,3388,https://bankiros.ru/bank/finservice/deposits/udobnyj-15,Есть,Нет,Есть,2025-07-01
3915,183,274,50000.0,100000.0,,Банк Финсервис,Удобный плюс,Вклад,3388,https://bankiros.ru/bank/finservice/deposits/udobnyj-15,Есть,Нет,Есть,2025-07-01
3916,183,274,100000.0,999999999.0,,Банк Финсервис,Удобный плюс,Вклад,3388,https://bankiros.ru/bank/finservice/deposits/udobnyj-15,Есть,Нет,Есть,2025-07-01
3917,183,274,100001.0,1000000.0,,Банк Финсервис,Удобный плюс,Вклад,3388,https://bankiros.ru/bank/finservice/deposits/udobnyj-15,Есть,Нет,Есть,2025-07-01
3918,183,274,1000010.0,999999999.0,,Банк Финсервис,Удобный плюс,Вклад,3388,https://bankiros.ru/bank/finservice/deposits/udobnyj-15,Есть,Нет,Есть,2025-07-01
3919,275,367,50000.0,100000.0,,Банк Финсервис,Удобный плюс,Вклад,3388,https://bankiros.ru/bank/finservice/deposits/udobnyj-15,Есть,Нет,Есть,2025-07-01
3920,275,367,100000.0,999999999.0,,Банк Финсервис,Удобный плюс,Вклад,3388,https://bankiros.ru/bank/finservice/deposits/udobnyj-15,Есть,Нет,Есть,2025-07-01
3921,275,367,100001.0,1000000.0,8.0,Банк Финсервис,Удобный плюс,Вклад,3388,https://bankiros.ru/bank/finservice/deposits/udobnyj-15,Есть,Нет,Есть,2025-07-01
3922,275,367,1000010.0,999999999.0,7.65,Банк Финсервис,Удобный плюс,Вклад,3388,https://bankiros.ru/bank/finservice/deposits/udobnyj-15,Есть,Нет,Есть,2025-07-01
3923,368,733,50000.0,100000.0,12.4,Банк Финсервис,Удобный плюс,Вклад,3388,https://bankiros.ru/bank/finservice/deposits/udobnyj-15,Есть,Нет,Есть,2025-07-01
3924,368,733,100000.0,999999999.0,12.6,Банк Финсервис,Удобный плюс,Вклад,3388,https://bankiros.ru/bank/finservice/deposits/udobnyj-15,Есть,Нет,Есть,2025-07-01
3925,368,733,100001.0,1000000.0,12.05,Банк Финсервис,Удобный плюс,Вклад,3388,https://bankiros.ru/bank/finservice/deposits/udobnyj-15,Есть,Нет,Есть,2025-07-01
3926,368,733,1000010.0,999999999.0,10.1,Банк Финсервис,Удобный плюс,Вклад,3388,https://bankiros.ru/bank/finservice/deposits/udobnyj-15,Есть,Нет,Есть,2025-07-01
3927,734,1099,50000.0,100000.0,8.1,Банк Финсервис,Удобный плюс,Вклад,3388,https://bankiros.ru/bank/finservice/deposits/udobnyj-15,Есть,Нет,Есть,2025-07-01
3928,734,1099,100000.0,999999999.0,7.75,Банк Финсервис,Удобный плюс,Вклад,3388,https://bankiros.ru/bank/finservice/deposits/udobnyj-15,Есть,Нет,Есть,2025-07-01
3929,734,1099,100001.0,1000000.0,12.5,Банк Финсервис,Удобный плюс,Вклад,3388,https://bankiros.ru/bank/finservice/deposits/udobnyj-15,Есть,Нет,Есть,2025-07-01
3930,734,1099,1000010.0,999999999.0,12.7,Банк Финсервис,Удобный плюс,Вклад,3388,https://bankiros.ru/bank/finservice/deposits/udobnyj-15,Есть,Нет,Есть,2025-07-01
3931,1100,9999,50000.0,100000.0,12.15,Банк Финсервис,Удобный плюс,Вклад,3388,https://bankiros.ru/bank/finservice/deposits/udobnyj-15,Есть,Нет,Есть,2025-07-01
3932,1100,9999,100000.0,999999999.0,10.2,Банк Финсервис,Удобный плюс,Вклад,3388,https://bankiros.ru/bank/finservice/deposits/udobnyj-15,Есть,Нет,Есть,2025-07-01
3933,1100,9999,100001.0,1000000.0,8.2,Банк Финсервис,Удобный плюс,Вклад,3388,https://bankiros.ru/bank/finservice/deposits/udobnyj-15,Есть,Нет,Есть,2025-07-01
3934,1100,9999,1000010.0,999999999.0,7.85,Банк Финсервис,Удобный плюс,Вклад,3388,https://bankiros.ru/bank/finservice/deposits/udobnyj-15,Есть,Нет,Есть,2025-07-01
3935,368,9999,50000.0,999999999.0,19.75,Банк Финсервис,Счастливое будущее,Вклад,3388,https://bankiros.ru/bank/finservice/deposits/scastlivoe-budusee,Есть,Нет,Есть,2025-07-01
3936,1,90,100000.0,4999990.0,19.2,Центр-инвест,Универсальный,Вклад,2225,https://bankiros.ru/bank/centr-invest/deposits/universalnyj-39,Нет,Нет,Нет,2025-07-01
3937,1,90,5000000.0,999999999.0,14.0,Центр-инвест,Универсальный,Вклад,2225,https://bankiros.ru/bank/centr-invest/deposits/universalnyj-39,Нет,Нет,Нет,2025-07-01
3938,91,181,100000.0,4999990.0,12.0,Центр-инвест,Универсальный,Вклад,2225,https://bankiros.ru/bank/centr-invest/deposits/universalnyj-39,Нет,Нет,Нет,2025-07-01
3939,91,181,5000000.0,999999999.0,9.5,Центр-инвест,Универсальный,Вклад,2225,https://bankiros.ru/bank/centr-invest/deposits/universalnyj-39,Нет,Нет,Нет,2025-07-01
3940,182,271,100000.0,4999990.0,5.0,Центр-инвест,Универсальный,Вклад,2225,https://bankiros.ru/bank/centr-invest/deposits/universalnyj-39,Нет,Нет,Нет,2025-07-01
3941,182,271,5000000.0,999999999.0,4.0,Центр-инвест,Универсальный,Вклад,2225,https://bankiros.ru/bank/centr-invest/deposits/universalnyj-39,Нет,Нет,Нет,2025-07-01
3942,272,365,100000.0,4999990.0,19.5,Центр-инвест,Универсальный,Вклад,2225,https://bankiros.ru/bank/centr-invest/deposits/universalnyj-39,Нет,Нет,Нет,2025-07-01
3943,272,365,5000000.0,999999999.0,14.5,Центр-инвест,Универсальный,Вклад,2225,https://bankiros.ru/bank/centr-invest/deposits/universalnyj-39,Нет,Нет,Нет,2025-07-01
3944,366,731,100000.0,4999990.0,12.5,Центр-инвест,Универсальный,Вклад,2225,https://bankiros.ru/bank/centr-invest/deposits/universalnyj-39,Нет,Нет,Нет,2025-07-01
3945,366,731,5000000.0,999999999.0,10.0,Центр-инвест,Универсальный,Вклад,2225,https://bankiros.ru/bank/centr-invest/deposits/universalnyj-39,Нет,Нет,Нет,2025-07-01
3946,732,1097,100000.0,4999990.0,5.0,Центр-инвест,Универсальный,Вклад,2225,https://bankiros.ru/bank/centr-invest/deposits/universalnyj-39,Нет,Нет,Нет,2025-07-01
3947,732,1097,5000000.0,999999999.0,4.0,Центр-инвест,Универсальный,Вклад,2225,https://bankiros.ru/bank/centr-invest/deposits/universalnyj-39,Нет,Нет,Нет,2025-07-01
3948,1,181,3000000.0,999999999.0,15.0,Центр-инвест,Премиальный,Вклад,2225,https://bankiros.ru/bank/centr-invest/deposits/premialnyj-20,Есть,Есть,Есть,2025-07-01
3949,182,365,3000000.0,999999999.0,10.0,Центр-инвест,Премиальный,Вклад,2225,https://bankiros.ru/bank/centr-invest/deposits/premialnyj-20,Есть,Есть,Есть,2025-07-01
3950,366,731,3000000.0,999999999.0,5.0,Центр-инвест,Премиальный,Вклад,2225,https://bankiros.ru/bank/centr-invest/deposits/premialnyj-20,Есть,Есть,Есть,2025-07-01
3951,732,1097,3000000.0,999999999.0,4.0,Центр-инвест,Премиальный,Вклад,2225,https://bankiros.ru/bank/centr-invest/deposits/premialnyj-20,Есть,Есть,Есть,2025-07-01
3952,365,9999,100000.0,999999999.0,15.5,Центр-инвест,Зелёный,Вклад,2225,https://bankiros.ru/bank/centr-invest/deposits/zelenyj,Нет,Нет,Есть,2025-07-01
3953,1,90,3000000.0,999999999.0,18.7,Центр-инвест,Эксклюзивный,Вклад,2225,https://bankiros.ru/bank/centr-invest/deposits/ekskluzivnyj,Нет,Нет,Нет,2025-07-01
3954,91,181,3000000.0,999999999.0,15.0,Центр-инвест,Эксклюзивный,Вклад,2225,https://bankiros.ru/bank/centr-invest/deposits/ekskluzivnyj,Нет,Нет,Нет,2025-07-01
3955,182,271,3000000.0,999999999.0,13.0,Центр-инвест,Эксклюзивный,Вклад,2225,https://bankiros.ru/bank/centr-invest/deposits/ekskluzivnyj,Нет,Нет,Нет,2025-07-01
3956,272,365,3000000.0,999999999.0,11.0,Центр-инвест,Эксклюзивный,Вклад,2225,https://bankiros.ru/bank/centr-invest/deposits/ekskluzivnyj,Нет,Нет,Нет,2025-07-01
3957,366,731,3000000.0,999999999.0,5.0,Центр-инвест,Эксклюзивный,Вклад,2225,https://bankiros.ru/bank/centr-invest/deposits/ekskluzivnyj,Нет,Нет,Нет,2025-07-01
3958,732,1097,3000000.0,999999999.0,4.0,Центр-инвест,Эксклюзивный,Вклад,2225,https://bankiros.ru/bank/centr-invest/deposits/ekskluzivnyj,Нет,Нет,Нет,2025-07-01
3959,1,365,500000.0,999999999.0,9.5,Центр-инвест,Накопительный с неснижаемым остатком,Накопительный счет,2225,https://bankiros.ru/bank/centr-invest/deposits/nakopitelnyy-s-nesnizhaemym-ostatkom,Есть,Есть,Нет,2025-07-01
3960,366,730,500000.0,999999999.0,5.0,Центр-инвест,Накопительный с неснижаемым остатком,Накопительный счет,2225,https://bankiros.ru/bank/centr-invest/deposits/nakopitelnyy-s-nesnizhaemym-ostatkom,Есть,Есть,Нет,2025-07-01
3961,732,1096,500000.0,999999999.0,4.0,Центр-инвест,Накопительный с неснижаемым остатком,Накопительный счет,2225,https://bankiros.ru/bank/centr-invest/deposits/nakopitelnyy-s-nesnizhaemym-ostatkom,Есть,Есть,Нет,2025-07-01
3962,1,9999,10.0,999999999.0,0.2,Центр-инвест,До востребования,Вклад,2225,https://bankiros.ru/bank/centr-invest/deposits/do-vostrebovania-31,Есть,Есть,Нет,2025-07-01
3963,91,180,1000.0,1499990.0,16.9,ОТП Банк,Горизонт,Вклад,2766,https://bankiros.ru/bank/otpbank/deposits/gorizont-3,Нет,Нет,Есть,2025-07-01
3964,91,180,1500000.0,14999900.0,18.5,ОТП Банк,Горизонт,Вклад,2766,https://bankiros.ru/bank/otpbank/deposits/gorizont-3,Нет,Нет,Есть,2025-07-01
3965,91,180,15000000.0,600000000.0,17.8,ОТП Банк,Горизонт,Вклад,2766,https://bankiros.ru/bank/otpbank/deposits/gorizont-3,Нет,Нет,Есть,2025-07-01
3966,181,274,1000.0,1499990.0,17.7,ОТП Банк,Горизонт,Вклад,2766,https://bankiros.ru/bank/otpbank/deposits/gorizont-3,Нет,Нет,Есть,2025-07-01
3967,181,274,1500000.0,14999900.0,13.0,ОТП Банк,Горизонт,Вклад,2766,https://bankiros.ru/bank/otpbank/deposits/gorizont-3,Нет,Нет,Есть,2025-07-01
3968,181,274,15000000.0,600000000.0,12.5,ОТП Банк,Горизонт,Вклад,2766,https://bankiros.ru/bank/otpbank/deposits/gorizont-3,Нет,Нет,Есть,2025-07-01
3969,275,365,1000.0,1499990.0,12.0,ОТП Банк,Горизонт,Вклад,2766,https://bankiros.ru/bank/otpbank/deposits/gorizont-3,Нет,Нет,Есть,2025-07-01
3970,275,365,1500000.0,14999900.0,17.1,ОТП Банк,Горизонт,Вклад,2766,https://bankiros.ru/bank/otpbank/deposits/gorizont-3,Нет,Нет,Есть,2025-07-01
3971,275,365,15000000.0,600000000.0,18.8,ОТП Банк,Горизонт,Вклад,2766,https://bankiros.ru/bank/otpbank/deposits/gorizont-3,Нет,Нет,Есть,2025-07-01
3972,366,459,1000.0,1499990.0,18.0,ОТП Банк,Горизонт,Вклад,2766,https://bankiros.ru/bank/otpbank/deposits/gorizont-3,Нет,Нет,Есть,2025-07-01
3973,366,459,1500000.0,14999900.0,17.9,ОТП Банк,Горизонт,Вклад,2766,https://bankiros.ru/bank/otpbank/deposits/gorizont-3,Нет,Нет,Есть,2025-07-01
3974,366,459,15000000.0,600000000.0,13.3,ОТП Банк,Горизонт,Вклад,2766,https://bankiros.ru/bank/otpbank/deposits/gorizont-3,Нет,Нет,Есть,2025-07-01
3975,460,548,1000.0,1499990.0,12.8,ОТП Банк,Горизонт,Вклад,2766,https://bankiros.ru/bank/otpbank/deposits/gorizont-3,Нет,Нет,Есть,2025-07-01
3976,460,548,1500000.0,14999900.0,12.3,ОТП Банк,Горизонт,Вклад,2766,https://bankiros.ru/bank/otpbank/deposits/gorizont-3,Нет,Нет,Есть,2025-07-01
3977,460,548,15000000.0,600000000.0,17.2,ОТП Банк,Горизонт,Вклад,2766,https://bankiros.ru/bank/otpbank/deposits/gorizont-3,Нет,Нет,Есть,2025-07-01
3978,549,731,1000.0,1499990.0,19.1,ОТП Банк,Горизонт,Вклад,2766,https://bankiros.ru/bank/otpbank/deposits/gorizont-3,Нет,Нет,Есть,2025-07-01
3979,549,731,1500000.0,14999900.0,18.3,ОТП Банк,Горизонт,Вклад,2766,https://bankiros.ru/bank/otpbank/deposits/gorizont-3,Нет,Нет,Есть,2025-07-01
3980,549,731,15000000.0,600000000.0,18.1,ОТП Банк,Горизонт,Вклад,2766,https://bankiros.ru/bank/otpbank/deposits/gorizont-3,Нет,Нет,Есть,2025-07-01
3981,732,9999,1000.0,1499990.0,13.5,ОТП Банк,Горизонт,Вклад,2766,https://bankiros.ru/bank/otpbank/deposits/gorizont-3,Нет,Нет,Есть,2025-07-01
3982,732,9999,1500000.0,14999900.0,13.0,ОТП Банк,Горизонт,Вклад,2766,https://bankiros.ru/bank/otpbank/deposits/gorizont-3,Нет,Нет,Есть,2025-07-01
3983,732,9999,15000000.0,600000000.0,12.5,ОТП Банк,Горизонт,Вклад,2766,https://bankiros.ru/bank/otpbank/deposits/gorizont-3,Нет,Нет,Есть,2025-07-01
3984,181,274,20000.0,1400000.0,17.0,ОТП Банк,Притяжение,Вклад,2766,https://bankiros.ru/bank/otpbank/deposits/pritazenie,Есть,Есть,Есть,2025-07-01
3985,181,274,1500000.0,2500000.0,16.5,ОТП Банк,Притяжение,Вклад,2766,https://bankiros.ru/bank/otpbank/deposits/pritazenie,Есть,Есть,Есть,2025-07-01
3986,181,274,5000000.0,10000000.0,16.0,ОТП Банк,Притяжение,Вклад,2766,https://bankiros.ru/bank/otpbank/deposits/pritazenie,Есть,Есть,Есть,2025-07-01
3987,181,274,15000000.0,300000000.0,11.5,ОТП Банк,Притяжение,Вклад,2766,https://bankiros.ru/bank/otpbank/deposits/pritazenie,Есть,Есть,Есть,2025-07-01
3988,275,365,20000.0,1400000.0,14.7,ОТП Банк,Притяжение,Вклад,2766,https://bankiros.ru/bank/otpbank/deposits/pritazenie,Есть,Есть,Есть,2025-07-01
3989,275,365,1500000.0,2500000.0,17.3,ОТП Банк,Притяжение,Вклад,2766,https://bankiros.ru/bank/otpbank/deposits/pritazenie,Есть,Есть,Есть,2025-07-01
3990,275,365,5000000.0,10000000.0,16.8,ОТП Банк,Притяжение,Вклад,2766,https://bankiros.ru/bank/otpbank/deposits/pritazenie,Есть,Есть,Есть,2025-07-01
3991,275,365,15000000.0,300000000.0,16.3,ОТП Банк,Притяжение,Вклад,2766,https://bankiros.ru/bank/otpbank/deposits/pritazenie,Есть,Есть,Есть,2025-07-01
3992,366,548,20000.0,1400000.0,11.8,ОТП Банк,Притяжение,Вклад,2766,https://bankiros.ru/bank/otpbank/deposits/pritazenie,Есть,Есть,Есть,2025-07-01
3993,366,548,1500000.0,2500000.0,11.3,ОТП Банк,Притяжение,Вклад,2766,https://bankiros.ru/bank/otpbank/deposits/pritazenie,Есть,Есть,Есть,2025-07-01
3994,366,548,5000000.0,10000000.0,17.5,ОТП Банк,Притяжение,Вклад,2766,https://bankiros.ru/bank/otpbank/deposits/pritazenie,Есть,Есть,Есть,2025-07-01
3995,366,548,15000000.0,300000000.0,17.0,ОТП Банк,Притяжение,Вклад,2766,https://bankiros.ru/bank/otpbank/deposits/pritazenie,Есть,Есть,Есть,2025-07-01
3996,549,731,20000.0,1400000.0,16.5,ОТП Банк,Притяжение,Вклад,2766,https://bankiros.ru/bank/otpbank/deposits/pritazenie,Есть,Есть,Есть,2025-07-01
3997,549,731,1500000.0,2500000.0,12.0,ОТП Банк,Притяжение,Вклад,2766,https://bankiros.ru/bank/otpbank/deposits/pritazenie,Есть,Есть,Есть,2025-07-01
3998,549,731,5000000.0,10000000.0,11.5,ОТП Банк,Притяжение,Вклад,2766,https://bankiros.ru/bank/otpbank/deposits/pritazenie,Есть,Есть,Есть,2025-07-01
3999,549,731,15000000.0,300000000.0,17.8,ОТП Банк,Притяжение,Вклад,2766,https://bankiros.ru/bank/otpbank/deposits/pritazenie,Есть,Есть,Есть,2025-07-01
4000,732,9999,20000.0,1400000.0,17.4,ОТП Банк,Притяжение,Вклад,2766,https://bankiros.ru/bank/otpbank/deposits/pritazenie,Есть,Есть,Есть,2025-07-01
4001,732,9999,1500000.0,2500000.0,17.0,ОТП Банк,Притяжение,Вклад,2766,https://bankiros.ru/bank/otpbank/deposits/pritazenie,Есть,Есть,Есть,2025-07-01
4002,732,9999,5000000.0,10000000.0,12.2,ОТП Банк,Притяжение,Вклад,2766,https://bankiros.ru/bank/otpbank/deposits/pritazenie,Есть,Есть,Есть,2025-07-01
4003,732,9999,15000000.0,300000000.0,11.8,ОТП Банк,Притяжение,Вклад,2766,https://bankiros.ru/bank/otpbank/deposits/pritazenie,Есть,Есть,Есть,2025-07-01
4004,1,9999,1.0,2000000.0,20.0,ОТП Банк,Накопительный счет ОТП Максимум,Накопительный счет,2766,https://bankiros.ru/bank/otpbank/deposits/nakopitelnyj-scet-turbo-7,Есть,Есть,Нет,2025-07-01
4005,50,9999,1000.0,1000000.0,20.0,ОТП Банк,Звезда,Вклад,2766,https://bankiros.ru/bank/otpbank/deposits/zvezda,Есть,Нет,Есть,2025-07-01
4006,91,9999,1000.0,1499990.0,16.0,ОТП Банк,Без границ,Вклад,2766,https://bankiros.ru/bank/otpbank/deposits/bez-granic-12,Есть,Есть,Есть,2025-07-01
4007,91,9999,1500000.0,14999900.0,16.5,ОТП Банк,Без границ,Вклад,2766,https://bankiros.ru/bank/otpbank/deposits/bez-granic-12,Есть,Есть,Есть,2025-07-01
4008,91,9999,15000000.0,100000000.0,16.0,ОТП Банк,Без границ,Вклад,2766,https://bankiros.ru/bank/otpbank/deposits/bez-granic-12,Есть,Есть,Есть,2025-07-01
4009,91,9999,100000000.0,999999999.0,10.0,ОТП Банк,Без границ,Вклад,2766,https://bankiros.ru/bank/otpbank/deposits/bez-granic-12,Есть,Есть,Есть,2025-07-01
4010,91,180,1000.0,999999.0,18.0,Кубань Кредит,Пополняемый,Вклад,2518,https://bankiros.ru/bank/kubankredit/deposits/popolnaemyj-6,Есть,Нет,Есть,2025-07-01
4011,91,180,1000000.0,999999999.0,17.0,Кубань Кредит,Пополняемый,Вклад,2518,https://bankiros.ru/bank/kubankredit/deposits/popolnaemyj-6,Есть,Нет,Есть,2025-07-01
4012,181,270,1000.0,999999.0,15.5,Кубань Кредит,Пополняемый,Вклад,2518,https://bankiros.ru/bank/kubankredit/deposits/popolnaemyj-6,Есть,Нет,Есть,2025-07-01
4013,181,270,1000000.0,999999999.0,14.5,Кубань Кредит,Пополняемый,Вклад,2518,https://bankiros.ru/bank/kubankredit/deposits/popolnaemyj-6,Есть,Нет,Есть,2025-07-01
4014,271,366,1000.0,999999.0,18.5,Кубань Кредит,Пополняемый,Вклад,2518,https://bankiros.ru/bank/kubankredit/deposits/popolnaemyj-6,Есть,Нет,Есть,2025-07-01
4015,271,366,1000000.0,999999999.0,17.5,Кубань Кредит,Пополняемый,Вклад,2518,https://bankiros.ru/bank/kubankredit/deposits/popolnaemyj-6,Есть,Нет,Есть,2025-07-01
4016,367,545,1000.0,999999.0,16.0,Кубань Кредит,Пополняемый,Вклад,2518,https://bankiros.ru/bank/kubankredit/deposits/popolnaemyj-6,Есть,Нет,Есть,2025-07-01
4017,367,545,1000000.0,999999999.0,16.0,Кубань Кредит,Пополняемый,Вклад,2518,https://bankiros.ru/bank/kubankredit/deposits/popolnaemyj-6,Есть,Нет,Есть,2025-07-01
4018,91,180,5000.0,999999.0,,Кубань Кредит,Сберегательный,Вклад,2518,https://bankiros.ru/bank/kubankredit/deposits/sberegatelnyj-6,Нет,Нет,Есть,2025-07-01
4019,91,180,1000000.0,999999999.0,17.5,Кубань Кредит,Сберегательный,Вклад,2518,https://bankiros.ru/bank/kubankredit/deposits/sberegatelnyj-6,Нет,Нет,Есть,2025-07-01
4020,181,270,5000.0,999999.0,16.75,Кубань Кредит,Сберегательный,Вклад,2518,https://bankiros.ru/bank/kubankredit/deposits/sberegatelnyj-6,Нет,Нет,Есть,2025-07-01
4021,181,270,1000000.0,999999999.0,16.0,Кубань Кредит,Сберегательный,Вклад,2518,https://bankiros.ru/bank/kubankredit/deposits/sberegatelnyj-6,Нет,Нет,Есть,2025-07-01
4022,271,366,5000.0,999999.0,19.0,Кубань Кредит,Сберегательный,Вклад,2518,https://bankiros.ru/bank/kubankredit/deposits/sberegatelnyj-6,Нет,Нет,Есть,2025-07-01
4023,271,366,1000000.0,999999999.0,18.25,Кубань Кредит,Сберегательный,Вклад,2518,https://bankiros.ru/bank/kubankredit/deposits/sberegatelnyj-6,Нет,Нет,Есть,2025-07-01
4024,367,545,5000.0,999999.0,17.25,Кубань Кредит,Сберегательный,Вклад,2518,https://bankiros.ru/bank/kubankredit/deposits/sberegatelnyj-6,Нет,Нет,Есть,2025-07-01
4025,367,545,1000000.0,999999999.0,17.5,Кубань Кредит,Сберегательный,Вклад,2518,https://bankiros.ru/bank/kubankredit/deposits/sberegatelnyj-6,Нет,Нет,Есть,2025-07-01
4026,91,1100,5000000.0,999999999.0,20.0,Кубань Кредит,VIP Стратегия,Вклад,2518,https://bankiros.ru/bank/kubankredit/deposits/vip-strategia,Есть,Нет,Нет,2025-07-01
4027,1100,9999,10.0,999999999.0,10.0,Кубань Кредит,Управляемый ,Вклад,2518,https://bankiros.ru/bank/kubankredit/deposits/upravlyaemyy-,Есть,Есть,Есть,2025-07-01
4028,365,9999,10000.0,3000000.0,16.0,Кубань Кредит,Детский,Вклад,2518,https://bankiros.ru/bank/kubankredit/deposits/detskij-2,Есть,Нет,Есть,2025-07-01
4029,365,9999,3000000.0,999999999.0,18.0,Кубань Кредит,Детский,Вклад,2518,https://bankiros.ru/bank/kubankredit/deposits/detskij-2,Есть,Нет,Есть,2025-07-01
4030,1125,9999,10.0,100000.0,16.0,Кубань Кредит,Пенсионный специальный,Вклад,2518,https://bankiros.ru/bank/kubankredit/deposits/pensionnyy-specialnyy,Есть,Есть,Есть,2025-07-01
4031,1125,9999,100001.0,999999999.0,10.0,Кубань Кредит,Пенсионный специальный,Вклад,2518,https://bankiros.ru/bank/kubankredit/deposits/pensionnyy-specialnyy,Есть,Есть,Есть,2025-07-01
4032,91,180,50000.0,4999999.0,18.3,Агропромкредит,Мой Выбор,Вклад,2880,https://bankiros.ru/bank/agropromcredit/deposits/moj-vybor-2,Нет,Нет,Нет,2025-07-01
4033,91,180,5000000.0,49999999.0,18.0,Агропромкредит,Мой Выбор,Вклад,2880,https://bankiros.ru/bank/agropromcredit/deposits/moj-vybor-2,Нет,Нет,Нет,2025-07-01
4034,91,180,50000000.0,999999999.0,16.0,Агропромкредит,Мой Выбор,Вклад,2880,https://bankiros.ru/bank/agropromcredit/deposits/moj-vybor-2,Нет,Нет,Нет,2025-07-01
4035,181,269,50000.0,4999999.0,16.0,Агропромкредит,Мой Выбор,Вклад,2880,https://bankiros.ru/bank/agropromcredit/deposits/moj-vybor-2,Нет,Нет,Нет,2025-07-01
4036,181,269,5000000.0,49999999.0,13.0,Агропромкредит,Мой Выбор,Вклад,2880,https://bankiros.ru/bank/agropromcredit/deposits/moj-vybor-2,Нет,Нет,Нет,2025-07-01
4037,181,269,50000000.0,999999999.0,12.0,Агропромкредит,Мой Выбор,Вклад,2880,https://bankiros.ru/bank/agropromcredit/deposits/moj-vybor-2,Нет,Нет,Нет,2025-07-01
4038,270,369,50000.0,4999999.0,18.3,Агропромкредит,Мой Выбор,Вклад,2880,https://bankiros.ru/bank/agropromcredit/deposits/moj-vybor-2,Нет,Нет,Нет,2025-07-01
4039,270,369,5000000.0,49999999.0,18.0,Агропромкредит,Мой Выбор,Вклад,2880,https://bankiros.ru/bank/agropromcredit/deposits/moj-vybor-2,Нет,Нет,Нет,2025-07-01
4040,270,369,50000000.0,999999999.0,16.0,Агропромкредит,Мой Выбор,Вклад,2880,https://bankiros.ru/bank/agropromcredit/deposits/moj-vybor-2,Нет,Нет,Нет,2025-07-01
4041,370,739,50000.0,4999999.0,16.0,Агропромкредит,Мой Выбор,Вклад,2880,https://bankiros.ru/bank/agropromcredit/deposits/moj-vybor-2,Нет,Нет,Нет,2025-07-01
4042,370,739,5000000.0,49999999.0,13.0,Агропромкредит,Мой Выбор,Вклад,2880,https://bankiros.ru/bank/agropromcredit/deposits/moj-vybor-2,Нет,Нет,Нет,2025-07-01
4043,370,739,50000000.0,999999999.0,12.0,Агропромкредит,Мой Выбор,Вклад,2880,https://bankiros.ru/bank/agropromcredit/deposits/moj-vybor-2,Нет,Нет,Нет,2025-07-01
4044,740,1099,50000.0,4999999.0,18.3,Агропромкредит,Мой Выбор,Вклад,2880,https://bankiros.ru/bank/agropromcredit/deposits/moj-vybor-2,Нет,Нет,Нет,2025-07-01
4045,740,1099,5000000.0,49999999.0,18.0,Агропромкредит,Мой Выбор,Вклад,2880,https://bankiros.ru/bank/agropromcredit/deposits/moj-vybor-2,Нет,Нет,Нет,2025-07-01
4046,740,1099,50000000.0,999999999.0,16.0,Агропромкредит,Мой Выбор,Вклад,2880,https://bankiros.ru/bank/agropromcredit/deposits/moj-vybor-2,Нет,Нет,Нет,2025-07-01
4047,1100,9999,50000.0,4999999.0,16.0,Агропромкредит,Мой Выбор,Вклад,2880,https://bankiros.ru/bank/agropromcredit/deposits/moj-vybor-2,Нет,Нет,Нет,2025-07-01
4048,1100,9999,5000000.0,49999999.0,13.0,Агропромкредит,Мой Выбор,Вклад,2880,https://bankiros.ru/bank/agropromcredit/deposits/moj-vybor-2,Нет,Нет,Нет,2025-07-01
4049,1100,9999,50000000.0,999999999.0,12.0,Агропромкредит,Мой Выбор,Вклад,2880,https://bankiros.ru/bank/agropromcredit/deposits/moj-vybor-2,Нет,Нет,Нет,2025-07-01
4050,91,180,50000.0,999999999.0,18.0,Агропромкредит,Максимум Защита,Вклад,2880,https://bankiros.ru/bank/agropromcredit/deposits/maksimum-new,Нет,Нет,Нет,2025-07-01
4051,181,269,50000.0,999999999.0,17.0,Агропромкредит,Максимум Защита,Вклад,2880,https://bankiros.ru/bank/agropromcredit/deposits/maksimum-new,Нет,Нет,Нет,2025-07-01
4052,270,369,50000.0,999999999.0,14.5,Агропромкредит,Максимум Защита,Вклад,2880,https://bankiros.ru/bank/agropromcredit/deposits/maksimum-new,Нет,Нет,Нет,2025-07-01
4053,370,9999,50000.0,999999999.0,14.0,Агропромкредит,Максимум Защита,Вклад,2880,https://bankiros.ru/bank/agropromcredit/deposits/maksimum-new,Нет,Нет,Нет,2025-07-01
4054,91,9999,5000000.0,14999999.0,17.3,Агропромкредит,Возможности Суприм,Вклад,2880,https://bankiros.ru/bank/agropromcredit/deposits/vozmoznosti,Есть,Есть,Есть,2025-07-01
4055,91,9999,15000000.0,49999999.0,17.5,Агропромкредит,Возможности Суприм,Вклад,2880,https://bankiros.ru/bank/agropromcredit/deposits/vozmoznosti,Есть,Есть,Есть,2025-07-01
4056,91,9999,50000000.0,79999999.0,17.7,Агропромкредит,Возможности Суприм,Вклад,2880,https://bankiros.ru/bank/agropromcredit/deposits/vozmoznosti,Есть,Есть,Есть,2025-07-01
4057,91,9999,80000000.0,139999999.0,17.9,Агропромкредит,Возможности Суприм,Вклад,2880,https://bankiros.ru/bank/agropromcredit/deposits/vozmoznosti,Есть,Есть,Есть,2025-07-01
4058,91,9999,140000000.0,999999999.0,18.1,Агропромкредит,Возможности Суприм,Вклад,2880,https://bankiros.ru/bank/agropromcredit/deposits/vozmoznosti,Есть,Есть,Есть,2025-07-01
4059,10,19,10000.0,999999999.0,14.0,Авангард,Базовый-Интернет (проценты в конце срока),Вклад,2879,https://bankiros.ru/bank/avangard/deposits/bazovyy-internet,Нет,Нет,Нет,2025-07-01
4060,20,30,10000.0,999999999.0,14.5,Авангард,Базовый-Интернет (проценты в конце срока),Вклад,2879,https://bankiros.ru/bank/avangard/deposits/bazovyy-internet,Нет,Нет,Нет,2025-07-01
4061,31,90,10000.0,999999999.0,15.0,Авангард,Базовый-Интернет (проценты в конце срока),Вклад,2879,https://bankiros.ru/bank/avangard/deposits/bazovyy-internet,Нет,Нет,Нет,2025-07-01
4062,91,180,10000.0,999999999.0,15.5,Авангард,Базовый-Интернет (проценты в конце срока),Вклад,2879,https://bankiros.ru/bank/avangard/deposits/bazovyy-internet,Нет,Нет,Нет,2025-07-01
4063,181,366,10000.0,999999999.0,16.0,Авангард,Базовый-Интернет (проценты в конце срока),Вклад,2879,https://bankiros.ru/bank/avangard/deposits/bazovyy-internet,Нет,Нет,Нет,2025-07-01
4064,367,9999,10000.0,999999999.0,16.5,Авангард,Базовый-Интернет (проценты в конце срока),Вклад,2879,https://bankiros.ru/bank/avangard/deposits/bazovyy-internet,Нет,Нет,Нет,2025-07-01
4065,31,90,10000.0,999999999.0,15.0,Авангард,Базовый (проценты в конце срока),Вклад,2879,https://bankiros.ru/bank/avangard/deposits/bazovyy,Нет,Нет,Есть,2025-07-01
4066,91,180,10000.0,999999999.0,15.5,Авангард,Базовый (проценты в конце срока),Вклад,2879,https://bankiros.ru/bank/avangard/deposits/bazovyy,Нет,Нет,Есть,2025-07-01
4067,181,366,10000.0,999999999.0,16.0,Авангард,Базовый (проценты в конце срока),Вклад,2879,https://bankiros.ru/bank/avangard/deposits/bazovyy,Нет,Нет,Есть,2025-07-01
4068,367,9999,10000.0,999999999.0,16.5,Авангард,Базовый (проценты в конце срока),Вклад,2879,https://bankiros.ru/bank/avangard/deposits/bazovyy,Нет,Нет,Есть,2025-07-01
4069,91,180,10000.0,999999999.0,14.5,Авангард,Базовый-Интернет (ежемесячно),Вклад,2879,https://bankiros.ru/bank/avangard/deposits/bazovyy-internet-v-dollarah,Нет,Нет,Нет,2025-07-01
4070,181,366,10000.0,999999999.0,15.0,Авангард,Базовый-Интернет (ежемесячно),Вклад,2879,https://bankiros.ru/bank/avangard/deposits/bazovyy-internet-v-dollarah,Нет,Нет,Нет,2025-07-01
4071,367,9999,10000.0,999999999.0,15.5,Авангард,Базовый-Интернет (ежемесячно),Вклад,2879,https://bankiros.ru/bank/avangard/deposits/bazovyy-internet-v-dollarah,Нет,Нет,Нет,2025-07-01
4072,91,180,10000.0,999999999.0,14.5,Авангард,Базовый (ежемесячно),Вклад,2879,https://bankiros.ru/bank/avangard/deposits/bazovyj-2,Нет,Нет,Есть,2025-07-01
4073,181,366,10000.0,999999999.0,15.0,Авангард,Базовый (ежемесячно),Вклад,2879,https://bankiros.ru/bank/avangard/deposits/bazovyj-2,Нет,Нет,Есть,2025-07-01
4074,367,9999,10000.0,999999999.0,15.5,Авангард,Базовый (ежемесячно),Вклад,2879,https://bankiros.ru/bank/avangard/deposits/bazovyj-2,Нет,Нет,Есть,2025-07-01
4075,184,9999,10000.0,999999999.0,16.25,Аверс,Гармония,Вклад,415,https://bankiros.ru/bank/aversbank/deposits/garmonia,Нет,Нет,Нет,2025-07-01
4076,93,9999,10000.0,999999999.0,16.0,Аверс,Свобода,Вклад,415,https://bankiros.ru/bank/aversbank/deposits/svoboda-1,Есть,Есть,Есть,2025-07-01
4077,367,9999,10000.0,999999999.0,15.25,Аверс,Пенсионный,Вклад,415,https://bankiros.ru/bank/aversbank/deposits/pensionnyj-123,Нет,Нет,Есть,2025-07-01
4078,367,9999,10000.0,999999999.0,15.0,Аверс,Традиция,Вклад,415,https://bankiros.ru/bank/aversbank/deposits/tradicia,Нет,Нет,Нет,2025-07-01
4079,1,60,10000.0,999999999.0,16.0,Руснарбанк,Максимальный доход + (1098 дней),Вклад,3403,https://bankiros.ru/bank/rusnarbank/deposits/maksimalnyj-dohod-67,Нет,Нет,Есть,2025-07-01
4080,61,400,10000.0,999999999.0,15.75,Руснарбанк,Максимальный доход + (1098 дней),Вклад,3403,https://bankiros.ru/bank/rusnarbank/deposits/maksimalnyj-dohod-67,Нет,Нет,Есть,2025-07-01
4081,401,1098,10000.0,999999999.0,12.5,Руснарбанк,Максимальный доход + (1098 дней),Вклад,3403,https://bankiros.ru/bank/rusnarbank/deposits/maksimalnyj-dohod-67,Нет,Нет,Есть,2025-07-01
4082,1,60,10000.0,999999999.0,16.0,Руснарбанк,Максимальный доход + (400 дней),Вклад,3403,https://bankiros.ru/bank/rusnarbank/deposits/maksimalnyj-dohod-400-dnej,Нет,Нет,Есть,2025-07-01
4083,61,400,10000.0,999999999.0,15.5,Руснарбанк,Максимальный доход + (400 дней),Вклад,3403,https://bankiros.ru/bank/rusnarbank/deposits/maksimalnyj-dohod-400-dnej,Нет,Нет,Есть,2025-07-01
4084,181,366,3000000.0,50000000.0,16.0,Руснарбанк,Универсальный VIP,Вклад,3403,https://bankiros.ru/bank/rusnarbank/deposits/universalnyj-11,Есть,Нет,Есть,2025-07-01
4085,367,729,3000000.0,50000000.0,14.5,Руснарбанк,Универсальный VIP,Вклад,3403,https://bankiros.ru/bank/rusnarbank/deposits/universalnyj-11,Есть,Нет,Есть,2025-07-01
4086,730,9999,3000000.0,50000000.0,13.0,Руснарбанк,Универсальный VIP,Вклад,3403,https://bankiros.ru/bank/rusnarbank/deposits/universalnyj-11,Есть,Нет,Есть,2025-07-01
4087,1,91,10000.0,999999999.0,15.0,Руснарбанк,Новое время,Вклад,3403,https://bankiros.ru/bank/rusnarbank/deposits/novoe-vrema-3,Нет,Нет,Есть,2025-07-01
4088,92,401,10000.0,999999999.0,14.5,Руснарбанк,Новое время,Вклад,3403,https://bankiros.ru/bank/rusnarbank/deposits/novoe-vrema-3,Нет,Нет,Есть,2025-07-01
4089,402,1098,10000.0,999999999.0,12.5,Руснарбанк,Новое время,Вклад,3403,https://bankiros.ru/bank/rusnarbank/deposits/novoe-vrema-3,Нет,Нет,Есть,2025-07-01
4090,181,366,10000.0,1249999.0,15.0,Руснарбанк,Накопительный,Накопительный счет,3403,https://bankiros.ru/bank/rusnarbank/deposits/nakopitelnyj-41,Есть,Нет,Есть,2025-07-01
4091,181,366,1250000.0,3000000.0,14.0,Руснарбанк,Накопительный,Накопительный счет,3403,https://bankiros.ru/bank/rusnarbank/deposits/nakopitelnyj-41,Есть,Нет,Есть,2025-07-01
4092,367,729,10000.0,1249999.0,11.0,Руснарбанк,Накопительный,Накопительный счет,3403,https://bankiros.ru/bank/rusnarbank/deposits/nakopitelnyj-41,Есть,Нет,Есть,2025-07-01
4093,367,729,1250000.0,3000000.0,16.0,Руснарбанк,Накопительный,Накопительный счет,3403,https://bankiros.ru/bank/rusnarbank/deposits/nakopitelnyj-41,Есть,Нет,Есть,2025-07-01
4094,730,9999,10000.0,1249999.0,14.5,Руснарбанк,Накопительный,Накопительный счет,3403,https://bankiros.ru/bank/rusnarbank/deposits/nakopitelnyj-41,Есть,Нет,Есть,2025-07-01
4095,730,9999,1250000.0,3000000.0,12.0,Руснарбанк,Накопительный,Накопительный счет,3403,https://bankiros.ru/bank/rusnarbank/deposits/nakopitelnyj-41,Есть,Нет,Есть,2025-07-01
4096,181,366,10000.0,3000000.0,16.0,Руснарбанк,Пенсионный,Вклад,3403,https://bankiros.ru/bank/rusnarbank/deposits/pensionnyj-43,Есть,Нет,Есть,2025-07-01
4097,367,729,10000.0,3000000.0,14.5,Руснарбанк,Пенсионный,Вклад,3403,https://bankiros.ru/bank/rusnarbank/deposits/pensionnyj-43,Есть,Нет,Есть,2025-07-01
4098,730,9999,10000.0,3000000.0,12.0,Руснарбанк,Пенсионный,Вклад,3403,https://bankiros.ru/bank/rusnarbank/deposits/pensionnyj-43,Есть,Нет,Есть,2025-07-01
4099,367,9999,10000.0,299999.0,10.0,Руснарбанк,Максимальный комфорт,Вклад,3403,https://bankiros.ru/bank/rusnarbank/deposits/maksimalnyj-komfort-3,Есть,Есть,Есть,2025-07-01
4100,367,9999,300000.0,999999.0,10.5,Руснарбанк,Максимальный комфорт,Вклад,3403,https://bankiros.ru/bank/rusnarbank/deposits/maksimalnyj-komfort-3,Есть,Есть,Есть,2025-07-01
4101,367,9999,1000000.0,10000000.0,10.75,Руснарбанк,Максимальный комфорт,Вклад,3403,https://bankiros.ru/bank/rusnarbank/deposits/maksimalnyj-komfort-3,Есть,Есть,Есть,2025-07-01
4102,91,180,30000.0,999999999.0,12.5,Банк Интеза,Новая классика,Вклад,2216,https://bankiros.ru/bank/intesa/deposits/classic,Нет,Нет,Есть,2025-07-01
4103,181,9999,30000.0,999999999.0,12.5,Банк Интеза,Новая классика,Вклад,2216,https://bankiros.ru/bank/intesa/deposits/classic,Нет,Нет,Есть,2025-07-01
4104,367,9999,50000.0,999999999.0,6.0,Банк Интеза,Мой комфорт,Вклад,2216,https://bankiros.ru/bank/intesa/deposits/comfort,Есть,Есть,Есть,2025-07-01
4105,367,459,100000.0,999999999.0,19.25,Банк Россия,Под ключ. С пополнением и выплатой процентов в конце срока,Вклад,328,https://bankiros.ru/bank/rossiya/deposits/pod-kluc-3,Нет,Нет,Нет,2025-07-01
4106,460,729,100000.0,999999999.0,19.7,Банк Россия,Под ключ. С пополнением и выплатой процентов в конце срока,Вклад,328,https://bankiros.ru/bank/rossiya/deposits/pod-kluc-3,Нет,Нет,Нет,2025-07-01
4107,730,1094,100000.0,999999999.0,20.3,Банк Россия,Под ключ. С пополнением и выплатой процентов в конце срока,Вклад,328,https://bankiros.ru/bank/rossiya/deposits/pod-kluc-3,Нет,Нет,Нет,2025-07-01
4108,1095,9999,100000.0,999999999.0,20.5,Банк Россия,Под ключ. С пополнением и выплатой процентов в конце срока,Вклад,328,https://bankiros.ru/bank/rossiya/deposits/pod-kluc-3,Нет,Нет,Нет,2025-07-01
4109,367,459,100000.0,999999999.0,18.0,Банк Россия,"Под ключ. Без пополнения, с ежемесячной выплатой процентов",Вклад,328,https://bankiros.ru/bank/rossiya/deposits/pod-kluc,Нет,Нет,Нет,2025-07-01
4110,460,729,100000.0,999999999.0,18.05,Банк Россия,"Под ключ. Без пополнения, с ежемесячной выплатой процентов",Вклад,328,https://bankiros.ru/bank/rossiya/deposits/pod-kluc,Нет,Нет,Нет,2025-07-01
4111,730,1094,100000.0,999999999.0,18.1,Банк Россия,"Под ключ. Без пополнения, с ежемесячной выплатой процентов",Вклад,328,https://bankiros.ru/bank/rossiya/deposits/pod-kluc,Нет,Нет,Нет,2025-07-01
4112,1095,9999,100000.0,999999999.0,18.15,Банк Россия,"Под ключ. Без пополнения, с ежемесячной выплатой процентов",Вклад,328,https://bankiros.ru/bank/rossiya/deposits/pod-kluc,Нет,Нет,Нет,2025-07-01
4113,181,366,3000.0,99999.0,12.0,Банк Россия,Универсальный (проценты в конце срока),Вклад,328,https://bankiros.ru/bank/rossiya/deposits/universalnyj-2,Есть,Есть,Есть,2025-07-01
4114,181,366,100000.0,999999.0,10.0,Банк Россия,Универсальный (проценты в конце срока),Вклад,328,https://bankiros.ru/bank/rossiya/deposits/universalnyj-2,Есть,Есть,Есть,2025-07-01
4115,181,366,1000000.0,9999990.0,12.6,Банк Россия,Универсальный (проценты в конце срока),Вклад,328,https://bankiros.ru/bank/rossiya/deposits/universalnyj-2,Есть,Есть,Есть,2025-07-01
4116,181,366,10000000.0,999999999.0,10.6,Банк Россия,Универсальный (проценты в конце срока),Вклад,328,https://bankiros.ru/bank/rossiya/deposits/universalnyj-2,Есть,Есть,Есть,2025-07-01
4117,367,9999,3000.0,99999.0,12.8,Банк Россия,Универсальный (проценты в конце срока),Вклад,328,https://bankiros.ru/bank/rossiya/deposits/universalnyj-2,Есть,Есть,Есть,2025-07-01
4118,367,9999,100000.0,999999.0,10.8,Банк Россия,Универсальный (проценты в конце срока),Вклад,328,https://bankiros.ru/bank/rossiya/deposits/universalnyj-2,Есть,Есть,Есть,2025-07-01
4119,367,9999,1000000.0,9999990.0,13.0,Банк Россия,Универсальный (проценты в конце срока),Вклад,328,https://bankiros.ru/bank/rossiya/deposits/universalnyj-2,Есть,Есть,Есть,2025-07-01
4120,367,9999,10000000.0,999999999.0,11.0,Банк Россия,Универсальный (проценты в конце срока),Вклад,328,https://bankiros.ru/bank/rossiya/deposits/universalnyj-2,Есть,Есть,Есть,2025-07-01
4121,181,366,3000.0,99999.0,11.0,Банк Россия,Универсальный (проценты ежемесячно),Вклад,328,https://bankiros.ru/bank/rossiya/deposits/universalnyj-vyplata-ezemesacno,Есть,Есть,Есть,2025-07-01
4122,181,366,100000.0,999999.0,9.0,Банк Россия,Универсальный (проценты ежемесячно),Вклад,328,https://bankiros.ru/bank/rossiya/deposits/universalnyj-vyplata-ezemesacno,Есть,Есть,Есть,2025-07-01
4123,181,366,1000000.0,9999990.0,11.6,Банк Россия,Универсальный (проценты ежемесячно),Вклад,328,https://bankiros.ru/bank/rossiya/deposits/universalnyj-vyplata-ezemesacno,Есть,Есть,Есть,2025-07-01
4124,181,366,10000000.0,999999999.0,9.6,Банк Россия,Универсальный (проценты ежемесячно),Вклад,328,https://bankiros.ru/bank/rossiya/deposits/universalnyj-vyplata-ezemesacno,Есть,Есть,Есть,2025-07-01
4125,367,9999,3000.0,99999.0,11.8,Банк Россия,Универсальный (проценты ежемесячно),Вклад,328,https://bankiros.ru/bank/rossiya/deposits/universalnyj-vyplata-ezemesacno,Есть,Есть,Есть,2025-07-01
4126,367,9999,100000.0,999999.0,9.8,Банк Россия,Универсальный (проценты ежемесячно),Вклад,328,https://bankiros.ru/bank/rossiya/deposits/universalnyj-vyplata-ezemesacno,Есть,Есть,Есть,2025-07-01
4127,367,9999,1000000.0,9999990.0,12.0,Банк Россия,Универсальный (проценты ежемесячно),Вклад,328,https://bankiros.ru/bank/rossiya/deposits/universalnyj-vyplata-ezemesacno,Есть,Есть,Есть,2025-07-01
4128,367,9999,10000000.0,999999999.0,10.0,Банк Россия,Универсальный (проценты ежемесячно),Вклад,328,https://bankiros.ru/bank/rossiya/deposits/universalnyj-vyplata-ezemesacno,Есть,Есть,Есть,2025-07-01
4129,1,370,3000000.0,999999999.0,16.5,Форштадт,VIP,Вклад,2208,https://bankiros.ru/bank/forshtadt/deposits/vip-3,Есть,Есть,Есть,2025-07-01
4130,371,546,3000000.0,999999999.0,10.0,Форштадт,VIP,Вклад,2208,https://bankiros.ru/bank/forshtadt/deposits/vip-3,Есть,Есть,Есть,2025-07-01
4131,181,369,100000.0,499999.0,15.0,Форштадт,Сберегай,Вклад,2208,https://bankiros.ru/bank/forshtadt/deposits/sberegaj,Нет,Нет,Есть,2025-07-01
4132,181,369,500000.0,999999.0,16.0,Форштадт,Сберегай,Вклад,2208,https://bankiros.ru/bank/forshtadt/deposits/sberegaj,Нет,Нет,Есть,2025-07-01
4133,181,369,1000000.0,999999999.0,14.0,Форштадт,Сберегай,Вклад,2208,https://bankiros.ru/bank/forshtadt/deposits/sberegaj,Нет,Нет,Есть,2025-07-01
4134,370,545,100000.0,499999.0,15.2,Форштадт,Сберегай,Вклад,2208,https://bankiros.ru/bank/forshtadt/deposits/sberegaj,Нет,Нет,Есть,2025-07-01
4135,370,545,500000.0,999999.0,16.2,Форштадт,Сберегай,Вклад,2208,https://bankiros.ru/bank/forshtadt/deposits/sberegaj,Нет,Нет,Есть,2025-07-01
4136,370,545,1000000.0,999999999.0,14.2,Форштадт,Сберегай,Вклад,2208,https://bankiros.ru/bank/forshtadt/deposits/sberegaj,Нет,Нет,Есть,2025-07-01
4137,546,9999,100000.0,499999.0,16.0,Форштадт,Сберегай,Вклад,2208,https://bankiros.ru/bank/forshtadt/deposits/sberegaj,Нет,Нет,Есть,2025-07-01
4138,546,9999,500000.0,999999.0,16.4,Форштадт,Сберегай,Вклад,2208,https://bankiros.ru/bank/forshtadt/deposits/sberegaj,Нет,Нет,Есть,2025-07-01
4139,546,9999,1000000.0,999999999.0,14.4,Форштадт,Сберегай,Вклад,2208,https://bankiros.ru/bank/forshtadt/deposits/sberegaj,Нет,Нет,Есть,2025-07-01
4140,181,369,100000.0,499999.0,13.0,Форштадт,Дополняй,Вклад,2208,https://bankiros.ru/bank/forshtadt/deposits/dopolnaj,Есть,Нет,Есть,2025-07-01
4141,181,369,500000.0,999999.0,14.0,Форштадт,Дополняй,Вклад,2208,https://bankiros.ru/bank/forshtadt/deposits/dopolnaj,Есть,Нет,Есть,2025-07-01
4142,181,369,1000000.0,999999999.0,12.0,Форштадт,Дополняй,Вклад,2208,https://bankiros.ru/bank/forshtadt/deposits/dopolnaj,Есть,Нет,Есть,2025-07-01
4143,370,545,100000.0,499999.0,13.2,Форштадт,Дополняй,Вклад,2208,https://bankiros.ru/bank/forshtadt/deposits/dopolnaj,Есть,Нет,Есть,2025-07-01
4144,370,545,500000.0,999999.0,14.2,Форштадт,Дополняй,Вклад,2208,https://bankiros.ru/bank/forshtadt/deposits/dopolnaj,Есть,Нет,Есть,2025-07-01
4145,370,545,1000000.0,999999999.0,12.2,Форштадт,Дополняй,Вклад,2208,https://bankiros.ru/bank/forshtadt/deposits/dopolnaj,Есть,Нет,Есть,2025-07-01
4146,546,9999,100000.0,499999.0,14.0,Форштадт,Дополняй,Вклад,2208,https://bankiros.ru/bank/forshtadt/deposits/dopolnaj,Есть,Нет,Есть,2025-07-01
4147,546,9999,500000.0,999999.0,14.4,Форштадт,Дополняй,Вклад,2208,https://bankiros.ru/bank/forshtadt/deposits/dopolnaj,Есть,Нет,Есть,2025-07-01
4148,546,9999,1000000.0,999999999.0,12.4,Форштадт,Дополняй,Вклад,2208,https://bankiros.ru/bank/forshtadt/deposits/dopolnaj,Есть,Нет,Есть,2025-07-01
4149,370,9999,10000.0,999999999.0,12.4,Форштадт,Управляй,Вклад,2208,https://bankiros.ru/bank/forshtadt/deposits/upravlaj-24,Есть,Есть,Есть,2025-07-01
4150,91,180,10000.0,10000000.0,19.0,Яндекс Банк,Сейв со сроком,Вклад,3027,https://bankiros.ru/bank/yandex/deposits/sejv-so-srokom,Есть,Нет,Нет,2025-07-01
4151,181,366,10000.0,10000000.0,18.0,Яндекс Банк,Сейв со сроком,Вклад,3027,https://bankiros.ru/bank/yandex/deposits/sejv-so-srokom,Есть,Нет,Нет,2025-07-01
4152,367,729,10000.0,10000000.0,16.0,Яндекс Банк,Сейв со сроком,Вклад,3027,https://bankiros.ru/bank/yandex/deposits/sejv-so-srokom,Есть,Нет,Нет,2025-07-01
4153,730,9999,10000.0,10000000.0,13.0,Яндекс Банк,Сейв со сроком,Вклад,3027,https://bankiros.ru/bank/yandex/deposits/sejv-so-srokom,Есть,Нет,Нет,2025-07-01
4154,1,61,0.0,999999999.0,21.0,Яндекс Банк,Сейв без срока,Вклад,3027,https://bankiros.ru/bank/yandex/deposits/sejv-bez-sroka,Есть,Есть,Нет,2025-07-01
4155,62,9999,0.0,999999999.0,16.0,Яндекс Банк,Сейв без срока,Вклад,3027,https://bankiros.ru/bank/yandex/deposits/sejv-bez-sroka,Есть,Есть,Нет,2025-07-01
4156,31,9999,50000000.0,999999999.0,18.5,Развитие-Столица,Оптимум Плюс,Вклад,3013,https://bankiros.ru/bank/dcapital/deposits/optimum-plus,Есть,Есть,Есть,2025-07-01
4157,31,9999,500000.0,999999999.0,17.0,Развитие-Столица,Оптимум,Вклад,3013,https://bankiros.ru/bank/dcapital/deposits/optimum,Есть,Есть,Есть,2025-07-01
4158,31,90,10000.0,999999999.0,17.75,Петербургский Социальный Коммерческий Банк,Классический,Вклад,2551,https://bankiros.ru/bank/pscb/deposits/klassiceskij-8,Нет,Нет,Есть,2025-07-01
4159,91,180,10000.0,999999999.0,18.25,Петербургский Социальный Коммерческий Банк,Классический,Вклад,2551,https://bankiros.ru/bank/pscb/deposits/klassiceskij-8,Нет,Нет,Есть,2025-07-01
4160,31,180,50000.0,199999.0,16.75,Петербургский Социальный Коммерческий Банк,Накопительный Люкс,Накопительный счет,2551,https://bankiros.ru/bank/pscb/deposits/nakopitelnyj-luks,Есть,Есть,Есть,2025-07-01
4161,31,180,200000.0,699999.0,17.0,Петербургский Социальный Коммерческий Банк,Накопительный Люкс,Накопительный счет,2551,https://bankiros.ru/bank/pscb/deposits/nakopitelnyj-luks,Есть,Есть,Есть,2025-07-01
4162,31,180,700000.0,2999990.0,17.25,Петербургский Социальный Коммерческий Банк,Накопительный Люкс,Накопительный счет,2551,https://bankiros.ru/bank/pscb/deposits/nakopitelnyj-luks,Есть,Есть,Есть,2025-07-01
4163,31,180,3000000.0,999999999.0,17.25,Петербургский Социальный Коммерческий Банк,Накопительный Люкс,Накопительный счет,2551,https://bankiros.ru/bank/pscb/deposits/nakopitelnyj-luks,Есть,Есть,Есть,2025-07-01
4164,33,60,500.0,50000000.0,12.0,Норвик Банк (Вятка Банк),Просто вклад,Вклад,902,https://bankiros.ru/bank/norvik/deposits/prosto-vklad-2,Нет,Нет,Нет,2025-07-01
4165,61,92,500.0,50000000.0,13.0,Норвик Банк (Вятка Банк),Просто вклад,Вклад,902,https://bankiros.ru/bank/norvik/deposits/prosto-vklad-2,Нет,Нет,Нет,2025-07-01
4166,93,121,500.0,50000000.0,16.0,Норвик Банк (Вятка Банк),Просто вклад,Вклад,902,https://bankiros.ru/bank/norvik/deposits/prosto-vklad-2,Нет,Нет,Нет,2025-07-01
4167,122,151,500.0,50000000.0,15.5,Норвик Банк (Вятка Банк),Просто вклад,Вклад,902,https://bankiros.ru/bank/norvik/deposits/prosto-vklad-2,Нет,Нет,Нет,2025-07-01
4168,152,182,500.0,50000000.0,15.0,Норвик Банк (Вятка Банк),Просто вклад,Вклад,902,https://bankiros.ru/bank/norvik/deposits/prosto-vklad-2,Нет,Нет,Нет,2025-07-01
4169,183,212,500.0,50000000.0,14.5,Норвик Банк (Вятка Банк),Просто вклад,Вклад,902,https://bankiros.ru/bank/norvik/deposits/prosto-vklad-2,Нет,Нет,Нет,2025-07-01
4170,213,242,500.0,50000000.0,14.5,Норвик Банк (Вятка Банк),Просто вклад,Вклад,902,https://bankiros.ru/bank/norvik/deposits/prosto-vklad-2,Нет,Нет,Нет,2025-07-01
4171,243,272,500.0,50000000.0,14.0,Норвик Банк (Вятка Банк),Просто вклад,Вклад,902,https://bankiros.ru/bank/norvik/deposits/prosto-vklad-2,Нет,Нет,Нет,2025-07-01
4172,273,303,500.0,50000000.0,13.5,Норвик Банк (Вятка Банк),Просто вклад,Вклад,902,https://bankiros.ru/bank/norvik/deposits/prosto-vklad-2,Нет,Нет,Нет,2025-07-01
4173,304,333,500.0,50000000.0,13.0,Норвик Банк (Вятка Банк),Просто вклад,Вклад,902,https://bankiros.ru/bank/norvik/deposits/prosto-vklad-2,Нет,Нет,Нет,2025-07-01
4174,334,365,500.0,50000000.0,12.5,Норвик Банк (Вятка Банк),Просто вклад,Вклад,902,https://bankiros.ru/bank/norvik/deposits/prosto-vklad-2,Нет,Нет,Нет,2025-07-01
4175,366,730,500.0,50000000.0,12.0,Норвик Банк (Вятка Банк),Просто вклад,Вклад,902,https://bankiros.ru/bank/norvik/deposits/prosto-vklad-2,Нет,Нет,Нет,2025-07-01
4176,731,1095,500.0,50000000.0,12.0,Норвик Банк (Вятка Банк),Просто вклад,Вклад,902,https://bankiros.ru/bank/norvik/deposits/prosto-vklad-2,Нет,Нет,Нет,2025-07-01
4177,1096,9999,500.0,50000000.0,12.0,Норвик Банк (Вятка Банк),Просто вклад,Вклад,902,https://bankiros.ru/bank/norvik/deposits/prosto-vklad-2,Нет,Нет,Нет,2025-07-01
4178,93,182,100000.0,50000000.0,17.73,Норвик Банк (Вятка Банк),Оптимальный,Вклад,902,https://bankiros.ru/bank/norvik/deposits/optimalnyj-19,Нет,Нет,Нет,2025-07-01
4179,183,9999,100000.0,50000000.0,15.96,Норвик Банк (Вятка Банк),Оптимальный,Вклад,902,https://bankiros.ru/bank/norvik/deposits/optimalnyj-19,Нет,Нет,Нет,2025-07-01
4180,30,60,100000.0,50000000.0,19.84,Норвик Банк (Вятка Банк),Волшебный процент,Вклад,902,https://bankiros.ru/bank/norvik/deposits/sezonnyj-43,Нет,Нет,Нет,2025-07-01
4181,90,123,100000.0,50000000.0,14.04,Норвик Банк (Вятка Банк),Волшебный процент,Вклад,902,https://bankiros.ru/bank/norvik/deposits/sezonnyj-43,Нет,Нет,Нет,2025-07-01
4182,93,182,500.0,50000000.0,9.5,Норвик Банк (Вятка Банк),Пенсионер,Вклад,902,https://bankiros.ru/bank/norvik/deposits/pensioner-2,Нет,Нет,Нет,2025-07-01
4183,183,272,500.0,50000000.0,14.0,Норвик Банк (Вятка Банк),Пенсионер,Вклад,902,https://bankiros.ru/bank/norvik/deposits/pensioner-2,Нет,Нет,Нет,2025-07-01
4184,273,365,500.0,50000000.0,11.5,Норвик Банк (Вятка Банк),Пенсионер,Вклад,902,https://bankiros.ru/bank/norvik/deposits/pensioner-2,Нет,Нет,Нет,2025-07-01
4185,366,547,500.0,50000000.0,12.0,Норвик Банк (Вятка Банк),Пенсионер,Вклад,902,https://bankiros.ru/bank/norvik/deposits/pensioner-2,Нет,Нет,Нет,2025-07-01
4186,548,730,500.0,50000000.0,9.0,Норвик Банк (Вятка Банк),Пенсионер,Вклад,902,https://bankiros.ru/bank/norvik/deposits/pensioner-2,Нет,Нет,Нет,2025-07-01
4187,731,1095,500.0,50000000.0,9.5,Норвик Банк (Вятка Банк),Пенсионер,Вклад,902,https://bankiros.ru/bank/norvik/deposits/pensioner-2,Нет,Нет,Нет,2025-07-01
4188,1096,9999,500.0,50000000.0,9.5,Норвик Банк (Вятка Банк),Пенсионер,Вклад,902,https://bankiros.ru/bank/norvik/deposits/pensioner-2,Нет,Нет,Нет,2025-07-01
4189,91,180,500000.0,15000000.0,15.0,МТИ Банк,МоиТочныеИнвестиции,Вклад,1052,https://bankiros.ru/bank/mti-bank/deposits/moitocnyeinvesticii,Есть,Нет,Нет,2025-07-01
4190,181,394,500000.0,15000000.0,13.0,МТИ Банк,МоиТочныеИнвестиции,Вклад,1052,https://bankiros.ru/bank/mti-bank/deposits/moitocnyeinvesticii,Есть,Нет,Нет,2025-07-01
4191,395,9999,500000.0,15000000.0,9.0,МТИ Банк,МоиТочныеИнвестиции,Вклад,1052,https://bankiros.ru/bank/mti-bank/deposits/moitocnyeinvesticii,Есть,Нет,Нет,2025-07-01
4192,181,394,300000.0,1399990.0,7.0,МТИ Банк,Профи,Вклад,1052,https://bankiros.ru/bank/mti-bank/deposits/profi,Есть,Есть,Нет,2025-07-01
4193,181,394,1400000.0,15000000.0,6.5,МТИ Банк,Профи,Вклад,1052,https://bankiros.ru/bank/mti-bank/deposits/profi,Есть,Есть,Нет,2025-07-01
4194,395,9999,300000.0,1399990.0,7.5,МТИ Банк,Профи,Вклад,1052,https://bankiros.ru/bank/mti-bank/deposits/profi,Есть,Есть,Нет,2025-07-01
4195,395,9999,1400000.0,15000000.0,7.0,МТИ Банк,Профи,Вклад,1052,https://bankiros.ru/bank/mti-bank/deposits/profi,Есть,Есть,Нет,2025-07-01
4196,365,9999,10000.0,999999999.0,1.5,Республиканский Кредитный Альянс,Срочный,Вклад,3017,https://bankiros.ru/bank/cbrca/deposits/srocnyj-30,Нет,Нет,Нет,2025-07-01
4197,91,180,30000.0,999999.0,19.3,Банк ДОМ.РФ,Мой ДОМ,Вклад,2312,https://bankiros.ru/bank/roscap/deposits/moj-dom-5,Нет,Нет,Есть,2025-07-01
4198,91,180,1000000.0,15000000.0,19.2,Банк ДОМ.РФ,Мой ДОМ,Вклад,2312,https://bankiros.ru/bank/roscap/deposits/moj-dom-5,Нет,Нет,Есть,2025-07-01
4199,181,273,30000.0,999999.0,18.6,Банк ДОМ.РФ,Мой ДОМ,Вклад,2312,https://bankiros.ru/bank/roscap/deposits/moj-dom-5,Нет,Нет,Есть,2025-07-01
4200,181,273,1000000.0,15000000.0,18.3,Банк ДОМ.РФ,Мой ДОМ,Вклад,2312,https://bankiros.ru/bank/roscap/deposits/moj-dom-5,Нет,Нет,Есть,2025-07-01
4201,274,366,30000.0,999999.0,15.6,Банк ДОМ.РФ,Мой ДОМ,Вклад,2312,https://bankiros.ru/bank/roscap/deposits/moj-dom-5,Нет,Нет,Есть,2025-07-01
4202,274,366,1000000.0,15000000.0,15.1,Банк ДОМ.РФ,Мой ДОМ,Вклад,2312,https://bankiros.ru/bank/roscap/deposits/moj-dom-5,Нет,Нет,Есть,2025-07-01
4203,367,549,30000.0,999999.0,14.6,Банк ДОМ.РФ,Мой ДОМ,Вклад,2312,https://bankiros.ru/bank/roscap/deposits/moj-dom-5,Нет,Нет,Есть,2025-07-01
4204,367,549,1000000.0,15000000.0,19.5,Банк ДОМ.РФ,Мой ДОМ,Вклад,2312,https://bankiros.ru/bank/roscap/deposits/moj-dom-5,Нет,Нет,Есть,2025-07-01
4205,550,729,30000.0,999999.0,19.4,Банк ДОМ.РФ,Мой ДОМ,Вклад,2312,https://bankiros.ru/bank/roscap/deposits/moj-dom-5,Нет,Нет,Есть,2025-07-01
4206,550,729,1000000.0,15000000.0,18.8,Банк ДОМ.РФ,Мой ДОМ,Вклад,2312,https://bankiros.ru/bank/roscap/deposits/moj-dom-5,Нет,Нет,Есть,2025-07-01
4207,730,1099,30000.0,999999.0,18.5,Банк ДОМ.РФ,Мой ДОМ,Вклад,2312,https://bankiros.ru/bank/roscap/deposits/moj-dom-5,Нет,Нет,Есть,2025-07-01
4208,730,1099,1000000.0,15000000.0,15.8,Банк ДОМ.РФ,Мой ДОМ,Вклад,2312,https://bankiros.ru/bank/roscap/deposits/moj-dom-5,Нет,Нет,Есть,2025-07-01
4209,1100,9999,30000.0,999999.0,15.3,Банк ДОМ.РФ,Мой ДОМ,Вклад,2312,https://bankiros.ru/bank/roscap/deposits/moj-dom-5,Нет,Нет,Есть,2025-07-01
4210,1100,9999,1000000.0,15000000.0,14.8,Банк ДОМ.РФ,Мой ДОМ,Вклад,2312,https://bankiros.ru/bank/roscap/deposits/moj-dom-5,Нет,Нет,Есть,2025-07-01
4211,120,179,100000.0,999999999.0,19.0,Кузнецкбизнесбанк,Самое время,Вклад,1158,https://bankiros.ru/bank/kuznetskbb/deposits/samoe-vrema,Нет,Нет,Есть,2025-07-01
4212,180,9999,100000.0,999999999.0,18.0,Кузнецкбизнесбанк,Самое время,Вклад,1158,https://bankiros.ru/bank/kuznetskbb/deposits/samoe-vrema,Нет,Нет,Есть,2025-07-01
4213,1,30,50000.0,999999999.0,19.0,Кузнецкбизнесбанк,Время открытий плюс,Вклад,1158,https://bankiros.ru/bank/kuznetskbb/deposits/vrema-otkrytij-plus,Нет,Нет,Есть,2025-07-01
4214,31,60,50000.0,999999999.0,18.0,Кузнецкбизнесбанк,Время открытий плюс,Вклад,1158,https://bankiros.ru/bank/kuznetskbb/deposits/vrema-otkrytij-plus,Нет,Нет,Есть,2025-07-01
4215,61,90,50000.0,999999999.0,17.0,Кузнецкбизнесбанк,Время открытий плюс,Вклад,1158,https://bankiros.ru/bank/kuznetskbb/deposits/vrema-otkrytij-plus,Нет,Нет,Есть,2025-07-01
4216,91,120,50000.0,999999999.0,16.0,Кузнецкбизнесбанк,Время открытий плюс,Вклад,1158,https://bankiros.ru/bank/kuznetskbb/deposits/vrema-otkrytij-plus,Нет,Нет,Есть,2025-07-01
4217,1,9999,50000.0,999999999.0,16.0,Кузнецкбизнесбанк,Накопительный счет,Накопительный счет,1158,https://bankiros.ru/bank/kuznetskbb/deposits/nakopitelnyj-scet-130,Есть,Есть,Нет,2025-07-01
4218,62,91,30000.0,999999999.0,29.62,Альфа-Банк,Альфа-Вклад с программой долгосрочных сбережений,Вклад,1326,https://bankiros.ru/bank/alfabank/deposits/alfa-vklad-15,Нет,Нет,Нет,2025-07-01
4219,92,183,30000.0,999999999.0,24.5,Альфа-Банк,Альфа-Вклад с программой долгосрочных сбережений,Вклад,1326,https://bankiros.ru/bank/alfabank/deposits/alfa-vklad-15,Нет,Нет,Нет,2025-07-01
4220,184,364,30000.0,999999999.0,21.97,Альфа-Банк,Альфа-Вклад с программой долгосрочных сбережений,Вклад,1326,https://bankiros.ru/bank/alfabank/deposits/alfa-vklad-15,Нет,Нет,Нет,2025-07-01
4221,365,9999,30000.0,999999999.0,18.37,Альфа-Банк,Альфа-Вклад с программой долгосрочных сбережений,Вклад,1326,https://bankiros.ru/bank/alfabank/deposits/alfa-vklad-15,Нет,Нет,Нет,2025-07-01
4222,1,61,1.0,1500000.0,20.0,Альфа-Банк,Накопительный Альфа-Счет,Накопительный счет,1326,https://bankiros.ru/bank/alfabank/deposits/alfa-schet,Есть,Есть,Нет,2025-07-01
4223,1,61,1500010.0,999999999.0,16.0,Альфа-Банк,Накопительный Альфа-Счет,Накопительный счет,1326,https://bankiros.ru/bank/alfabank/deposits/alfa-schet,Есть,Есть,Нет,2025-07-01
4224,62,9999,1.0,1500000.0,4.0,Альфа-Банк,Накопительный Альфа-Счет,Накопительный счет,1326,https://bankiros.ru/bank/alfabank/deposits/alfa-schet,Есть,Есть,Нет,2025-07-01
4225,62,9999,1500010.0,999999999.0,4.0,Альфа-Банк,Накопительный Альфа-Счет,Накопительный счет,1326,https://bankiros.ru/bank/alfabank/deposits/alfa-schet,Есть,Есть,Нет,2025-07-01
4226,1,9999,1.0,30000000.0,20.0,Альфа-Банк,Накопительный Альфа-Счет онлайн,Накопительный счет,1326,https://bankiros.ru/bank/alfabank/deposits/nakopitelnyj-alfa-scet,Есть,Есть,Нет,2025-07-01
4227,62,91,10000.0,19999999.0,10.95,Альфа-Банк,Альфа-Вклад А-Клуб,Вклад,1326,https://bankiros.ru/bank/alfabank/deposits/alfa-vklad,Нет,Нет,Нет,2025-07-01
4228,62,91,20000000.0,999999999.0,10.9,Альфа-Банк,Альфа-Вклад А-Клуб,Вклад,1326,https://bankiros.ru/bank/alfabank/deposits/alfa-vklad,Нет,Нет,Нет,2025-07-01
4229,92,122,10000.0,19999999.0,10.85,Альфа-Банк,Альфа-Вклад А-Клуб,Вклад,1326,https://bankiros.ru/bank/alfabank/deposits/alfa-vklad,Нет,Нет,Нет,2025-07-01
4230,92,122,20000000.0,999999999.0,10.76,Альфа-Банк,Альфа-Вклад А-Клуб,Вклад,1326,https://bankiros.ru/bank/alfabank/deposits/alfa-vklad,Нет,Нет,Нет,2025-07-01
4231,123,183,10000.0,19999999.0,10.62,Альфа-Банк,Альфа-Вклад А-Клуб,Вклад,1326,https://bankiros.ru/bank/alfabank/deposits/alfa-vklad,Нет,Нет,Нет,2025-07-01
4232,123,183,20000000.0,999999999.0,10.48,Альфа-Банк,Альфа-Вклад А-Клуб,Вклад,1326,https://bankiros.ru/bank/alfabank/deposits/alfa-vklad,Нет,Нет,Нет,2025-07-01
4233,184,275,10000.0,19999999.0,10.23,Альфа-Банк,Альфа-Вклад А-Клуб,Вклад,1326,https://bankiros.ru/bank/alfabank/deposits/alfa-vklad,Нет,Нет,Нет,2025-07-01
4234,184,275,20000000.0,999999999.0,9.98,Альфа-Банк,Альфа-Вклад А-Клуб,Вклад,1326,https://bankiros.ru/bank/alfabank/deposits/alfa-vklad,Нет,Нет,Нет,2025-07-01
4235,276,364,10000.0,19999999.0,9.54,Альфа-Банк,Альфа-Вклад А-Клуб,Вклад,1326,https://bankiros.ru/bank/alfabank/deposits/alfa-vklad,Нет,Нет,Нет,2025-07-01
4236,276,364,20000000.0,999999999.0,17.87,Альфа-Банк,Альфа-Вклад А-Клуб,Вклад,1326,https://bankiros.ru/bank/alfabank/deposits/alfa-vklad,Нет,Нет,Нет,2025-07-01
4237,365,549,10000.0,19999999.0,18.03,Альфа-Банк,Альфа-Вклад А-Клуб,Вклад,1326,https://bankiros.ru/bank/alfabank/deposits/alfa-vklad,Нет,Нет,Нет,2025-07-01
4238,365,549,20000000.0,999999999.0,18.09,Альфа-Банк,Альфа-Вклад А-Клуб,Вклад,1326,https://bankiros.ru/bank/alfabank/deposits/alfa-vklad,Нет,Нет,Нет,2025-07-01
4239,550,729,10000.0,19999999.0,17.83,Альфа-Банк,Альфа-Вклад А-Клуб,Вклад,1326,https://bankiros.ru/bank/alfabank/deposits/alfa-vklad,Нет,Нет,Нет,2025-07-01
4240,550,729,20000000.0,999999999.0,17.27,Альфа-Банк,Альфа-Вклад А-Клуб,Вклад,1326,https://bankiros.ru/bank/alfabank/deposits/alfa-vklad,Нет,Нет,Нет,2025-07-01
4241,730,1094,10000.0,19999999.0,16.67,Альфа-Банк,Альфа-Вклад А-Клуб,Вклад,1326,https://bankiros.ru/bank/alfabank/deposits/alfa-vklad,Нет,Нет,Нет,2025-07-01
4242,730,1094,20000000.0,999999999.0,13.61,Альфа-Банк,Альфа-Вклад А-Клуб,Вклад,1326,https://bankiros.ru/bank/alfabank/deposits/alfa-vklad,Нет,Нет,Нет,2025-07-01
4243,1095,9999,10000.0,19999999.0,13.19,Альфа-Банк,Альфа-Вклад А-Клуб,Вклад,1326,https://bankiros.ru/bank/alfabank/deposits/alfa-vklad,Нет,Нет,Нет,2025-07-01
4244,1095,9999,20000000.0,999999999.0,12.45,Альфа-Банк,Альфа-Вклад А-Клуб,Вклад,1326,https://bankiros.ru/bank/alfabank/deposits/alfa-vklad,Нет,Нет,Нет,2025-07-01
4245,123,9999,50000.0,1000000.0,17.9,Альфа-Банк,Альфа-Вклад Максимальный,Вклад,1326,https://bankiros.ru/bank/alfabank/deposits/alfa-vklad-3,Нет,Нет,Нет,2025-07-01
4246,92,122,50000.0,999999999.0,17.74,Альфа-Банк,Альфа-Вклад новые деньги,Вклад,1326,https://bankiros.ru/bank/alfabank/deposits/alfa-vklad-13,Нет,Нет,Нет,2025-07-01
4247,123,183,50000.0,999999999.0,17.7,Альфа-Банк,Альфа-Вклад новые деньги,Вклад,1326,https://bankiros.ru/bank/alfabank/deposits/alfa-vklad-13,Нет,Нет,Нет,2025-07-01
4248,184,275,50000.0,999999999.0,17.36,Альфа-Банк,Альфа-Вклад новые деньги,Вклад,1326,https://bankiros.ru/bank/alfabank/deposits/alfa-vklad-13,Нет,Нет,Нет,2025-07-01
4249,276,364,50000.0,999999999.0,16.56,Альфа-Банк,Альфа-Вклад новые деньги,Вклад,1326,https://bankiros.ru/bank/alfabank/deposits/alfa-vklad-13,Нет,Нет,Нет,2025-07-01
4250,365,549,50000.0,999999999.0,16.24,Альфа-Банк,Альфа-Вклад новые деньги,Вклад,1326,https://bankiros.ru/bank/alfabank/deposits/alfa-vklad-13,Нет,Нет,Нет,2025-07-01
4251,550,729,50000.0,999999999.0,12.78,Альфа-Банк,Альфа-Вклад новые деньги,Вклад,1326,https://bankiros.ru/bank/alfabank/deposits/alfa-vklad-13,Нет,Нет,Нет,2025-07-01
4252,730,1094,50000.0,999999999.0,12.41,Альфа-Банк,Альфа-Вклад новые деньги,Вклад,1326,https://bankiros.ru/bank/alfabank/deposits/alfa-vklad-13,Нет,Нет,Нет,2025-07-01
4253,1095,9999,50000.0,999999999.0,11.75,Альфа-Банк,Альфа-Вклад новые деньги,Вклад,1326,https://bankiros.ru/bank/alfabank/deposits/alfa-vklad-13,Нет,Нет,Нет,2025-07-01
4254,123,183,10000.0,999999999.0,17.61,Альфа-Банк,Альфа-Вклад Пенсионный,Вклад,1326,https://bankiros.ru/bank/alfabank/deposits/alfa-vklad-pensionnyj,Нет,Нет,Есть,2025-07-01
4255,184,364,10000.0,999999999.0,16.99,Альфа-Банк,Альфа-Вклад Пенсионный,Вклад,1326,https://bankiros.ru/bank/alfabank/deposits/alfa-vklad-pensionnyj,Нет,Нет,Есть,2025-07-01
4256,365,729,10000.0,999999999.0,15.89,Альфа-Банк,Альфа-Вклад Пенсионный,Вклад,1326,https://bankiros.ru/bank/alfabank/deposits/alfa-vklad-pensionnyj,Нет,Нет,Есть,2025-07-01
4257,730,1094,10000.0,999999999.0,11.69,Альфа-Банк,Альфа-Вклад Пенсионный,Вклад,1326,https://bankiros.ru/bank/alfabank/deposits/alfa-vklad-pensionnyj,Нет,Нет,Есть,2025-07-01
4258,1095,9999,10000.0,999999999.0,11.1,Альфа-Банк,Альфа-Вклад Пенсионный,Вклад,1326,https://bankiros.ru/bank/alfabank/deposits/alfa-vklad-pensionnyj,Нет,Нет,Есть,2025-07-01
4259,92,183,300000.0,15000000.0,17.06,Альфа-Банк,Альфа-Вклад А-Клуб (с пополнением),Вклад,1326,https://bankiros.ru/bank/alfabank/deposits/alfa-vklad-s-popolneniem,Есть,Нет,Нет,2025-07-01
4260,92,183,5000000.0,200000000.0,15.49,Альфа-Банк,Альфа-Вклад А-Клуб (с пополнением),Вклад,1326,https://bankiros.ru/bank/alfabank/deposits/alfa-vklad-s-popolneniem,Есть,Нет,Нет,2025-07-01
4261,184,275,300000.0,15000000.0,13.39,Альфа-Банк,Альфа-Вклад А-Клуб (с пополнением),Вклад,1326,https://bankiros.ru/bank/alfabank/deposits/alfa-vklad-s-popolneniem,Есть,Нет,Нет,2025-07-01
4262,184,275,5000000.0,200000000.0,11.3,Альфа-Банк,Альфа-Вклад А-Клуб (с пополнением),Вклад,1326,https://bankiros.ru/bank/alfabank/deposits/alfa-vklad-s-popolneniem,Есть,Нет,Нет,2025-07-01
4263,276,364,300000.0,15000000.0,17.06,Альфа-Банк,Альфа-Вклад А-Клуб (с пополнением),Вклад,1326,https://bankiros.ru/bank/alfabank/deposits/alfa-vklad-s-popolneniem,Есть,Нет,Нет,2025-07-01
4264,276,364,5000000.0,200000000.0,15.49,Альфа-Банк,Альфа-Вклад А-Клуб (с пополнением),Вклад,1326,https://bankiros.ru/bank/alfabank/deposits/alfa-vklad-s-popolneniem,Есть,Нет,Нет,2025-07-01
4265,365,9999,300000.0,15000000.0,13.39,Альфа-Банк,Альфа-Вклад А-Клуб (с пополнением),Вклад,1326,https://bankiros.ru/bank/alfabank/deposits/alfa-vklad-s-popolneniem,Есть,Нет,Нет,2025-07-01
4266,365,9999,5000000.0,200000000.0,11.3,Альфа-Банк,Альфа-Вклад А-Клуб (с пополнением),Вклад,1326,https://bankiros.ru/bank/alfabank/deposits/alfa-vklad-s-popolneniem,Есть,Нет,Нет,2025-07-01
4267,92,183,300000.0,15000000.0,16.96,Альфа-Банк,Альфа-Вклад А-Клуб (с пополнением и снятием),Вклад,1326,https://bankiros.ru/bank/alfabank/deposits/alfa-vklad-s-popolneniem-i-snatiem,Есть,Есть,Нет,2025-07-01
4268,92,183,5000000.0,200000000.0,15.3,Альфа-Банк,Альфа-Вклад А-Клуб (с пополнением и снятием),Вклад,1326,https://bankiros.ru/bank/alfabank/deposits/alfa-vklad-s-popolneniem-i-snatiem,Есть,Есть,Нет,2025-07-01
4269,184,275,300000.0,15000000.0,13.39,Альфа-Банк,Альфа-Вклад А-Клуб (с пополнением и снятием),Вклад,1326,https://bankiros.ru/bank/alfabank/deposits/alfa-vklad-s-popolneniem-i-snatiem,Есть,Есть,Нет,2025-07-01
4270,184,275,5000000.0,200000000.0,9.91,Альфа-Банк,Альфа-Вклад А-Клуб (с пополнением и снятием),Вклад,1326,https://bankiros.ru/bank/alfabank/deposits/alfa-vklad-s-popolneniem-i-snatiem,Есть,Есть,Нет,2025-07-01
4271,276,364,300000.0,15000000.0,16.96,Альфа-Банк,Альфа-Вклад А-Клуб (с пополнением и снятием),Вклад,1326,https://bankiros.ru/bank/alfabank/deposits/alfa-vklad-s-popolneniem-i-snatiem,Есть,Есть,Нет,2025-07-01
4272,276,364,5000000.0,200000000.0,15.3,Альфа-Банк,Альфа-Вклад А-Клуб (с пополнением и снятием),Вклад,1326,https://bankiros.ru/bank/alfabank/deposits/alfa-vklad-s-popolneniem-i-snatiem,Есть,Есть,Нет,2025-07-01
4273,365,9999,300000.0,15000000.0,13.39,Альфа-Банк,Альфа-Вклад А-Клуб (с пополнением и снятием),Вклад,1326,https://bankiros.ru/bank/alfabank/deposits/alfa-vklad-s-popolneniem-i-snatiem,Есть,Есть,Нет,2025-07-01
4274,365,9999,5000000.0,200000000.0,9.91,Альфа-Банк,Альфа-Вклад А-Клуб (с пополнением и снятием),Вклад,1326,https://bankiros.ru/bank/alfabank/deposits/alfa-vklad-s-popolneniem-i-snatiem,Есть,Есть,Нет,2025-07-01
4275,92,183,300000.0,15000000.0,16.28,Альфа-Банк,Альфа-Вклад (с пополнением),Вклад,1326,https://bankiros.ru/bank/alfabank/deposits/alfa-vklad-s-popolneniem-3,Есть,Нет,Нет,2025-07-01
4276,92,183,5000000.0,200000000.0,14.08,Альфа-Банк,Альфа-Вклад (с пополнением),Вклад,1326,https://bankiros.ru/bank/alfabank/deposits/alfa-vklad-s-popolneniem-3,Есть,Нет,Нет,2025-07-01
4277,184,275,300000.0,15000000.0,11.55,Альфа-Банк,Альфа-Вклад (с пополнением),Вклад,1326,https://bankiros.ru/bank/alfabank/deposits/alfa-vklad-s-popolneniem-3,Есть,Нет,Нет,2025-07-01
4278,184,275,5000000.0,200000000.0,9.57,Альфа-Банк,Альфа-Вклад (с пополнением),Вклад,1326,https://bankiros.ru/bank/alfabank/deposits/alfa-vklad-s-popolneniem-3,Есть,Нет,Нет,2025-07-01
4279,276,364,300000.0,15000000.0,16.28,Альфа-Банк,Альфа-Вклад (с пополнением),Вклад,1326,https://bankiros.ru/bank/alfabank/deposits/alfa-vklad-s-popolneniem-3,Есть,Нет,Нет,2025-07-01
4280,276,364,5000000.0,200000000.0,14.08,Альфа-Банк,Альфа-Вклад (с пополнением),Вклад,1326,https://bankiros.ru/bank/alfabank/deposits/alfa-vklad-s-popolneniem-3,Есть,Нет,Нет,2025-07-01
4281,365,9999,300000.0,15000000.0,11.55,Альфа-Банк,Альфа-Вклад (с пополнением),Вклад,1326,https://bankiros.ru/bank/alfabank/deposits/alfa-vklad-s-popolneniem-3,Есть,Нет,Нет,2025-07-01
4282,365,9999,5000000.0,200000000.0,9.57,Альфа-Банк,Альфа-Вклад (с пополнением),Вклад,1326,https://bankiros.ru/bank/alfabank/deposits/alfa-vklad-s-popolneniem-3,Есть,Нет,Нет,2025-07-01
4283,92,183,300000.0,15000000.0,15.79,Альфа-Банк,Альфа-Вклад (с пополнением и снятием),Вклад,1326,https://bankiros.ru/bank/alfabank/deposits/alfa-vklad-s-popolneniem-i-snatiem-3,Есть,Есть,Нет,2025-07-01
4284,92,183,5000000.0,200000000.0,14.08,Альфа-Банк,Альфа-Вклад (с пополнением и снятием),Вклад,1326,https://bankiros.ru/bank/alfabank/deposits/alfa-vklad-s-popolneniem-i-snatiem-3,Есть,Есть,Нет,2025-07-01
4285,184,275,300000.0,15000000.0,12.01,Альфа-Банк,Альфа-Вклад (с пополнением и снятием),Вклад,1326,https://bankiros.ru/bank/alfabank/deposits/alfa-vklad-s-popolneniem-i-snatiem-3,Есть,Есть,Нет,2025-07-01
4286,184,275,5000000.0,200000000.0,9.57,Альфа-Банк,Альфа-Вклад (с пополнением и снятием),Вклад,1326,https://bankiros.ru/bank/alfabank/deposits/alfa-vklad-s-popolneniem-i-snatiem-3,Есть,Есть,Нет,2025-07-01
4287,276,364,300000.0,15000000.0,15.79,Альфа-Банк,Альфа-Вклад (с пополнением и снятием),Вклад,1326,https://bankiros.ru/bank/alfabank/deposits/alfa-vklad-s-popolneniem-i-snatiem-3,Есть,Есть,Нет,2025-07-01
4288,276,364,5000000.0,200000000.0,14.08,Альфа-Банк,Альфа-Вклад (с пополнением и снятием),Вклад,1326,https://bankiros.ru/bank/alfabank/deposits/alfa-vklad-s-popolneniem-i-snatiem-3,Есть,Есть,Нет,2025-07-01
4289,365,9999,300000.0,15000000.0,12.01,Альфа-Банк,Альфа-Вклад (с пополнением и снятием),Вклад,1326,https://bankiros.ru/bank/alfabank/deposits/alfa-vklad-s-popolneniem-i-snatiem-3,Есть,Есть,Нет,2025-07-01
4290,365,9999,5000000.0,200000000.0,9.57,Альфа-Банк,Альфа-Вклад (с пополнением и снятием),Вклад,1326,https://bankiros.ru/bank/alfabank/deposits/alfa-vklad-s-popolneniem-i-snatiem-3,Есть,Есть,Нет,2025-07-01
4291,181,9999,10000.0,100000000.0,25.0,Credit.Club,Сбережения c гарантией выплат и доходностью,Вклад,нет регномера,https://bankiros.ru/bank/credit-club/deposits/sberezenia-c-garantiej-vyplat-i-dohodnostu,Есть,Есть,Нет,2025-07-01
4292,181,9999,10000.0,100000000.0,25.0,Credit.Club,Сбережения c гарантией выплат и доходностью,Вклад,нет регномера,https://bankiros.ru/bank/credit-club/deposits/sberezenia-c-garantiej-vyplat-i-dohodnostu-1,Есть,Есть,Нет,2025-07-01
